path,size_bytes,result,total_ms,parse_ms,thumb_ms,commit_ms,zip_opens,queries,commits
L:\Comic Archives\#\Series\'68 Homefront [2014]\'68 Homefront #1 (2014).cbz,49973364,new,5811.843,5426.625,301.153,29.917,4,14,1
L:\Comic Archives\#\Series\'68 Homefront [2014]\'68 Homefront #2 (2014).cbz,56978258,new,385.701,112.992,188.85,29.031,4,12,1
L:\Comic Archives\#\Series\'68 Homefront [2014]\'68 Homefront #3 (2014).cbz,43340630,new,375.486,79.563,248.435,43.202,4,12,1
L:\Comic Archives\#\Series\'68 Homefront [2014]\'68 Homefront #4 (2014).cbz,44626914,new,323.998,71.241,216.872,31.303,4,12,1
L:\Comic Archives\#\Series\2000 AD - Judge Dredd - Day of Chaos (2013)\Judge Dredd - Day of Chaos #1 The Fourth Faction (2013).cbz,142033514,new,226.756,28.203,145.784,21.377,4,34,1
L:\Comic Archives\#\Series\2000 AD - Judge Dredd - Day of Chaos (2013)\Judge Dredd - Day of Chaos #2 Endgame (2013).cbz,165330346,new,266.54,29.907,164.754,31.993,4,60,1
L:\Comic Archives\#\Series\2000 AD - Judge Dredd - Day of Chaos (2013)\Judge Dredd - Day of Chaos #3 Fallout (2014).cbz,201371121,new,296.077,25.147,197.084,31.606,4,115,1
L:\Comic Archives\#\Series\2000 AD - Judge Dredd Megazines\Judge Dredd - Megazine #340 (2013).cbz,92570886,new,200.424,82.154,73.873,29.473,4,19,1
L:\Comic Archives\#\Series\2000 AD - Judge Dredd Megazines\Judge Dredd - Megazine #341 (2013).cbz,75827377,new,129.028,44.078,51.386,28.223,4,16,1
L:\Comic Archives\#\Series\2000 AD - Judge Dredd Megazines\Judge Dredd - Megazine #342 (2013).cbz,81626987,new,134.283,36.289,59.842,32.078,4,18,1
L:\Comic Archives\#\Series\2000 AD - Judge Dredd Megazines\Judge Dredd - Megazine #484 (2025).cbz,369811382,new,461.866,47.442,347.174,59.392,4,20,1
L:\Comic Archives\#\Series\2000 AD - Judge Dredd Megazines\Judge Dredd Megazine #453 (2023).cbz,143063002,new,197.289,61.657,103.054,24.756,4,19,1
L:\Comic Archives\#\Series\2000 AD - Judge Dredd Megazines\Judge Dredd Megazine #491 (2026).cbz,364517003,new,373.122,39.671,269.692,37.607,4,37,1
L:\Comic Archives\#\Series\2000 AD - Judge Dredd Megazines\Judge Dredd Megazine #493 (2026).cbz,745198617,new,1049.962,68.0,932.985,30.29,4,55,1
L:\Comic Archives\#\Series\2000 AD - Judge Dredd Megazines\Judge Dredd Megazine #494 (2026).cbz,738949391,new,999.741,66.122,890.582,25.332,4,55,1
L:\Comic Archives\#\Series\2000 AD - Sci-Fi Specials\2000AD Sci-Fi Special (2014).cbz,36412585,new,198.144,38.187,71.04,31.012,4,77,1
L:\Comic Archives\#\Series\2000 AD - Sci-Fi Specials\2000AD Sci-Fi Special (2016).cbz,71275559,new,232.848,27.37,154.381,35.537,4,46,1
L:\Comic Archives\#\Series\2000 AD - Sci-Fi Specials\2000AD Sci-Fi Special (2018).cbz,101979075,new,254.369,40.666,155.629,28.499,4,90,1
L:\Comic Archives\#\Series\2000 AD - Sci-Fi Specials\2000AD Sci-Fi Special (2019).cbz,108032400,new,232.495,37.758,147.49,30.806,4,49,1
L:\Comic Archives\#\Series\2000 AD - Sci-Fi Specials\2000AD Sci-Fi Special (2020).cbz,28645547,new,235.23,40.168,123.819,42.555,4,90,1
L:\Comic Archives\#\Series\2000 AD - Sci-Fi Specials\2000AD Sci-Fi Special (2021).cbz,16243833,new,251.944,71.974,102.138,45.829,4,67,1
L:\Comic Archives\#\Series\2000 AD - Sci-Fi Specials\2000AD Sci-Fi Special (2022).cbz,66978787,new,231.467,45.564,132.787,32.234,4,44,1
L:\Comic Archives\#\Series\2000 AD - Sci-Fi Specials\2000AD Sci-Fi Special (2024).cbz,66962805,new,197.734,32.369,106.188,44.498,4,50,1
L:\Comic Archives\#\Series\2000 AD - Sci-Fi Specials\2000AD Sci-Fi Special (2025).cbz,208473733,new,480.657,42.451,366.455,45.799,4,49,1
L:\Comic Archives\#\Series\2000 AD Year Books (1992-1995)\2000AD Annual 1992 Yearbook.cbz,48202775,new,130.557,44.607,22.251,38.745,4,46,1
L:\Comic Archives\#\Series\2000 AD Year Books (1992-1995)\2000AD Annual 1993 Yearbook.cbz,71731293,new,313.413,49.568,204.408,34.799,4,56,1
L:\Comic Archives\#\Series\2000 AD Year Books (1992-1995)\2000AD Annual 1994 Yearbook.cbz,58931089,new,311.044,69.654,200.81,20.373,4,62,1
L:\Comic Archives\#\Series\2000 AD Year Books (1992-1995)\2000AD Annual 1995 Yearbook.cbz,40859473,new,448.993,91.222,306.684,40.56,4,35,1
L:\Comic Archives\#\Series\2000 AD\2000 AD - 1977\2000AD #001 (1977).cbz,21674647,new,198.477,65.961,59.361,52.447,4,33,1
L:\Comic Archives\#\Series\2000 AD\2000 AD - 1977\2000AD #002 (1977).cbz,18179666,new,215.731,42.302,115.66,45.901,4,40,1
L:\Comic Archives\#\Series\2000 AD\2000 AD - 1977\2000AD #003 (1977).cbz,18864076,new,168.068,60.071,61.816,31.039,4,32,1
L:\Comic Archives\#\Series\2000 AD\2000 AD - 1977\2000AD #004 (1977).cbz,18641148,new,129.454,29.957,57.042,31.934,4,36,1
L:\Comic Archives\#\Series\2000 AD\2000 AD - 1977\2000AD #005 (1977).cbz,17631184,new,157.428,52.137,51.244,33.278,4,38,1
L:\Comic Archives\#\Series\2000 AD\2000 AD - 1977\2000AD #006 (1977).cbz,18265922,new,156.845,53.118,58.56,28.605,4,33,1
L:\Comic Archives\#\Series\2000 AD\2000 AD - 1977\2000AD #007 (1977).cbz,18635325,new,164.335,56.44,66.598,31.909,4,28,1
L:\Comic Archives\#\Series\2000 AD\2000 AD - 1977\2000AD #008 (1977).cbz,18455476,new,131.716,37.458,51.391,34.347,4,33,1
L:\Comic Archives\#\Series\2000 AD\2000 AD - 1977\2000AD #009 (1977).cbz,18886433,new,148.936,51.7,53.352,33.531,4,31,1
L:\Comic Archives\#\Series\2000 AD\2000 AD - 1977\2000AD #010 (1977).cbz,19511049,new,115.349,35.632,42.086,29.077,4,34,1
L:\Comic Archives\#\Series\2000 AD\2000 AD - 1977\2000AD #011 (1977).cbz,18576321,new,149.982,61.562,57.579,17.537,4,32,1
L:\Comic Archives\#\Series\2000 AD\2000 AD - 1977\2000AD #012 (1977).cbz,18081288,new,155.751,41.945,54.741,42.308,4,33,1
L:\Comic Archives\#\Series\2000 AD\2000 AD - 1977\2000AD #013 (1977).cbz,18935726,new,148.409,61.05,42.61,30.069,4,34,1
L:\Comic Archives\#\Series\2000 AD\2000 AD - 1977\2000AD #014 (1977).cbz,26760399,new,181.44,48.241,67.695,55.116,4,31,1
L:\Comic Archives\#\Series\2000 AD\2000 AD - 1977\2000AD #015 (1977).cbz,22260926,new,164.89,40.548,62.878,51.826,4,35,1
L:\Comic Archives\#\Series\2000 AD\2000 AD - 1977\2000AD #016 (1977).cbz,21691443,new,170.989,46.415,60.001,46.812,4,39,1
L:\Comic Archives\#\Series\2000 AD\2000 AD - 1977\2000AD #017 (1977).cbz,21422983,new,159.543,59.249,61.752,27.436,4,32,1
L:\Comic Archives\#\Series\2000 AD\2000 AD - 1977\2000AD #018 (1977).cbz,20787539,new,233.413,38.305,58.103,128.808,4,32,1
L:\Comic Archives\#\Series\2000 AD\2000 AD - 1977\2000AD #019 (1977).cbz,21112537,new,212.34,68.595,74.345,49.892,4,33,1
L:\Comic Archives\#\Series\2000 AD\2000 AD - 1977\2000AD #020 (1977).cbz,20492488,new,169.949,53.109,68.443,33.551,4,38,1
L:\Comic Archives\#\Series\2000 AD\2000 AD - 1977\2000AD #021 (1977).cbz,20559761,new,201.569,64.402,95.29,26.526,4,33,1
L:\Comic Archives\#\Series\2000 AD\2000 AD - 1977\2000AD #022 (1977).cbz,20755010,new,173.752,63.084,58.407,36.512,4,30,1
L:\Comic Archives\#\Series\2000 AD\2000 AD - 1977\2000AD #023 (1977).cbz,21462810,new,168.441,51.334,71.699,34.085,4,30,1
L:\Comic Archives\#\Series\2000 AD\2000 AD - 1977\2000AD #024 (1977).cbz,15858387,new,171.355,56.1,77.887,26.346,4,30,1
L:\Comic Archives\#\Series\2000 AD\2000 AD - 1977\2000AD #025 (1977).cbz,16472943,new,148.799,46.701,57.775,25.875,4,31,1
L:\Comic Archives\#\Series\2000 AD\2000 AD - 1977\2000AD #026 (1977).cbz,15316340,new,131.179,36.799,44.075,41.508,4,31,1
L:\Comic Archives\#\Series\2000 AD\2000 AD - 1977\2000AD #027 (1977).cbz,14699457,new,113.67,38.832,40.94,26.096,4,29,1
L:\Comic Archives\#\Series\2000 AD\2000 AD - 1977\2000AD #028 (1977).cbz,20436160,new,163.073,55.906,57.502,41.255,4,30,1
L:\Comic Archives\#\Series\2000 AD\2000 AD - 1977\2000AD #029 (1977).cbz,18346854,new,158.359,53.866,59.218,35.908,4,28,1
L:\Comic Archives\#\Series\2000 AD\2000 AD - 1977\2000AD #030 (1977).cbz,18062439,new,145.404,51.636,55.172,25.552,4,25,1
L:\Comic Archives\#\Series\2000 AD\2000 AD - 1977\2000AD #031 (1977).cbz,17834671,new,148.871,49.413,50.406,35.03,4,26,1
L:\Comic Archives\#\Series\2000 AD\2000 AD - 1977\2000AD #032 (1977).cbz,17975451,new,163.491,67.929,54.209,26.988,4,28,1
L:\Comic Archives\#\Series\2000 AD\2000 AD - 1977\2000AD #033 (1977).cbz,18032471,new,128.726,38.054,55.205,28.096,4,28,1
L:\Comic Archives\#\Series\2000 AD\2000 AD - 1977\2000AD #034 (1977).cbz,17394969,new,89.374,29.944,20.135,29.775,4,33,1
L:\Comic Archives\#\Series\2000 AD\2000 AD - 1977\2000AD #035 (1977).cbz,16298887,new,182.481,62.358,53.289,52.845,4,30,1
L:\Comic Archives\#\Series\2000 AD\2000 AD - 1977\2000AD #036 (1977).cbz,17318689,new,163.609,55.465,55.406,40.144,4,37,1
L:\Comic Archives\#\Series\2000 AD\2000 AD - 1977\2000AD #037 (1977).cbz,17742743,new,147.315,48.744,52.352,35.528,4,36,1
L:\Comic Archives\#\Series\2000 AD\2000 AD - 1977\2000AD #038 (1977).cbz,17551776,new,174.294,41.449,68.066,43.379,4,34,1
L:\Comic Archives\#\Series\2000 AD\2000 AD - 1977\2000AD #039 (1977).cbz,16683787,new,130.103,54.232,43.875,24.886,4,26,1
L:\Comic Archives\#\Series\2000 AD\2000 AD - 1977\2000AD #040 (1977).cbz,16439443,new,149.569,52.455,45.714,38.535,4,34,1
L:\Comic Archives\#\Series\2000 AD\2000 AD - 1977\2000AD #041 (1977).cbz,15756032,new,170.15,69.258,54.201,32.885,4,36,1
L:\Comic Archives\#\Series\2000 AD\2000 AD - 1977\2000AD #042 (1977).cbz,14860318,new,156.611,47.487,49.17,44.521,4,37,1
L:\Comic Archives\#\Series\2000 AD\2000 AD - 1977\2000AD #043 (1977).cbz,14943580,new,157.171,45.171,56.936,43.953,4,30,1
L:\Comic Archives\#\Series\2000 AD\2000 AD - 1977\2000AD #044 (1977).cbz,15637610,new,171.704,66.592,57.205,28.185,4,30,1
L:\Comic Archives\#\Series\2000 AD\2000 AD - 1977\2000AD #045 (1977).cbz,14767303,new,140.755,48.501,41.193,34.31,4,34,1
L:\Comic Archives\#\Series\2000 AD\2000 AD - 1978\2000AD #046 (1978).cbz,14631874,new,123.407,31.347,51.407,32.432,4,32,1
L:\Comic Archives\#\Series\2000 AD\2000 AD - 1978\2000AD #047 (1978).cbz,14639931,new,157.505,68.773,42.374,31.067,4,35,1
L:\Comic Archives\#\Series\2000 AD\2000 AD - 1978\2000AD #048 (1978).cbz,14575055,new,166.643,65.612,45.786,39.844,4,35,1
L:\Comic Archives\#\Series\2000 AD\2000 AD - 1978\2000AD #049 (1978).cbz,14468365,new,132.157,32.035,42.366,48.941,4,34,1
L:\Comic Archives\#\Series\2000 AD\2000 AD - 1978\2000AD #050 (1978).cbz,15132352,new,198.009,82.463,65.78,33.674,4,40,1
L:\Comic Archives\#\Series\2000 AD\2000 AD - 1978\2000AD #051 (1978).cbz,14915341,new,171.566,53.836,48.819,56.169,4,35,1
L:\Comic Archives\#\Series\2000 AD\2000 AD - 1978\2000AD #052 (1978).cbz,21091488,new,140.654,31.563,60.242,40.418,4,31,1
L:\Comic Archives\#\Series\2000 AD\2000 AD - 1978\2000AD #053 (1978).cbz,20023533,new,180.639,54.854,61.01,41.368,4,38,1
L:\Comic Archives\#\Series\2000 AD\2000 AD - 1978\2000AD #054 (1978).cbz,21044392,new,184.171,54.572,63.805,44.768,4,43,1
L:\Comic Archives\#\Series\2000 AD\2000 AD - 1978\2000AD #055 (1978).cbz,20167880,new,165.309,65.94,56.766,29.347,4,38,1
L:\Comic Archives\#\Series\2000 AD\2000 AD - 1978\2000AD #056 (1978).cbz,10319120,new,112.349,26.77,47.475,28.777,4,38,1
L:\Comic Archives\#\Series\2000 AD\2000 AD - 1978\2000AD #057 (1978).cbz,10432703,new,110.711,33.842,47.731,20.578,4,34,1
L:\Comic Archives\#\Series\2000 AD\2000 AD - 1978\2000AD #058 (1978).cbz,10394501,new,170.837,47.747,68.261,28.845,4,38,1
L:\Comic Archives\#\Series\2000 AD\2000 AD - 1978\2000AD #059 (1978).cbz,10393723,new,139.251,53.032,44.688,28.56,4,40,1
L:\Comic Archives\#\Series\2000 AD\2000 AD - 1978\2000AD #060 (1978).cbz,10704113,new,151.92,55.415,42.293,32.008,4,39,1
L:\Comic Archives\#\Series\2000 AD\2000 AD - 1978\2000AD #061 (1978).cbz,18730999,new,173.36,61.542,59.756,38.26,4,31,1
L:\Comic Archives\#\Series\2000 AD\2000 AD - 1978\2000AD #062 (1978).cbz,10349237,new,231.911,50.867,55.685,114.785,4,28,1
L:\Comic Archives\#\Series\2000 AD\2000 AD - 1978\2000AD #063 (1978).cbz,10271862,new,228.948,70.973,81.272,62.199,4,28,1
L:\Comic Archives\#\Series\2000 AD\2000 AD - 1978\2000AD #064 (1978).cbz,10577023,new,137.888,45.412,57.66,23.883,4,28,1
L:\Comic Archives\#\Series\2000 AD\2000 AD - 1978\2000AD #065 (1978).cbz,10275299,new,115.37,30.221,45.242,29.806,4,35,1
L:\Comic Archives\#\Series\2000 AD\2000 AD - 1978\2000AD #066 (1978).cbz,10874250,new,154.179,52.723,43.178,38.572,4,38,1
L:\Comic Archives\#\Series\2000 AD\2000 AD - 1978\2000AD #067 (1978).cbz,10365864,new,147.931,52.486,58.063,27.758,4,32,1
L:\Comic Archives\#\Series\2000 AD\2000 AD - 1978\2000AD #068 (1978).cbz,10820459,new,140.084,43.27,40.586,47.646,4,34,1
L:\Comic Archives\#\Series\2000 AD\2000 AD - 1978\2000AD #069 (1978).cbz,10066026,new,232.759,85.156,74.075,59.431,4,33,1
L:\Comic Archives\#\Series\2000 AD\2000 AD - 1978\2000AD #070 (1978).cbz,10262324,new,143.727,35.729,41.995,36.058,4,40,1
L:\Comic Archives\#\Series\2000 AD\2000 AD - 1978\2000AD #071 (1978).cbz,10850533,new,157.769,45.468,48.983,53.852,4,36,1
L:\Comic Archives\#\Series\2000 AD\2000 AD - 1978\2000AD #072 (1978).cbz,10731766,new,136.28,39.761,51.541,30.172,4,36,1
L:\Comic Archives\#\Series\2000 AD\2000 AD - 1978\2000AD #073 (1978).cbz,10683548,new,149.302,27.036,55.802,51.983,4,37,1
L:\Comic Archives\#\Series\2000 AD\2000 AD - 1978\2000AD #074 (1978).cbz,10815842,new,139.892,40.207,50.642,38.357,4,39,1
L:\Comic Archives\#\Series\2000 AD\2000 AD - 1978\2000AD #075 (1978).cbz,9686554,new,190.222,72.383,55.413,46.769,4,34,1
L:\Comic Archives\#\Series\2000 AD\2000 AD - 1978\2000AD #076 (1978).cbz,9424229,new,107.162,32.992,41.373,24.289,4,32,1
L:\Comic Archives\#\Series\2000 AD\2000 AD - 1978\2000AD #077 (1978).cbz,9770045,new,115.537,31.398,42.831,30.617,4,33,1
L:\Comic Archives\#\Series\2000 AD\2000 AD - 1978\2000AD #078 (1978).cbz,9504597,new,127.778,37.799,39.899,41.932,4,28,1
L:\Comic Archives\#\Series\2000 AD\2000 AD - 1978\2000AD #079 (1978).cbz,9487473,new,147.327,59.37,44.328,28.215,4,29,1
L:\Comic Archives\#\Series\2000 AD\2000 AD - 1978\2000AD #080 (1978).cbz,9554312,new,121.496,39.882,40.04,33.82,4,30,1
L:\Comic Archives\#\Series\2000 AD\2000 AD - 1978\2000AD #081 (1978).cbz,10104681,new,131.825,42.818,40.75,39.38,4,36,1
L:\Comic Archives\#\Series\2000 AD\2000 AD - 1978\2000AD #082 (1978).cbz,10297384,new,173.905,60.457,46.048,48.407,4,41,1
L:\Comic Archives\#\Series\2000 AD\2000 AD - 1978\2000AD #083 (1978).cbz,10217470,new,140.357,46.596,43.906,38.763,4,33,1
L:\Comic Archives\#\Series\2000 AD\2000 AD - 1978\2000AD #084 (1978).cbz,10493663,new,162.422,55.575,57.296,32.876,4,34,1
L:\Comic Archives\#\Series\2000 AD\2000 AD - 1978\2000AD #085 (1978).cbz,10548537,new,149.191,51.694,43.538,38.477,4,38,1
L:\Comic Archives\#\Series\2000 AD\2000 AD - 1978\2000AD #086 (1978).cbz,29316632,new,148.533,30.896,78.023,33.37,4,22,1
L:\Comic Archives\#\Series\2000 AD\2000 AD - 1978\2000AD #087 (1978).cbz,33126817,new,248.602,75.958,121.52,41.31,4,22,1
L:\Comic Archives\#\Series\2000 AD\2000 AD - 1978\2000AD #088 (1978).cbz,27266790,new,226.84,70.599,101.339,32.227,4,28,1
L:\Comic Archives\#\Series\2000 AD\2000 AD - 1978\2000AD #089 (1978).cbz,26484256,new,180.777,61.501,76.045,32.121,4,30,1
L:\Comic Archives\#\Series\2000 AD\2000 AD - 1978\2000AD #090 (1978).cbz,10775732,new,139.423,58.54,40.745,23.043,4,33,1
L:\Comic Archives\#\Series\2000 AD\2000 AD - 1978\2000AD #091 (1978).cbz,10306646,new,112.078,33.604,51.248,20.267,4,26,1
L:\Comic Archives\#\Series\2000 AD\2000 AD - 1978\2000AD #092 (1978).cbz,10765723,new,159.219,58.68,44.788,44.201,4,29,1
L:\Comic Archives\#\Series\2000 AD\2000 AD - 1978\2000AD #093 (1978).cbz,11266356,new,188.332,74.515,60.094,37.83,4,26,1
L:\Comic Archives\#\Series\2000 AD\2000 AD - 1979\2000AD #094 (1979).cbz,11267312,new,156.165,54.729,47.691,43.488,4,26,1
L:\Comic Archives\#\Series\2000 AD\2000 AD - 1979\2000AD #095 (1979).cbz,24878781,new,148.188,64.283,50.385,24.319,4,30,1
L:\Comic Archives\#\Series\2000 AD\2000 AD - 1979\2000AD #096 (1979).cbz,21398179,new,141.462,33.992,53.82,45.923,4,30,1
L:\Comic Archives\#\Series\2000 AD\2000 AD - 1979\2000AD #097 (1979).cbz,23073876,new,147.319,35.189,63.89,37.351,4,31,1
L:\Comic Archives\#\Series\2000 AD\2000 AD - 1979\2000AD #098 (1979).cbz,22930624,new,188.366,60.436,62.068,31.932,4,30,1
L:\Comic Archives\#\Series\2000 AD\2000 AD - 1979\2000AD #099 (1979).cbz,26199340,new,206.773,85.7,60.705,47.969,4,24,1
L:\Comic Archives\#\Series\2000 AD\2000 AD - 1979\2000AD #100 (1979).cbz,26964702,new,148.8,45.599,55.01,38.37,4,20,1
L:\Comic Archives\#\Series\2000 AD\2000 AD - 1979\2000AD #101 (1979).cbz,25880920,new,213.121,64.408,86.657,49.546,4,24,1
L:\Comic Archives\#\Series\2000 AD\2000 AD - 1979\2000AD #102 (1979).cbz,28572538,new,202.279,74.103,63.317,32.957,4,26,1
L:\Comic Archives\#\Series\2000 AD\2000 AD - 1979\2000AD #103 (1979).cbz,28486471,new,254.857,57.664,72.679,114.431,4,26,1
L:\Comic Archives\#\Series\2000 AD\2000 AD - 1979\2000AD #104 (1979).cbz,26108665,new,176.932,56.481,54.696,46.672,4,29,1
L:\Comic Archives\#\Series\2000 AD\2000 AD - 1979\2000AD #105 (1979).cbz,25601601,new,202.063,68.49,66.871,47.883,4,30,1
L:\Comic Archives\#\Series\2000 AD\2000 AD - 1979\2000AD #106 (1979).cbz,25926030,new,134.785,45.444,57.931,23.936,4,28,1
L:\Comic Archives\#\Series\2000 AD\2000 AD - 1979\2000AD #107 (1979).cbz,25701923,new,181.226,56.294,85.711,29.068,4,30,1
L:\Comic Archives\#\Series\2000 AD\2000 AD - 1979\2000AD #108 (1979).cbz,25866488,new,155.075,53.108,56.821,31.671,4,29,1
L:\Comic Archives\#\Series\2000 AD\2000 AD - 1979\2000AD #109 (1979).cbz,25280147,new,141.161,19.538,61.442,37.735,4,30,1
L:\Comic Archives\#\Series\2000 AD\2000 AD - 1979\2000AD #110 (1979).cbz,25833139,new,180.974,62.05,58.877,31.413,4,28,1
L:\Comic Archives\#\Series\2000 AD\2000 AD - 1979\2000AD #111 (1979).cbz,26583229,new,132.073,33.393,56.024,35.332,4,28,1
L:\Comic Archives\#\Series\2000 AD\2000 AD - 1979\2000AD #112 (1979).cbz,27207349,new,197.834,49.807,96.356,43.215,4,28,1
L:\Comic Archives\#\Series\2000 AD\2000 AD - 1979\2000AD #113 (1979).cbz,26873299,new,179.536,60.722,67.768,35.471,4,32,1
L:\Comic Archives\#\Series\2000 AD\2000 AD - 1979\2000AD #114 (1979).cbz,26226778,new,207.261,54.263,66.522,46.268,4,33,1
L:\Comic Archives\#\Series\2000 AD\2000 AD - 1979\2000AD #115 (1979).cbz,14683609,new,172.248,56.582,55.299,46.971,4,30,1
L:\Comic Archives\#\Series\2000 AD\2000 AD - 1979\2000AD #116 (1979).cbz,25883377,new,198.32,68.959,72.154,46.753,4,28,1
L:\Comic Archives\#\Series\2000 AD\2000 AD - 1979\2000AD #117 (1979).cbz,13915951,new,188.656,70.197,55.138,52.25,4,26,1
L:\Comic Archives\#\Series\2000 AD\2000 AD - 1979\2000AD #118 (1979).cbz,25717763,new,210.761,69.306,56.68,51.72,4,22,1
L:\Comic Archives\#\Series\2000 AD\2000 AD - 1979\2000AD #119 (1979).cbz,15258926,new,236.873,71.619,122.373,32.548,4,34,1
L:\Comic Archives\#\Series\2000 AD\2000 AD - 1979\2000AD #120 (1979).cbz,15009581,new,164.243,62.247,47.105,40.493,4,32,1
L:\Comic Archives\#\Series\2000 AD\2000 AD - 1979\2000AD #121 (1979).cbz,14006628,new,137.607,57.114,44.136,24.017,4,30,1
L:\Comic Archives\#\Series\2000 AD\2000 AD - 1979\2000AD #122 (1979).cbz,14525663,new,216.306,55.25,63.569,49.841,4,30,1
L:\Comic Archives\#\Series\2000 AD\2000 AD - 1979\2000AD #123 (1979).cbz,25937175,new,154.561,43.443,62.157,37.146,4,35,1
L:\Comic Archives\#\Series\2000 AD\2000 AD - 1979\2000AD #124 (1979).cbz,26715430,new,172.917,50.164,61.234,48.793,4,30,1
L:\Comic Archives\#\Series\2000 AD\2000 AD - 1979\2000AD #125 (1979).cbz,25967137,new,141.436,37.858,55.598,40.155,4,30,1
L:\Comic Archives\#\Series\2000 AD\2000 AD - 1979\2000AD #126 (1979).cbz,26111741,new,188.052,66.4,54.192,37.297,4,30,1
L:\Comic Archives\#\Series\2000 AD\2000 AD - 1979\2000AD #127 (1979).cbz,27064199,new,164.85,53.554,56.147,43.507,4,35,1
L:\Comic Archives\#\Series\2000 AD\2000 AD - 1979\2000AD #128 (1979).cbz,29575864,new,181.862,44.568,79.176,34.724,4,32,1
L:\Comic Archives\#\Series\2000 AD\2000 AD - 1979\2000AD #129 (1979).cbz,29000495,new,173.517,63.632,59.847,36.114,4,30,1
L:\Comic Archives\#\Series\2000 AD\2000 AD - 1979\2000AD #130 (1979).cbz,30254537,new,276.058,54.096,152.755,38.055,4,28,1
L:\Comic Archives\#\Series\2000 AD\2000 AD - 1979\2000AD #131 (1979).cbz,15464699,new,202.027,116.192,42.065,33.35,4,28,1
L:\Comic Archives\#\Series\2000 AD\2000 AD - 1979\2000AD #132 (1979).cbz,29228065,new,133.538,40.506,62.459,20.182,4,28,1
L:\Comic Archives\#\Series\2000 AD\2000 AD - 1979\2000AD #133 (1979).cbz,29040664,new,136.465,34.68,60.152,32.267,4,33,1
L:\Comic Archives\#\Series\2000 AD\2000 AD - 1979\2000AD #134 (1979).cbz,15923611,new,267.914,75.496,124.555,37.588,4,28,1
L:\Comic Archives\#\Series\2000 AD\2000 AD - 1979\2000AD #135 (1979).cbz,17024441,new,237.597,61.757,127.675,34.536,4,32,1
L:\Comic Archives\#\Series\2000 AD\2000 AD - 1979\2000AD #136 (1979).cbz,22501229,new,173.41,67.121,61.182,31.836,4,30,1
L:\Comic Archives\#\Series\2000 AD\2000 AD - 1979\2000AD #137 (1979).cbz,21758481,new,182.205,62.289,70.774,34.84,4,30,1
L:\Comic Archives\#\Series\2000 AD\2000 AD - 1979\2000AD #138 (1979).cbz,22606108,new,189.901,53.011,74.872,34.262,4,28,1
L:\Comic Archives\#\Series\2000 AD\2000 AD - 1979\2000AD #139 (1979).cbz,21917652,new,172.582,54.717,61.28,45.569,4,30,1
L:\Comic Archives\#\Series\2000 AD\2000 AD - 1979\2000AD #140 (1979).cbz,37305850,new,198.653,66.441,80.531,38.614,4,36,1
L:\Comic Archives\#\Series\2000 AD\2000 AD - 1979\2000AD #141 (1979).cbz,11450546,new,226.431,37.001,43.044,135.973,4,39,1
L:\Comic Archives\#\Series\2000 AD\2000 AD - 1979\2000AD #142 (1979).cbz,20932979,new,247.673,64.51,91.602,64.706,4,28,1
L:\Comic Archives\#\Series\2000 AD\2000 AD - 1979\2000AD #143 (1979).cbz,11315476,new,156.776,51.052,47.522,41.157,4,34,1
L:\Comic Archives\#\Series\2000 AD\2000 AD - 1979\2000AD #144 (1979).cbz,11394023,new,172.953,69.021,53.673,45.997,4,8,1
L:\Comic Archives\#\Series\2000 AD\2000 AD - 1979\2000AD #145 (1979).cbz,23233716,new,193.135,70.833,69.866,40.047,4,34,1
L:\Comic Archives\#\Series\2000 AD\2000 AD - 1980\2000AD #146 (1980).cbz,21587707,new,147.904,37.911,64.085,38.062,4,30,1
L:\Comic Archives\#\Series\2000 AD\2000 AD - 1980\2000AD #147 (1980).cbz,21850465,new,166.552,55.049,62.702,36.95,4,32,1
L:\Comic Archives\#\Series\2000 AD\2000 AD - 1980\2000AD #148 (1980).cbz,23116183,new,179.798,72.963,59.501,34.258,4,35,1
L:\Comic Archives\#\Series\2000 AD\2000 AD - 1980\2000AD #149 (1980).cbz,16257744,new,204.558,72.604,61.575,37.015,4,38,1
L:\Comic Archives\#\Series\2000 AD\2000 AD - 1980\2000AD #150 (1980).cbz,15071721,new,172.37,63.169,62.641,34.862,4,32,1
L:\Comic Archives\#\Series\2000 AD\2000 AD - 1980\2000AD #151 (1980).cbz,31604316,new,216.269,74.145,88.49,38.389,4,32,1
L:\Comic Archives\#\Series\2000 AD\2000 AD - 1980\2000AD #152 (1980).cbz,33788892,new,206.343,65.675,79.655,51.024,4,28,1
L:\Comic Archives\#\Series\2000 AD\2000 AD - 1980\2000AD #153 (1980).cbz,15238720,new,213.046,54.818,98.971,37.706,4,28,1
L:\Comic Archives\#\Series\2000 AD\2000 AD - 1980\2000AD #154 (1980).cbz,14443332,new,188.898,69.487,64.1,40.477,4,26,1
L:\Comic Archives\#\Series\2000 AD\2000 AD - 1980\2000AD #155 (1980).cbz,12704212,new,180.576,73.96,62.098,31.219,4,28,1
L:\Comic Archives\#\Series\2000 AD\2000 AD - 1980\2000AD #156 (1980).cbz,14769897,new,152.655,50.365,54.52,35.64,4,29,1
L:\Comic Archives\#\Series\2000 AD\2000 AD - 1980\2000AD #157 (1980).cbz,13513090,new,183.429,58.572,57.022,45.152,4,32,1
L:\Comic Archives\#\Series\2000 AD\2000 AD - 1980\2000AD #158 (1980).cbz,12673454,new,171.064,53.61,67.136,33.182,4,28,1
L:\Comic Archives\#\Series\2000 AD\2000 AD - 1980\2000AD #159 (1980).cbz,12301034,new,179.409,49.558,100.229,21.706,4,28,1
L:\Comic Archives\#\Series\2000 AD\2000 AD - 1980\2000AD #160 (1980).cbz,12867880,new,143.814,33.5,63.232,39.681,4,28,1
L:\Comic Archives\#\Series\2000 AD\2000 AD - 1980\2000AD #161 (1980).cbz,13052063,new,192.519,72.6,65.154,23.968,4,28,1
L:\Comic Archives\#\Series\2000 AD\2000 AD - 1980\2000AD #162 (1980).cbz,12527670,new,134.913,28.996,66.952,31.119,4,30,1
L:\Comic Archives\#\Series\2000 AD\2000 AD - 1980\2000AD #163 (1980).cbz,12547647,new,214.629,56.291,102.788,36.244,4,28,1
L:\Comic Archives\#\Series\2000 AD\2000 AD - 1980\2000AD #164 (1980).cbz,12773458,new,171.103,51.892,61.323,47.478,4,28,1
L:\Comic Archives\#\Series\2000 AD\2000 AD - 1980\2000AD #165 (1980).cbz,12630782,new,196.467,68.437,59.906,31.636,4,28,1
L:\Comic Archives\#\Series\2000 AD\2000 AD - 1980\2000AD #166 (1980).cbz,13102219,new,157.122,46.34,62.749,32.239,4,30,1
L:\Comic Archives\#\Series\2000 AD\2000 AD - 1980\2000AD #167 (1980).cbz,12670977,new,173.583,63.676,65.665,31.897,4,26,1
L:\Comic Archives\#\Series\2000 AD\2000 AD - 1980\2000AD #168 (1980).cbz,12551041,new,159.874,58.118,65.174,27.883,4,28,1
L:\Comic Archives\#\Series\2000 AD\2000 AD - 1980\2000AD #169 (1980).cbz,12293622,new,240.33,59.407,102.552,50.216,4,28,1
L:\Comic Archives\#\Series\2000 AD\2000 AD - 1980\2000AD #170 (1980).cbz,12003670,new,175.746,61.912,72.609,26.489,4,26,1
L:\Comic Archives\#\Series\2000 AD\2000 AD - 1980\2000AD #171 (1980).cbz,12087054,new,134.556,34.945,59.645,32.987,4,26,1
L:\Comic Archives\#\Series\2000 AD\2000 AD - 1980\2000AD #172 (1980).cbz,11680577,new,179.449,60.151,75.839,29.265,4,28,1
L:\Comic Archives\#\Series\2000 AD\2000 AD - 1980\2000AD #173 (1980).cbz,12068398,new,184.124,61.66,62.384,27.878,4,26,1
L:\Comic Archives\#\Series\2000 AD\2000 AD - 1980\2000AD #174 (1980).cbz,12588146,new,166.607,36.178,89.964,31.854,4,31,1
L:\Comic Archives\#\Series\2000 AD\2000 AD - 1980\2000AD #175 (1980).cbz,12476276,new,163.809,49.325,70.658,28.247,4,34,1
L:\Comic Archives\#\Series\2000 AD\2000 AD - 1980\2000AD #176 (1980).cbz,13060114,new,156.904,44.878,66.622,27.231,4,28,1
L:\Comic Archives\#\Series\2000 AD\2000 AD - 1980\2000AD #177 (1980).cbz,12415357,new,164.305,38.667,58.348,41.625,4,24,1
L:\Comic Archives\#\Series\2000 AD\2000 AD - 1980\2000AD #178 (1980).cbz,10932467,new,147.128,58.374,45.559,33.366,4,32,1
L:\Comic Archives\#\Series\2000 AD\2000 AD - 1980\2000AD #179 (1980).cbz,11510613,new,267.169,70.287,42.608,138.693,4,34,1
L:\Comic Archives\#\Series\2000 AD\2000 AD - 1980\2000AD #180 (1980).cbz,28663134,new,273.608,121.491,92.447,47.445,4,26,1
L:\Comic Archives\#\Series\2000 AD\2000 AD - 1980\2000AD #181 (1980).cbz,26696755,new,258.27,76.367,96.483,52.762,4,30,1
L:\Comic Archives\#\Series\2000 AD\2000 AD - 1980\2000AD #182 (1980).cbz,29857162,new,187.836,50.96,93.542,31.206,4,30,1
L:\Comic Archives\#\Series\2000 AD\2000 AD - 1980\2000AD #183 (1980).cbz,27193430,new,166.219,31.618,93.865,32.189,4,34,1
L:\Comic Archives\#\Series\2000 AD\2000 AD - 1980\2000AD #184 (1980).cbz,11160891,new,157.21,56.125,42.665,40.741,4,34,1
L:\Comic Archives\#\Series\2000 AD\2000 AD - 1980\2000AD #185 (1980).cbz,11402586,new,198.559,84.296,42.345,33.38,4,32,1
L:\Comic Archives\#\Series\2000 AD\2000 AD - 1980\2000AD #186 (1980).cbz,10050020,new,123.636,35.507,49.381,30.126,4,34,1
L:\Comic Archives\#\Series\2000 AD\2000 AD - 1980\2000AD #187 (1980).cbz,11504659,new,110.095,29.634,43.451,28.064,4,36,1
L:\Comic Archives\#\Series\2000 AD\2000 AD - 1980\2000AD #188 (1980).cbz,9830489,new,133.615,54.254,46.821,20.792,4,34,1
L:\Comic Archives\#\Series\2000 AD\2000 AD - 1980\2000AD #189 (1980).cbz,9872550,new,167.122,66.789,43.968,21.312,4,33,1
L:\Comic Archives\#\Series\2000 AD\2000 AD - 1980\2000AD #190 (1980).cbz,13184488,new,176.197,55.55,71.348,30.485,4,34,1
L:\Comic Archives\#\Series\2000 AD\2000 AD - 1980\2000AD #191 (1980).cbz,12818625,new,206.413,49.989,99.121,47.067,4,34,1
L:\Comic Archives\#\Series\2000 AD\2000 AD - 1980\2000AD #192 (1980).cbz,12670593,new,173.271,66.889,55.746,36.833,4,34,1
L:\Comic Archives\#\Series\2000 AD\2000 AD - 1981\2000AD #193 (1981).cbz,12010630,new,164.874,56.188,66.58,20.883,4,34,1
L:\Comic Archives\#\Series\2000 AD\2000 AD - 1981\2000AD #194 (1981).cbz,12705885,new,144.253,41.844,60.887,32.634,4,34,1
L:\Comic Archives\#\Series\2000 AD\2000 AD - 1981\2000AD #195 (1981).cbz,12359417,new,187.994,55.662,93.942,27.262,4,32,1
L:\Comic Archives\#\Series\2000 AD\2000 AD - 1981\2000AD #196 (1981).cbz,27863532,new,241.449,64.335,94.134,43.229,4,35,1
L:\Comic Archives\#\Series\2000 AD\2000 AD - 1981\2000AD #197 (1981).cbz,13306551,new,158.365,45.376,65.537,35.855,4,40,1
L:\Comic Archives\#\Series\2000 AD\2000 AD - 1981\2000AD #198 (1981).cbz,12897254,new,210.648,59.985,106.683,30.3,4,34,1
L:\Comic Archives\#\Series\2000 AD\2000 AD - 1981\2000AD #199 (1981).cbz,25609547,new,237.276,78.379,107.247,35.199,4,28,1
L:\Comic Archives\#\Series\2000 AD\2000 AD - 1981\2000AD #200 (1981).cbz,42721884,new,284.573,65.608,149.436,32.644,4,30,1
L:\Comic Archives\#\Series\2000 AD\2000 AD - 1981\2000AD #201 (1981).cbz,17808267,new,155.468,64.442,41.062,34.917,4,30,1
L:\Comic Archives\#\Series\2000 AD\2000 AD - 1981\2000AD #202 (1981).cbz,18651296,new,189.406,60.109,83.067,34.125,4,34,1
L:\Comic Archives\#\Series\2000 AD\2000 AD - 1981\2000AD #203 (1981).cbz,19947494,new,179.288,74.867,62.529,26.13,4,30,1
L:\Comic Archives\#\Series\2000 AD\2000 AD - 1981\2000AD #204 (1981).cbz,20082594,new,149.647,56.578,41.404,19.293,4,30,1
L:\Comic Archives\#\Series\2000 AD\2000 AD - 1981\2000AD #205 (1981).cbz,18235228,new,155.594,58.145,50.063,28.362,4,33,1
L:\Comic Archives\#\Series\2000 AD\2000 AD - 1981\2000AD #206 (1981).cbz,12852570,new,168.798,49.896,69.802,39.79,4,28,1
L:\Comic Archives\#\Series\2000 AD\2000 AD - 1981\2000AD #207 (1981).cbz,29299419,new,147.535,43.115,71.791,25.149,4,28,1
L:\Comic Archives\#\Series\2000 AD\2000 AD - 1981\2000AD #208 (1981).cbz,30315400,new,167.192,49.922,77.739,25.68,4,30,1
L:\Comic Archives\#\Series\2000 AD\2000 AD - 1981\2000AD #209 (1981).cbz,28403230,new,162.801,39.187,61.946,44.707,4,29,1
L:\Comic Archives\#\Series\2000 AD\2000 AD - 1981\2000AD #210 (1981).cbz,30424378,new,189.243,46.321,82.272,51.381,4,30,1
L:\Comic Archives\#\Series\2000 AD\2000 AD - 1981\2000AD #211 (1981).cbz,26889064,new,230.419,72.989,105.545,38.969,4,30,1
L:\Comic Archives\#\Series\2000 AD\2000 AD - 1981\2000AD #212 (1981).cbz,13091155,new,182.505,58.295,59.249,38.806,4,30,1
L:\Comic Archives\#\Series\2000 AD\2000 AD - 1981\2000AD #213 (1981).cbz,12357493,new,222.704,53.957,86.434,71.244,4,30,1
L:\Comic Archives\#\Series\2000 AD\2000 AD - 1981\2000AD #214 (1981).cbz,31316457,new,205.608,61.766,81.385,50.714,4,28,1
L:\Comic Archives\#\Series\2000 AD\2000 AD - 1981\2000AD #215 (1981).cbz,28770861,new,261.859,49.491,86.411,109.013,4,30,1
L:\Comic Archives\#\Series\2000 AD\2000 AD - 1981\2000AD #216 (1981).cbz,25251062,new,282.43,58.417,80.763,60.036,4,30,1
L:\Comic Archives\#\Series\2000 AD\2000 AD - 1981\2000AD #217 (1981).cbz,14911737,new,193.09,62.822,69.158,45.791,4,32,1
L:\Comic Archives\#\Series\2000 AD\2000 AD - 1981\2000AD #218 (1981).cbz,15038480,new,162.168,62.48,64.682,23.359,4,33,1
L:\Comic Archives\#\Series\2000 AD\2000 AD - 1981\2000AD #219 (1981).cbz,15333412,new,199.936,50.213,89.952,41.076,4,28,1
L:\Comic Archives\#\Series\2000 AD\2000 AD - 1981\2000AD #220 (1981).cbz,15281533,new,195.327,56.214,73.172,38.692,4,28,1
L:\Comic Archives\#\Series\2000 AD\2000 AD - 1981\2000AD #221 (1981).cbz,15717505,new,191.746,55.542,85.08,38.968,4,28,1
L:\Comic Archives\#\Series\2000 AD\2000 AD - 1981\2000AD #222 (1981).cbz,16100033,new,183.126,67.156,75.726,25.504,4,34,1
L:\Comic Archives\#\Series\2000 AD\2000 AD - 1981\2000AD #223 (1981).cbz,29329070,new,182.083,66.496,66.545,31.5,4,30,1
L:\Comic Archives\#\Series\2000 AD\2000 AD - 1981\2000AD #224 (1981).cbz,29803147,new,208.923,71.7,84.241,31.098,4,28,1
L:\Comic Archives\#\Series\2000 AD\2000 AD - 1981\2000AD #225 (1981).cbz,36949656,new,253.642,39.712,149.155,56.99,4,28,1
L:\Comic Archives\#\Series\2000 AD\2000 AD - 1981\2000AD #226 (1981).cbz,29583753,new,218.834,95.975,64.832,43.329,4,30,1
L:\Comic Archives\#\Series\2000 AD\2000 AD - 1981\2000AD #227 (1981).cbz,29907879,new,152.024,57.378,61.567,21.755,4,28,1
L:\Comic Archives\#\Series\2000 AD\2000 AD - 1981\2000AD #228 (1981).cbz,29332480,new,164.172,61.568,60.173,18.811,4,28,1
L:\Comic Archives\#\Series\2000 AD\2000 AD - 1981\2000AD #229 (1981).cbz,20843017,new,123.369,33.471,54.868,27.607,4,28,1
L:\Comic Archives\#\Series\2000 AD\2000 AD - 1981\2000AD #230 (1981).cbz,20564365,new,163.126,56.973,69.609,25.75,4,28,1
L:\Comic Archives\#\Series\2000 AD\2000 AD - 1981\2000AD #231 (1981).cbz,21309627,new,165.23,59.309,62.835,27.999,4,28,1
L:\Comic Archives\#\Series\2000 AD\2000 AD - 1981\2000AD #232 (1981).cbz,21253688,new,172.501,54.121,59.908,27.062,4,30,1
L:\Comic Archives\#\Series\2000 AD\2000 AD - 1981\2000AD #233 (1981).cbz,22822567,new,165.408,63.872,64.44,25.857,4,22,1
L:\Comic Archives\#\Series\2000 AD\2000 AD - 1981\2000AD #234 (1981).cbz,21695969,new,152.152,39.971,61.087,37.942,4,32,1
L:\Comic Archives\#\Series\2000 AD\2000 AD - 1981\2000AD #235 (1981).cbz,21087765,new,171.044,59.828,62.798,30.313,4,33,1
L:\Comic Archives\#\Series\2000 AD\2000 AD - 1981\2000AD #236 (1981).cbz,31283712,new,246.254,70.521,112.227,33.476,4,33,1
L:\Comic Archives\#\Series\2000 AD\2000 AD - 1981\2000AD #237 (1981).cbz,24490791,new,205.776,66.811,70.706,48.676,4,30,1
L:\Comic Archives\#\Series\2000 AD\2000 AD - 1981\2000AD #238 (1981).cbz,29800418,new,194.885,52.84,86.816,40.644,4,30,1
L:\Comic Archives\#\Series\2000 AD\2000 AD - 1981\2000AD #239 (1981).cbz,30613559,new,181.57,57.922,82.82,28.557,4,28,1
L:\Comic Archives\#\Series\2000 AD\2000 AD - 1981\2000AD #240 (1981).cbz,29825793,new,168.549,61.983,45.143,31.42,4,33,1
L:\Comic Archives\#\Series\2000 AD\2000 AD - 1981\2000AD #241 (1981).cbz,25859822,new,220.811,74.678,101.214,31.686,4,34,1
L:\Comic Archives\#\Series\2000 AD\2000 AD - 1981\2000AD #242 (1981).cbz,23961636,new,140.317,30.926,68.788,32.468,4,32,1
L:\Comic Archives\#\Series\2000 AD\2000 AD - 1981\2000AD #243 (1981).cbz,24030409,new,223.922,54.078,102.496,50.56,4,32,1
L:\Comic Archives\#\Series\2000 AD\2000 AD - 1981\2000AD #244 (1981).cbz,25459296,new,188.5,61.012,74.895,36.169,4,30,1
L:\Comic Archives\#\Series\2000 AD\2000 AD - 1982\2000AD #245 (1982).cbz,15670860,new,141.728,20.282,67.822,39.641,4,26,1
L:\Comic Archives\#\Series\2000 AD\2000 AD - 1982\2000AD #246 (1982).cbz,14438806,new,143.467,26.245,61.394,47.247,4,34,1
L:\Comic Archives\#\Series\2000 AD\2000 AD - 1982\2000AD #247 (1982).cbz,15155402,new,167.509,43.879,64.125,22.902,4,34,1
L:\Comic Archives\#\Series\2000 AD\2000 AD - 1982\2000AD #248 (1982).cbz,14692404,new,165.201,61.209,51.515,39.595,4,36,1
L:\Comic Archives\#\Series\2000 AD\2000 AD - 1982\2000AD #249 (1982).cbz,29826228,new,181.838,69.752,65.242,36.701,4,34,1
L:\Comic Archives\#\Series\2000 AD\2000 AD - 1982\2000AD #250 (1982).cbz,13419694,new,152.085,48.912,51.828,38.727,4,34,1
L:\Comic Archives\#\Series\2000 AD\2000 AD - 1982\2000AD #251 (1982).cbz,14055184,new,305.783,67.33,48.477,161.53,4,32,1
L:\Comic Archives\#\Series\2000 AD\2000 AD - 1982\2000AD #252 (1982).cbz,13988242,new,278.844,110.363,76.112,76.477,4,32,1
L:\Comic Archives\#\Series\2000 AD\2000 AD - 1982\2000AD #253 (1982).cbz,14092281,new,178.647,46.774,64.26,54.909,4,34,1
L:\Comic Archives\#\Series\2000 AD\2000 AD - 1982\2000AD #254 (1982).cbz,14913702,new,139.35,49.216,49.019,31.822,4,34,1
L:\Comic Archives\#\Series\2000 AD\2000 AD - 1982\2000AD #255 (1982).cbz,14485782,new,179.608,66.923,57.241,25.033,4,32,1
L:\Comic Archives\#\Series\2000 AD\2000 AD - 1982\2000AD #256 (1982).cbz,13472846,new,149.496,31.187,81.738,28.732,4,30,1
L:\Comic Archives\#\Series\2000 AD\2000 AD - 1982\2000AD #257 (1982).cbz,13974093,new,132.882,36.276,47.484,40.784,4,29,1
L:\Comic Archives\#\Series\2000 AD\2000 AD - 1982\2000AD #258 (1982).cbz,13688422,new,153.153,40.198,46.65,53.782,4,29,1
L:\Comic Archives\#\Series\2000 AD\2000 AD - 1982\2000AD #259 (1982).cbz,14499210,new,198.127,65.428,76.617,24.978,4,24,1
L:\Comic Archives\#\Series\2000 AD\2000 AD - 1982\2000AD #260 (1982).cbz,13771950,new,151.305,41.139,47.013,55.51,4,28,1
L:\Comic Archives\#\Series\2000 AD\2000 AD - 1982\2000AD #261 (1982).cbz,13183523,new,170.947,58.291,69.718,26.265,4,26,1
L:\Comic Archives\#\Series\2000 AD\2000 AD - 1982\2000AD #262 (1982).cbz,23997660,new,212.466,57.552,113.602,30.071,4,26,1
L:\Comic Archives\#\Series\2000 AD\2000 AD - 1982\2000AD #263 (1982).cbz,23864226,new,225.903,40.999,108.432,48.433,4,24,1
L:\Comic Archives\#\Series\2000 AD\2000 AD - 1982\2000AD #264 (1982).cbz,23608514,new,196.585,65.122,84.037,36.31,4,22,1
L:\Comic Archives\#\Series\2000 AD\2000 AD - 1982\2000AD #265 (1982).cbz,23756009,new,214.44,53.315,113.236,39.142,4,28,1
L:\Comic Archives\#\Series\2000 AD\2000 AD - 1982\2000AD #266 (1982).cbz,23426574,new,164.928,47.574,72.963,33.95,4,24,1
L:\Comic Archives\#\Series\2000 AD\2000 AD - 1982\2000AD #267 (1982).cbz,23710924,new,224.572,70.248,103.487,25.532,4,28,1
L:\Comic Archives\#\Series\2000 AD\2000 AD - 1982\2000AD #268 (1982).cbz,11662394,new,114.841,38.557,43.014,26.007,4,26,1
L:\Comic Archives\#\Series\2000 AD\2000 AD - 1982\2000AD #269 (1982).cbz,23965121,new,163.885,65.435,64.515,25.252,4,28,1
L:\Comic Archives\#\Series\2000 AD\2000 AD - 1982\2000AD #270 (1982).cbz,57050697,new,240.464,38.814,164.972,29.053,4,28,1
L:\Comic Archives\#\Series\2000 AD\2000 AD - 1982\2000AD #271 (1982).cbz,22475244,new,204.962,63.369,74.566,32.514,4,28,1
L:\Comic Archives\#\Series\2000 AD\2000 AD - 1982\2000AD #272 (1982).cbz,14096237,new,139.222,30.233,57.478,43.987,4,28,1
L:\Comic Archives\#\Series\2000 AD\2000 AD - 1982\2000AD #273 (1982).cbz,14031972,new,157.436,66.103,50.693,29.711,4,30,1
L:\Comic Archives\#\Series\2000 AD\2000 AD - 1982\2000AD #274 (1982).cbz,13955799,new,165.677,68.214,51.576,31.812,4,28,1
L:\Comic Archives\#\Series\2000 AD\2000 AD - 1982\2000AD #275 (1982).cbz,20611486,new,190.578,83.096,53.033,25.877,4,24,1
L:\Comic Archives\#\Series\2000 AD\2000 AD - 1982\2000AD #276 (1982).cbz,18051933,new,106.94,29.238,46.469,24.656,4,24,1
L:\Comic Archives\#\Series\2000 AD\2000 AD - 1982\2000AD #277 (1982).cbz,24235965,new,219.123,52.173,110.005,43.849,4,24,1
L:\Comic Archives\#\Series\2000 AD\2000 AD - 1982\2000AD #278 (1982).cbz,9908922,new,139.816,56.452,43.43,29.538,4,26,1
L:\Comic Archives\#\Series\2000 AD\2000 AD - 1982\2000AD #279 (1982).cbz,16789171,new,156.549,63.727,42.107,30.398,4,26,1
L:\Comic Archives\#\Series\2000 AD\2000 AD - 1982\2000AD #280 (1982).cbz,17061251,new,155.611,61.316,35.905,44.877,4,27,1
L:\Comic Archives\#\Series\2000 AD\2000 AD - 1982\2000AD #281 (1982).cbz,11307778,new,153.519,38.667,61.936,45.665,4,24,1
L:\Comic Archives\#\Series\2000 AD\2000 AD - 1982\2000AD #282 (1982).cbz,12867098,new,183.088,65.219,62.044,39.389,4,26,1
L:\Comic Archives\#\Series\2000 AD\2000 AD - 1982\2000AD #283 (1982).cbz,12799301,new,291.296,79.207,107.652,69.882,4,26,1
L:\Comic Archives\#\Series\2000 AD\2000 AD - 1982\2000AD #284 (1982).cbz,12992439,new,148.959,45.502,69.333,23.5,4,26,1
L:\Comic Archives\#\Series\2000 AD\2000 AD - 1982\2000AD #285 (1982).cbz,11766556,new,137.538,39.236,58.644,32.686,4,26,1
L:\Comic Archives\#\Series\2000 AD\2000 AD - 1982\2000AD #286 (1982).cbz,15199613,new,147.454,57.381,46.575,31.677,4,28,1
L:\Comic Archives\#\Series\2000 AD\2000 AD - 1982\2000AD #287 (1982).cbz,16871917,new,285.661,42.209,34.411,187.846,4,26,1
L:\Comic Archives\#\Series\2000 AD\2000 AD - 1982\2000AD #288 (1982).cbz,14453039,new,196.889,62.682,51.292,70.76,4,26,1
L:\Comic Archives\#\Series\2000 AD\2000 AD - 1982\2000AD #289 (1982).cbz,15165495,new,170.339,59.017,46.442,53.886,4,28,1
L:\Comic Archives\#\Series\2000 AD\2000 AD - 1982\2000AD #290 (1982).cbz,15767500,new,126.155,39.049,43.945,34.245,4,28,1
L:\Comic Archives\#\Series\2000 AD\2000 AD - 1982\2000AD #291 (1982).cbz,14357936,new,172.599,71.47,41.252,30.41,4,28,1
L:\Comic Archives\#\Series\2000 AD\2000 AD - 1982\2000AD #292 (1982).cbz,15316244,new,124.178,30.855,49.914,36.737,4,24,1
L:\Comic Archives\#\Series\2000 AD\2000 AD - 1982\2000AD #293 (1982).cbz,14518466,new,105.703,41.412,33.722,23.974,4,24,1
L:\Comic Archives\#\Series\2000 AD\2000 AD - 1982\2000AD #294 (1982).cbz,15306058,new,104.864,26.089,42.615,29.183,4,26,1
L:\Comic Archives\#\Series\2000 AD\2000 AD - 1982\2000AD #295 (1982).cbz,16615091,new,154.656,59.29,50.505,29.212,4,28,1
L:\Comic Archives\#\Series\2000 AD\2000 AD - 1982\2000AD #296 (1982).cbz,16157381,new,130.913,45.464,51.625,26.316,4,26,1
L:\Comic Archives\#\Series\2000 AD\2000 AD - 1982\2000AD #297 (1982).cbz,15762580,new,164.67,46.361,66.402,44.075,4,28,1
L:\Comic Archives\#\Series\2000 AD\2000 AD - 1983\2000AD #298 (1983).cbz,15502176,new,181.261,62.328,51.467,36.03,4,26,1
L:\Comic Archives\#\Series\2000 AD\2000 AD - 1983\2000AD #299 (1983).cbz,16889992,new,164.888,34.571,49.29,73.176,4,26,1
L:\Comic Archives\#\Series\2000 AD\2000 AD - 1983\2000AD #300 (1983).cbz,17450042,new,114.369,35.754,42.823,28.657,4,26,1
L:\Comic Archives\#\Series\2000 AD\2000 AD - 1983\2000AD #301 (1983).cbz,18092638,new,119.912,43.551,39.997,24.499,4,27,1
L:\Comic Archives\#\Series\2000 AD\2000 AD - 1983\2000AD #302 (1983).cbz,17627725,new,172.568,59.499,49.953,26.256,4,27,1
L:\Comic Archives\#\Series\2000 AD\2000 AD - 1983\2000AD #303 (1983).cbz,16574469,new,115.275,33.95,45.885,28.389,4,26,1
L:\Comic Archives\#\Series\2000 AD\2000 AD - 1983\2000AD #304 (1983).cbz,17195301,new,122.621,34.436,55.569,25.887,4,24,1
L:\Comic Archives\#\Series\2000 AD\2000 AD - 1983\2000AD #305 (1983).cbz,15979664,new,142.653,44.144,57.351,31.793,4,28,1
L:\Comic Archives\#\Series\2000 AD\2000 AD - 1983\2000AD #306 (1983).cbz,16720283,new,137.625,38.136,48.396,25.165,4,26,1
L:\Comic Archives\#\Series\2000 AD\2000 AD - 1983\2000AD #307 (1983).cbz,15778021,new,117.471,37.709,34.118,39.002,4,24,1
L:\Comic Archives\#\Series\2000 AD\2000 AD - 1983\2000AD #308 (1983).cbz,11659103,new,194.507,64.743,63.925,48.314,4,26,1
L:\Comic Archives\#\Series\2000 AD\2000 AD - 1983\2000AD #309 (1983).cbz,17743558,new,159.08,44.034,68.291,37.591,4,24,1
L:\Comic Archives\#\Series\2000 AD\2000 AD - 1983\2000AD #310 (1983).cbz,9523713,new,137.364,31.271,53.669,31.116,4,26,1
L:\Comic Archives\#\Series\2000 AD\2000 AD - 1983\2000AD #311 (1983).cbz,10158212,new,116.371,40.209,44.506,23.881,4,30,1
L:\Comic Archives\#\Series\2000 AD\2000 AD - 1983\2000AD #312 (1983).cbz,9092559,new,158.104,48.95,44.941,56.211,4,26,1
L:\Comic Archives\#\Series\2000 AD\2000 AD - 1983\2000AD #313 (1983).cbz,9271432,new,140.602,49.97,51.94,26.671,4,28,1
L:\Comic Archives\#\Series\2000 AD\2000 AD - 1983\2000AD #314 (1983).cbz,11575788,new,179.805,63.15,61.661,31.638,4,26,1
L:\Comic Archives\#\Series\2000 AD\2000 AD - 1983\2000AD #315 (1983).cbz,9406687,new,116.762,35.226,49.328,25.241,4,26,1
L:\Comic Archives\#\Series\2000 AD\2000 AD - 1983\2000AD #316 (1983).cbz,9130940,new,141.451,55.09,44.762,27.47,4,30,1
L:\Comic Archives\#\Series\2000 AD\2000 AD - 1983\2000AD #317 (1983).cbz,22559952,new,131.236,29.525,64.211,30.429,4,26,1
L:\Comic Archives\#\Series\2000 AD\2000 AD - 1983\2000AD #318 (1983).cbz,11339178,new,205.709,71.085,58.962,47.083,4,28,1
L:\Comic Archives\#\Series\2000 AD\2000 AD - 1983\2000AD #319 (1983).cbz,11964182,new,176.386,75.347,41.447,47.503,4,26,1
L:\Comic Archives\#\Series\2000 AD\2000 AD - 1983\2000AD #320 (1983).cbz,10097731,new,145.409,44.072,55.724,38.63,4,26,1
L:\Comic Archives\#\Series\2000 AD\2000 AD - 1983\2000AD #321 (1983).cbz,11179030,new,215.172,71.92,91.381,37.519,4,26,1
L:\Comic Archives\#\Series\2000 AD\2000 AD - 1983\2000AD #322 (1983).cbz,11724381,new,210.144,68.709,94.263,19.369,4,28,1
L:\Comic Archives\#\Series\2000 AD\2000 AD - 1983\2000AD #323 (1983).cbz,13030216,new,313.867,41.95,46.681,215.626,4,26,1
L:\Comic Archives\#\Series\2000 AD\2000 AD - 1983\2000AD #324 (1983).cbz,13121853,new,228.596,117.602,50.017,49.122,4,26,1
L:\Comic Archives\#\Series\2000 AD\2000 AD - 1983\2000AD #325 (1983).cbz,11718997,new,149.083,70.692,39.004,29.632,4,26,1
L:\Comic Archives\#\Series\2000 AD\2000 AD - 1983\2000AD #326 (1983).cbz,12743138,new,151.433,43.993,54.742,26.632,4,28,1
L:\Comic Archives\#\Series\2000 AD\2000 AD - 1983\2000AD #327 (1983).cbz,10259875,new,155.714,63.439,55.105,22.684,4,28,1
L:\Comic Archives\#\Series\2000 AD\2000 AD - 1983\2000AD #328 (1983).cbz,11413904,new,121.974,54.094,31.327,28.99,4,28,1
L:\Comic Archives\#\Series\2000 AD\2000 AD - 1983\2000AD #329 (1983).cbz,11329146,new,171.21,68.89,60.821,23.794,4,26,1
L:\Comic Archives\#\Series\2000 AD\2000 AD - 1983\2000AD #330 (1983).cbz,11668257,new,156.922,53.617,35.266,30.337,4,29,1
L:\Comic Archives\#\Series\2000 AD\2000 AD - 1983\2000AD #331 (1983).cbz,11082318,new,161.204,77.514,52.668,17.448,4,30,1
L:\Comic Archives\#\Series\2000 AD\2000 AD - 1983\2000AD #332 (1983).cbz,11197417,new,129.031,38.0,52.011,31.606,4,28,1
L:\Comic Archives\#\Series\2000 AD\2000 AD - 1983\2000AD #333 (1983).cbz,12006077,new,161.596,61.6,59.213,24.589,4,28,1
L:\Comic Archives\#\Series\2000 AD\2000 AD - 1983\2000AD #334 (1983).cbz,12534759,new,171.291,52.068,47.261,45.856,4,24,1
L:\Comic Archives\#\Series\2000 AD\2000 AD - 1983\2000AD #335 (1983).cbz,13688369,new,154.677,68.265,34.508,35.471,4,26,1
L:\Comic Archives\#\Series\2000 AD\2000 AD - 1983\2000AD #336 (1983).cbz,14334411,new,140.126,48.675,56.602,23.34,4,26,1
L:\Comic Archives\#\Series\2000 AD\2000 AD - 1983\2000AD #337 (1983).cbz,12537638,new,176.937,50.336,60.479,57.221,4,26,1
L:\Comic Archives\#\Series\2000 AD\2000 AD - 1983\2000AD #338 (1983).cbz,13996539,new,162.623,62.102,36.528,30.989,4,26,1
L:\Comic Archives\#\Series\2000 AD\2000 AD - 1983\2000AD #339 (1983).cbz,13875297,new,157.445,51.197,34.904,63.845,4,26,1
L:\Comic Archives\#\Series\2000 AD\2000 AD - 1983\2000AD #340 (1983).cbz,14216530,new,248.774,62.231,56.876,117.236,4,26,1
L:\Comic Archives\#\Series\2000 AD\2000 AD - 1983\2000AD #341 (1983).cbz,13702349,new,140.606,59.532,43.231,22.763,4,26,1
L:\Comic Archives\#\Series\2000 AD\2000 AD - 1983\2000AD #342 (1983).cbz,13102713,new,141.506,48.904,34.364,28.28,4,26,1
L:\Comic Archives\#\Series\2000 AD\2000 AD - 1983\2000AD #343 (1983).cbz,13763003,new,180.304,42.43,76.758,54.16,4,26,1
L:\Comic Archives\#\Series\2000 AD\2000 AD - 1983\2000AD #344 (1983).cbz,13426294,new,165.763,69.1,38.684,48.115,4,26,1
L:\Comic Archives\#\Series\2000 AD\2000 AD - 1983\2000AD #345 (1983).cbz,15046256,new,143.367,56.242,54.693,24.76,4,8,1
L:\Comic Archives\#\Series\2000 AD\2000 AD - 1983\2000AD #346 (1983).cbz,12362599,new,173.507,57.548,58.842,31.227,4,26,1
L:\Comic Archives\#\Series\2000 AD\2000 AD - 1983\2000AD #347 (1983).cbz,12871796,new,162.328,65.878,53.5,24.975,4,28,1
L:\Comic Archives\#\Series\2000 AD\2000 AD - 1983\2000AD #348 (1983).cbz,11738142,new,166.913,60.443,57.377,32.355,4,29,1
L:\Comic Archives\#\Series\2000 AD\2000 AD - 1983\2000AD #349 (1983).cbz,12254073,new,169.041,57.31,61.143,33.37,4,30,1
L:\Comic Archives\#\Series\2000 AD\2000 AD - 1984\2000AD #350 (1984).cbz,13176426,new,182.25,66.343,66.889,34.085,4,30,1
L:\Comic Archives\#\Series\2000 AD\2000 AD - 1984\2000AD #351 (1984).cbz,11202652,new,141.709,43.645,53.659,30.32,4,30,1
L:\Comic Archives\#\Series\2000 AD\2000 AD - 1984\2000AD #352 (1984).cbz,10722794,new,179.434,64.311,73.308,31.883,4,26,1
L:\Comic Archives\#\Series\2000 AD\2000 AD - 1984\2000AD #353 (1984).cbz,9933001,new,141.343,50.673,45.773,26.534,4,30,1
L:\Comic Archives\#\Series\2000 AD\2000 AD - 1984\2000AD #354 (1984).cbz,18679884,new,142.968,24.852,68.165,42.181,4,30,1
L:\Comic Archives\#\Series\2000 AD\2000 AD - 1984\2000AD #355 (1984).cbz,18932855,new,187.968,75.831,74.646,25.905,4,30,1
L:\Comic Archives\#\Series\2000 AD\2000 AD - 1984\2000AD #356 (1984).cbz,19678059,new,164.662,40.23,61.591,55.485,4,28,1
L:\Comic Archives\#\Series\2000 AD\2000 AD - 1984\2000AD #357 (1984).cbz,17048919,new,214.275,68.808,64.615,51.857,4,28,1
L:\Comic Archives\#\Series\2000 AD\2000 AD - 1984\2000AD #358 (1984).cbz,16861033,new,287.145,61.351,60.823,154.625,4,28,1
L:\Comic Archives\#\Series\2000 AD\2000 AD - 1984\2000AD #359 (1984).cbz,20272509,new,213.779,93.948,66.992,39.685,4,28,1
L:\Comic Archives\#\Series\2000 AD\2000 AD - 1984\2000AD #360 (1984).cbz,20361821,new,136.768,43.015,56.699,28.571,4,32,1
L:\Comic Archives\#\Series\2000 AD\2000 AD - 1984\2000AD #361 (1984).cbz,21291915,new,166.111,42.517,71.094,32.448,4,28,1
L:\Comic Archives\#\Series\2000 AD\2000 AD - 1984\2000AD #362 (1984).cbz,11204519,new,178.969,44.088,96.563,27.549,4,32,1
L:\Comic Archives\#\Series\2000 AD\2000 AD - 1984\2000AD #363 (1984).cbz,11112694,new,149.124,46.197,64.086,30.147,4,28,1
L:\Comic Archives\#\Series\2000 AD\2000 AD - 1984\2000AD #364 (1984).cbz,10848583,new,165.399,37.32,58.475,62.161,4,28,1
L:\Comic Archives\#\Series\2000 AD\2000 AD - 1984\2000AD #365 (1984).cbz,11588289,new,195.495,73.977,49.318,45.858,4,28,1
L:\Comic Archives\#\Series\2000 AD\2000 AD - 1984\2000AD #366 (1984).cbz,11642093,new,122.92,24.405,58.443,32.637,4,28,1
L:\Comic Archives\#\Series\2000 AD\2000 AD - 1984\2000AD #367 (1984).cbz,12309024,new,155.462,54.012,69.747,23.119,4,28,1
L:\Comic Archives\#\Series\2000 AD\2000 AD - 1984\2000AD #368 (1984).cbz,11235151,new,132.18,40.286,52.718,32.288,4,26,1
L:\Comic Archives\#\Series\2000 AD\2000 AD - 1984\2000AD #369 (1984).cbz,11292162,new,181.843,75.666,45.584,32.488,4,26,1
L:\Comic Archives\#\Series\2000 AD\2000 AD - 1984\2000AD #370 (1984).cbz,12652293,new,190.579,53.003,83.01,43.5,4,28,1
L:\Comic Archives\#\Series\2000 AD\2000 AD - 1984\2000AD #371 (1984).cbz,10884541,new,192.698,61.597,52.742,64.068,4,28,1
L:\Comic Archives\#\Series\2000 AD\2000 AD - 1984\2000AD #372 (1984).cbz,11181301,new,162.337,53.459,68.216,25.953,4,29,1
L:\Comic Archives\#\Series\2000 AD\2000 AD - 1984\2000AD #373 (1984).cbz,11213748,new,181.298,63.446,54.44,39.954,4,25,1
L:\Comic Archives\#\Series\2000 AD\2000 AD - 1984\2000AD #374 (1984).cbz,10197217,new,191.282,67.407,46.58,65.518,4,32,1
L:\Comic Archives\#\Series\2000 AD\2000 AD - 1984\2000AD #375 (1984).cbz,10163650,new,146.255,38.014,58.43,38.478,4,28,1
L:\Comic Archives\#\Series\2000 AD\2000 AD - 1984\2000AD #376 (1984).cbz,10817217,new,180.575,55.699,47.743,63.783,4,31,1
L:\Comic Archives\#\Series\2000 AD\2000 AD - 1984\2000AD #377 (1984).cbz,11811338,new,262.365,61.506,82.43,87.418,4,32,1
L:\Comic Archives\#\Series\2000 AD\2000 AD - 1984\2000AD #378 (1984).cbz,12573931,new,163.842,47.796,76.128,26.832,4,26,1
L:\Comic Archives\#\Series\2000 AD\2000 AD - 1984\2000AD #379 (1984).cbz,13145008,new,197.469,60.599,97.445,26.266,4,26,1
L:\Comic Archives\#\Series\2000 AD\2000 AD - 1984\2000AD #380 (1984).cbz,12585084,new,173.449,70.75,66.187,26.621,4,26,1
L:\Comic Archives\#\Series\2000 AD\2000 AD - 1984\2000AD #381 (1984).cbz,19813591,new,215.644,14.008,129.32,52.359,4,22,1
L:\Comic Archives\#\Series\2000 AD\2000 AD - 1984\2000AD #382 (1984).cbz,16549218,new,188.937,38.055,98.189,43.449,4,30,1
L:\Comic Archives\#\Series\2000 AD\2000 AD - 1984\2000AD #383 (1984).cbz,10522356,new,160.624,52.437,64.047,29.765,4,26,1
L:\Comic Archives\#\Series\2000 AD\2000 AD - 1984\2000AD #384 (1984).cbz,10820326,new,164.464,50.12,57.242,39.035,4,24,1
L:\Comic Archives\#\Series\2000 AD\2000 AD - 1984\2000AD #385 (1984).cbz,10937531,new,194.593,63.052,59.705,47.001,4,26,1
L:\Comic Archives\#\Series\2000 AD\2000 AD - 1984\2000AD #386 (1984).cbz,10793529,new,183.464,53.458,78.225,37.906,4,26,1
L:\Comic Archives\#\Series\2000 AD\2000 AD - 1984\2000AD #387 (1984).cbz,15503751,new,167.059,60.253,51.024,40.841,4,27,1
L:\Comic Archives\#\Series\2000 AD\2000 AD - 1984\2000AD #388 (1984).cbz,11287989,new,212.745,65.472,83.68,48.804,4,26,1
L:\Comic Archives\#\Series\2000 AD\2000 AD - 1984\2000AD #389 (1984).cbz,11994746,new,187.644,70.406,47.799,44.39,4,26,1
L:\Comic Archives\#\Series\2000 AD\2000 AD - 1984\2000AD #390 (1984).cbz,11353976,new,198.37,65.872,59.461,60.406,4,30,1
L:\Comic Archives\#\Series\2000 AD\2000 AD - 1984\2000AD #391 (1984).cbz,11785391,new,152.827,35.484,80.954,28.569,4,30,1
L:\Comic Archives\#\Series\2000 AD\2000 AD - 1984\2000AD #392 (1984).cbz,11964909,new,381.055,61.467,85.579,219.622,4,26,1
L:\Comic Archives\#\Series\2000 AD\2000 AD - 1984\2000AD #393 (1984).cbz,12181519,new,213.728,52.172,59.723,59.019,4,26,1
L:\Comic Archives\#\Series\2000 AD\2000 AD - 1984\2000AD #394 (1984).cbz,14405656,new,160.874,50.353,56.778,40.293,4,30,1
L:\Comic Archives\#\Series\2000 AD\2000 AD - 1984\2000AD #395 (1984).cbz,23160285,new,180.139,52.875,82.371,33.573,4,28,1
L:\Comic Archives\#\Series\2000 AD\2000 AD - 1984\2000AD #396 (1984).cbz,12716433,new,206.606,66.755,97.503,33.58,4,26,1
L:\Comic Archives\#\Series\2000 AD\2000 AD - 1984\2000AD #397 (1984).cbz,12574923,new,165.567,60.902,58.33,33.418,4,28,1
L:\Comic Archives\#\Series\2000 AD\2000 AD - 1984\2000AD #398 (1984).cbz,12542316,new,160.871,35.749,80.348,35.868,4,31,1
L:\Comic Archives\#\Series\2000 AD\2000 AD - 1985\2000AD #399 (1985).cbz,12296999,new,193.888,60.083,60.149,61.839,4,28,1
L:\Comic Archives\#\Series\2000 AD\2000 AD - 1985\2000AD #400 (1985).cbz,12461515,new,234.113,72.737,76.64,57.792,4,30,1
L:\Comic Archives\#\Series\2000 AD\2000 AD - 1985\2000AD #401 (1985).cbz,12751956,new,192.672,46.626,96.505,38.437,4,28,1
L:\Comic Archives\#\Series\2000 AD\2000 AD - 1985\2000AD #402 (1985).cbz,11952260,new,177.323,57.819,55.854,48.013,4,34,1
L:\Comic Archives\#\Series\2000 AD\2000 AD - 1985\2000AD #403 (1985).cbz,11984085,new,196.4,70.932,61.316,47.88,4,28,1
L:\Comic Archives\#\Series\2000 AD\2000 AD - 1985\2000AD #404 (1985).cbz,11742448,new,205.383,67.081,65.609,40.104,4,32,1
L:\Comic Archives\#\Series\2000 AD\2000 AD - 1985\2000AD #405 (1985).cbz,11300916,new,211.072,57.408,79.433,55.366,4,30,1
L:\Comic Archives\#\Series\2000 AD\2000 AD - 1985\2000AD #406 (1985).cbz,14080024,new,161.479,46.629,68.331,29.548,4,28,1
L:\Comic Archives\#\Series\2000 AD\2000 AD - 1985\2000AD #407 (1985).cbz,11269947,new,217.053,48.268,68.63,89.404,4,30,1
L:\Comic Archives\#\Series\2000 AD\2000 AD - 1985\2000AD #408 (1985).cbz,10989814,new,202.783,70.327,76.506,27.165,4,30,1
L:\Comic Archives\#\Series\2000 AD\2000 AD - 1985\2000AD #409 (1985).cbz,10364976,new,205.912,59.658,57.852,74.959,4,30,1
L:\Comic Archives\#\Series\2000 AD\2000 AD - 1985\2000AD #410 (1985).cbz,10788461,new,162.302,47.96,60.385,35.489,4,32,1
L:\Comic Archives\#\Series\2000 AD\2000 AD - 1985\2000AD #411 (1985).cbz,13547706,new,181.979,52.773,56.538,60.911,4,30,1
L:\Comic Archives\#\Series\2000 AD\2000 AD - 1985\2000AD #412 (1985).cbz,24952870,new,221.817,68.889,63.541,56.704,4,28,1
L:\Comic Archives\#\Series\2000 AD\2000 AD - 1985\2000AD #413 (1985).cbz,19370398,new,211.288,64.395,84.985,47.727,4,29,1
L:\Comic Archives\#\Series\2000 AD\2000 AD - 1985\2000AD #414 (1985).cbz,17975055,new,183.804,50.626,80.08,44.618,4,28,1
L:\Comic Archives\#\Series\2000 AD\2000 AD - 1985\2000AD #415 (1985).cbz,19132973,new,204.587,57.538,95.376,37.961,4,28,1
L:\Comic Archives\#\Series\2000 AD\2000 AD - 1985\2000AD #416 (1985).cbz,10506565,new,164.509,44.389,63.995,37.292,4,26,1
L:\Comic Archives\#\Series\2000 AD\2000 AD - 1985\2000AD #417 (1985).cbz,9697810,new,165.789,49.886,55.08,50.918,4,26,1
L:\Comic Archives\#\Series\2000 AD\2000 AD - 1985\2000AD #418 (1985).cbz,15222765,new,161.117,57.781,58.678,28.912,4,28,1
L:\Comic Archives\#\Series\2000 AD\2000 AD - 1985\2000AD #419 (1985).cbz,11132089,new,132.149,24.218,67.47,32.265,4,28,1
L:\Comic Archives\#\Series\2000 AD\2000 AD - 1985\2000AD #420 (1985).cbz,14579361,new,201.7,64.955,80.76,30.546,4,26,1
L:\Comic Archives\#\Series\2000 AD\2000 AD - 1985\2000AD #421 (1985).cbz,16060202,new,192.858,62.638,83.341,38.517,4,22,1
L:\Comic Archives\#\Series\2000 AD\2000 AD - 1985\2000AD #422 (1985).cbz,14546630,new,163.597,31.28,61.363,63.795,4,26,1
L:\Comic Archives\#\Series\2000 AD\2000 AD - 1985\2000AD #423 (1985).cbz,14940505,new,238.203,62.065,102.167,61.11,4,28,1
L:\Comic Archives\#\Series\2000 AD\2000 AD - 1985\2000AD #424 (1985).cbz,14326931,new,238.142,70.285,91.31,39.599,4,30,1
L:\Comic Archives\#\Series\2000 AD\2000 AD - 1985\2000AD #425 (1985).cbz,12526960,new,171.338,58.62,66.513,33.835,4,26,1
L:\Comic Archives\#\Series\2000 AD\2000 AD - 1985\2000AD #426 (1985).cbz,12952641,new,290.222,56.56,59.699,154.864,4,33,1
L:\Comic Archives\#\Series\2000 AD\2000 AD - 1985\2000AD #427 (1985).cbz,12877732,new,285.858,107.296,73.551,90.009,4,26,1
L:\Comic Archives\#\Series\2000 AD\2000 AD - 1985\2000AD #428 (1985).cbz,16201769,new,222.406,70.135,71.793,49.116,4,24,1
L:\Comic Archives\#\Series\2000 AD\2000 AD - 1985\2000AD #429 (1985).cbz,15068624,new,179.133,62.628,74.629,32.276,4,26,1
L:\Comic Archives\#\Series\2000 AD\2000 AD - 1985\2000AD #430 (1985).cbz,16079860,new,183.76,35.561,67.741,68.284,4,26,1
L:\Comic Archives\#\Series\2000 AD\2000 AD - 1985\2000AD #431 (1985).cbz,16007556,new,186.258,44.889,93.776,36.498,4,28,1
L:\Comic Archives\#\Series\2000 AD\2000 AD - 1985\2000AD #432 (1985).cbz,11070791,new,210.069,75.728,58.692,38.837,4,26,1
L:\Comic Archives\#\Series\2000 AD\2000 AD - 1985\2000AD #433 (1985).cbz,22046371,new,179.386,59.21,73.421,35.842,4,22,1
L:\Comic Archives\#\Series\2000 AD\2000 AD - 1985\2000AD #434 (1985).cbz,22419625,new,131.316,36.295,57.578,26.945,4,28,1
L:\Comic Archives\#\Series\2000 AD\2000 AD - 1985\2000AD #435 (1985).cbz,11035066,new,164.597,71.135,49.391,34.471,4,28,1
L:\Comic Archives\#\Series\2000 AD\2000 AD - 1985\2000AD #436 (1985).cbz,11752847,new,215.748,77.918,54.319,54.393,4,28,1
L:\Comic Archives\#\Series\2000 AD\2000 AD - 1985\2000AD #437 (1985).cbz,11582575,new,131.36,29.33,55.169,39.824,4,26,1
L:\Comic Archives\#\Series\2000 AD\2000 AD - 1985\2000AD #438 (1985).cbz,12358244,new,157.812,48.236,60.646,33.846,4,26,1
L:\Comic Archives\#\Series\2000 AD\2000 AD - 1985\2000AD #439 (1985).cbz,11190079,new,180.487,48.524,64.491,54.894,4,26,1
L:\Comic Archives\#\Series\2000 AD\2000 AD - 1985\2000AD #440 (1985).cbz,11785267,new,170.28,49.18,53.143,41.079,4,29,1
L:\Comic Archives\#\Series\2000 AD\2000 AD - 1985\2000AD #441 (1985).cbz,11549793,new,134.575,30.812,54.855,41.353,4,28,1
L:\Comic Archives\#\Series\2000 AD\2000 AD - 1985\2000AD #442 (1985).cbz,10773953,new,161.178,41.421,50.193,54.441,4,28,1
L:\Comic Archives\#\Series\2000 AD\2000 AD - 1985\2000AD #443 (1985).cbz,10789971,new,132.555,39.457,52.61,33.023,4,28,1
L:\Comic Archives\#\Series\2000 AD\2000 AD - 1985\2000AD #444 (1985).cbz,11830687,new,201.856,70.883,54.066,38.04,4,28,1
L:\Comic Archives\#\Series\2000 AD\2000 AD - 1985\2000AD #445 (1985).cbz,11869673,new,165.437,64.744,64.143,25.147,4,28,1
L:\Comic Archives\#\Series\2000 AD\2000 AD - 1985\2000AD #446 (1985).cbz,9888187,new,115.332,30.819,49.108,28.819,4,24,1
L:\Comic Archives\#\Series\2000 AD\2000 AD - 1985\2000AD #447 (1985).cbz,11410642,new,148.876,56.078,52.605,32.216,4,28,1
L:\Comic Archives\#\Series\2000 AD\2000 AD - 1985\2000AD #448 (1985).cbz,11946900,new,148.4,29.047,57.252,54.761,4,28,1
L:\Comic Archives\#\Series\2000 AD\2000 AD - 1985\2000AD #449 (1985).cbz,17673247,new,165.907,49.945,65.542,37.161,4,28,1
L:\Comic Archives\#\Series\2000 AD\2000 AD - 1985\2000AD #450 (1985).cbz,9148185,new,157.289,38.355,59.262,53.445,4,22,1
L:\Comic Archives\#\Series\2000 AD\2000 AD - 1986\2000AD #451 (1986).cbz,18751647,new,191.63,68.165,58.303,27.145,4,30,1
L:\Comic Archives\#\Series\2000 AD\2000 AD - 1986\2000AD #452 (1986).cbz,21089486,new,177.776,54.498,62.363,45.678,4,30,1
L:\Comic Archives\#\Series\2000 AD\2000 AD - 1986\2000AD #453 (1986).cbz,21011074,new,184.138,51.211,71.439,51.585,4,30,1
L:\Comic Archives\#\Series\2000 AD\2000 AD - 1986\2000AD #454 (1986).cbz,24872805,new,147.968,41.0,65.188,30.309,4,28,1
L:\Comic Archives\#\Series\2000 AD\2000 AD - 1986\2000AD #455 (1986).cbz,11684495,new,172.841,51.83,70.863,24.423,4,30,1
L:\Comic Archives\#\Series\2000 AD\2000 AD - 1986\2000AD #456 (1986).cbz,12228971,new,157.425,47.114,58.973,42.007,4,28,1
L:\Comic Archives\#\Series\2000 AD\2000 AD - 1986\2000AD #457 (1986).cbz,12113446,new,156.474,57.517,61.16,28.581,4,30,1
L:\Comic Archives\#\Series\2000 AD\2000 AD - 1986\2000AD #458 (1986).cbz,13124529,new,132.317,29.504,58.869,36.137,4,30,1
L:\Comic Archives\#\Series\2000 AD\2000 AD - 1986\2000AD #459 (1986).cbz,11878721,new,182.03,64.83,57.668,37.827,4,30,1
L:\Comic Archives\#\Series\2000 AD\2000 AD - 1986\2000AD #460 (1986).cbz,11851895,new,169.936,68.556,56.937,33.498,4,30,1
L:\Comic Archives\#\Series\2000 AD\2000 AD - 1986\2000AD #461 (1986).cbz,12171806,new,315.375,52.662,63.21,190.82,4,28,1
L:\Comic Archives\#\Series\2000 AD\2000 AD - 1986\2000AD #462 (1986).cbz,12376759,new,203.625,69.454,81.672,39.647,4,28,1
L:\Comic Archives\#\Series\2000 AD\2000 AD - 1986\2000AD #463 (1986).cbz,11418010,new,209.255,76.689,74.997,27.247,4,26,1
L:\Comic Archives\#\Series\2000 AD\2000 AD - 1986\2000AD #464 (1986).cbz,12830059,new,172.324,53.845,77.581,30.51,4,27,1
L:\Comic Archives\#\Series\2000 AD\2000 AD - 1986\2000AD #465 (1986).cbz,11015253,new,173.774,51.336,58.256,52.153,4,28,1
L:\Comic Archives\#\Series\2000 AD\2000 AD - 1986\2000AD #466 (1986).cbz,12153482,new,198.59,67.594,75.582,41.59,4,30,1
L:\Comic Archives\#\Series\2000 AD\2000 AD - 1986\2000AD #467 (1986).cbz,19133810,new,207.437,72.614,56.195,41.125,4,26,1
L:\Comic Archives\#\Series\2000 AD\2000 AD - 1986\2000AD #468 (1986).cbz,11208056,new,170.569,60.211,71.485,27.122,4,24,1
L:\Comic Archives\#\Series\2000 AD\2000 AD - 1986\2000AD #469 (1986).cbz,13948157,new,140.264,46.284,60.824,25.263,4,30,1
L:\Comic Archives\#\Series\2000 AD\2000 AD - 1986\2000AD #470 (1986).cbz,12046531,new,114.159,35.6,42.852,28.649,4,26,1
L:\Comic Archives\#\Series\2000 AD\2000 AD - 1986\2000AD #471 (1986).cbz,11987127,new,164.268,66.791,47.935,27.432,4,26,1
L:\Comic Archives\#\Series\2000 AD\2000 AD - 1986\2000AD #472 (1986).cbz,12649680,new,164.481,68.908,43.982,36.229,4,26,1
L:\Comic Archives\#\Series\2000 AD\2000 AD - 1986\2000AD #473 (1986).cbz,21014551,new,139.533,44.117,62.068,25.528,4,30,1
L:\Comic Archives\#\Series\2000 AD\2000 AD - 1986\2000AD #474 (1986).cbz,19044152,new,131.814,32.467,57.76,33.374,4,28,1
L:\Comic Archives\#\Series\2000 AD\2000 AD - 1986\2000AD #475 (1986).cbz,12162564,new,172.666,60.618,70.976,18.018,4,30,1
L:\Comic Archives\#\Series\2000 AD\2000 AD - 1986\2000AD #476 (1986).cbz,12731375,new,134.898,31.51,66.645,29.54,4,26,1
L:\Comic Archives\#\Series\2000 AD\2000 AD - 1986\2000AD #477 (1986).cbz,18277534,new,187.843,48.617,60.472,66.849,4,28,1
L:\Comic Archives\#\Series\2000 AD\2000 AD - 1986\2000AD #478 (1986).cbz,10800421,new,137.776,54.884,51.092,18.891,4,28,1
L:\Comic Archives\#\Series\2000 AD\2000 AD - 1986\2000AD #479 (1986).cbz,17089493,new,173.362,60.753,52.502,33.493,4,26,1
L:\Comic Archives\#\Series\2000 AD\2000 AD - 1986\2000AD #480 (1986).cbz,13043759,new,156.503,48.026,68.922,31.337,4,28,1
L:\Comic Archives\#\Series\2000 AD\2000 AD - 1986\2000AD #481 (1986).cbz,10515460,new,130.693,36.936,54.839,31.547,4,26,1
L:\Comic Archives\#\Series\2000 AD\2000 AD - 1986\2000AD #482 (1986).cbz,18671844,new,188.824,51.38,96.21,33.326,4,30,1
L:\Comic Archives\#\Series\2000 AD\2000 AD - 1986\2000AD #483 (1986).cbz,18760008,new,191.57,61.188,59.532,40.273,4,28,1
L:\Comic Archives\#\Series\2000 AD\2000 AD - 1986\2000AD #484 (1986).cbz,11624947,new,173.639,56.719,78.808,20.519,4,31,1
L:\Comic Archives\#\Series\2000 AD\2000 AD - 1986\2000AD #485 (1986).cbz,20453466,new,114.743,31.668,45.7,30.156,4,26,1
L:\Comic Archives\#\Series\2000 AD\2000 AD - 1986\2000AD #486 (1986).cbz,15273512,new,114.547,33.251,47.042,27.488,4,24,1
L:\Comic Archives\#\Series\2000 AD\2000 AD - 1986\2000AD #487 (1986).cbz,14988997,new,179.733,58.484,63.178,27.694,4,26,1
L:\Comic Archives\#\Series\2000 AD\2000 AD - 1986\2000AD #488 (1986).cbz,11781432,new,165.175,66.953,58.904,27.249,4,29,1
L:\Comic Archives\#\Series\2000 AD\2000 AD - 1986\2000AD #489 (1986).cbz,12515793,new,133.787,32.235,64.746,29.354,4,28,1
L:\Comic Archives\#\Series\2000 AD\2000 AD - 1986\2000AD #490 (1986).cbz,12127867,new,132.471,27.853,66.653,30.63,4,28,1
L:\Comic Archives\#\Series\2000 AD\2000 AD - 1986\2000AD #491 (1986).cbz,11572051,new,158.786,41.359,47.735,48.198,4,30,1
L:\Comic Archives\#\Series\2000 AD\2000 AD - 1986\2000AD #492 (1986).cbz,11557162,new,178.473,55.292,74.84,38.46,4,26,1
L:\Comic Archives\#\Series\2000 AD\2000 AD - 1986\2000AD #493 (1986).cbz,12842298,new,156.542,40.812,75.241,29.022,4,28,1
L:\Comic Archives\#\Series\2000 AD\2000 AD - 1986\2000AD #494 (1986).cbz,14485691,new,222.111,49.986,127.578,23.371,4,26,1
L:\Comic Archives\#\Series\2000 AD\2000 AD - 1986\2000AD #495 (1986).cbz,11902008,new,139.852,42.653,65.845,18.44,4,33,1
L:\Comic Archives\#\Series\2000 AD\2000 AD - 1986\2000AD #496 (1986).cbz,12258324,new,304.529,31.607,49.108,215.549,4,32,1
L:\Comic Archives\#\Series\2000 AD\2000 AD - 1986\2000AD #497 (1986).cbz,12445834,new,220.949,73.602,86.011,47.31,4,28,1
L:\Comic Archives\#\Series\2000 AD\2000 AD - 1986\2000AD #498 (1986).cbz,15343222,new,179.107,74.683,55.962,34.197,4,32,1
L:\Comic Archives\#\Series\2000 AD\2000 AD - 1986\2000AD #499 (1986).cbz,12789015,new,189.984,65.541,63.206,25.641,4,30,1
L:\Comic Archives\#\Series\2000 AD\2000 AD - 1986\2000AD #500 (1986).cbz,14718121,new,186.658,51.198,70.336,47.286,4,44,1
L:\Comic Archives\#\Series\2000 AD\2000 AD - 1986\2000AD #501 (1986).cbz,18722642,new,148.628,59.289,48.109,27.437,4,30,1
L:\Comic Archives\#\Series\2000 AD\2000 AD - 1986\2000AD #502 (1986).cbz,19846258,new,137.331,34.653,61.189,34.474,4,26,1
L:\Comic Archives\#\Series\2000 AD\2000 AD - 1987\2000AD #503 (1987).cbz,18984869,new,152.63,49.98,64.386,29.336,4,26,1
L:\Comic Archives\#\Series\2000 AD\2000 AD - 1987\2000AD #504 (1987).cbz,19700178,new,166.551,51.467,61.718,41.06,4,28,1
L:\Comic Archives\#\Series\2000 AD\2000 AD - 1987\2000AD #505 (1987).cbz,18118143,new,163.429,67.884,57.679,26.429,4,26,1
L:\Comic Archives\#\Series\2000 AD\2000 AD - 1987\2000AD #506 (1987).cbz,18504310,new,189.86,53.254,78.266,26.766,4,24,1
L:\Comic Archives\#\Series\2000 AD\2000 AD - 1987\2000AD #507 (1987).cbz,10451529,new,148.625,60.074,49.774,28.543,4,30,1
L:\Comic Archives\#\Series\2000 AD\2000 AD - 1987\2000AD #508 (1987).cbz,10570204,new,189.749,46.645,100.33,32.946,4,30,1
L:\Comic Archives\#\Series\2000 AD\2000 AD - 1987\2000AD #509 (1987).cbz,18869564,new,165.164,59.653,56.104,34.964,4,28,1
L:\Comic Archives\#\Series\2000 AD\2000 AD - 1987\2000AD #510 (1987).cbz,20251889,new,179.696,60.045,53.422,32.42,4,24,1
L:\Comic Archives\#\Series\2000 AD\2000 AD - 1987\2000AD #511 (1987).cbz,19906997,new,183.844,47.596,99.293,29.199,4,24,1
L:\Comic Archives\#\Series\2000 AD\2000 AD - 1987\2000AD #512 (1987).cbz,19556904,new,126.439,29.135,58.674,31.516,4,26,1
L:\Comic Archives\#\Series\2000 AD\2000 AD - 1987\2000AD #513 (1987).cbz,20135036,new,170.692,62.439,66.433,30.184,4,24,1
L:\Comic Archives\#\Series\2000 AD\2000 AD - 1987\2000AD #514 (1987).cbz,20878026,new,139.212,35.479,57.838,38.866,4,26,1
L:\Comic Archives\#\Series\2000 AD\2000 AD - 1987\2000AD #515 (1987).cbz,20710692,new,156.453,52.858,62.298,29.904,4,26,1
L:\Comic Archives\#\Series\2000 AD\2000 AD - 1987\2000AD #516 (1987).cbz,20417788,new,173.094,65.931,65.403,26.693,4,26,1
L:\Comic Archives\#\Series\2000 AD\2000 AD - 1987\2000AD #517 (1987).cbz,20878601,new,164.416,20.458,65.324,55.926,4,28,1
L:\Comic Archives\#\Series\2000 AD\2000 AD - 1987\2000AD #518 (1987).cbz,21189634,new,221.935,82.747,71.486,34.956,4,30,1
L:\Comic Archives\#\Series\2000 AD\2000 AD - 1987\2000AD #519 (1987).cbz,20620856,new,189.63,49.356,106.495,25.472,4,26,1
L:\Comic Archives\#\Series\2000 AD\2000 AD - 1987\2000AD #520 (1987).cbz,18175586,new,123.587,40.512,51.902,24.145,4,26,1
L:\Comic Archives\#\Series\2000 AD\2000 AD - 1987\2000AD #521 (1987).cbz,12166265,new,148.518,31.084,61.004,47.997,4,32,1
L:\Comic Archives\#\Series\2000 AD\2000 AD - 1987\2000AD #522 (1987).cbz,11607965,new,182.104,56.785,63.406,32.033,4,26,1
L:\Comic Archives\#\Series\2000 AD\2000 AD - 1987\2000AD #523 (1987).cbz,11614278,new,211.033,81.137,82.245,32.905,4,28,1
L:\Comic Archives\#\Series\2000 AD\2000 AD - 1987\2000AD #524 (1987).cbz,11669117,new,149.011,55.033,59.983,24.739,4,30,1
L:\Comic Archives\#\Series\2000 AD\2000 AD - 1987\2000AD #525 (1987).cbz,12250576,new,165.394,52.746,66.205,32.458,4,34,1
L:\Comic Archives\#\Series\2000 AD\2000 AD - 1987\2000AD #526 (1987).cbz,11743040,new,189.664,66.882,66.949,26.458,4,32,1
L:\Comic Archives\#\Series\2000 AD\2000 AD - 1987\2000AD #527 (1987).cbz,11826881,new,133.719,37.419,60.144,27.874,4,32,1
L:\Comic Archives\#\Series\2000 AD\2000 AD - 1987\2000AD #528 (1987).cbz,13056584,new,164.06,45.738,68.594,28.2,4,32,1
L:\Comic Archives\#\Series\2000 AD\2000 AD - 1987\2000AD #529 (1987).cbz,11711703,new,158.139,49.569,63.383,32.133,4,36,1
L:\Comic Archives\#\Series\2000 AD\2000 AD - 1987\2000AD #530 (1987).cbz,13331771,new,342.791,51.214,63.887,193.793,4,30,1
L:\Comic Archives\#\Series\2000 AD\2000 AD - 1987\2000AD #531 (1987).cbz,11904972,new,270.466,106.691,70.812,78.442,4,29,1
L:\Comic Archives\#\Series\2000 AD\2000 AD - 1987\2000AD #532 (1987).cbz,11986023,new,155.642,61.494,37.627,39.94,4,30,1
L:\Comic Archives\#\Series\2000 AD\2000 AD - 1987\2000AD #533 (1987).cbz,12928888,new,140.238,40.239,63.848,26.2,4,30,1
L:\Comic Archives\#\Series\2000 AD\2000 AD - 1987\2000AD #534 (1987).cbz,13095646,new,182.194,48.338,77.713,29.226,4,28,1
L:\Comic Archives\#\Series\2000 AD\2000 AD - 1987\2000AD #535 (1987).cbz,19400575,new,168.729,47.942,81.804,28.835,4,28,1
L:\Comic Archives\#\Series\2000 AD\2000 AD - 1987\2000AD #536 (1987).cbz,20749958,new,171.04,58.225,67.494,30.995,4,28,1
L:\Comic Archives\#\Series\2000 AD\2000 AD - 1987\2000AD #537 (1987).cbz,18326848,new,173.193,58.16,77.736,28.591,4,28,1
L:\Comic Archives\#\Series\2000 AD\2000 AD - 1987\2000AD #538 (1987).cbz,18974845,new,194.886,62.892,83.612,23.685,4,28,1
L:\Comic Archives\#\Series\2000 AD\2000 AD - 1987\2000AD #539 (1987).cbz,19004237,new,192.696,75.166,72.61,30.579,4,37,1
L:\Comic Archives\#\Series\2000 AD\2000 AD - 1987\2000AD #540 (1987).cbz,21352590,new,163.614,43.936,77.084,28.953,4,30,1
L:\Comic Archives\#\Series\2000 AD\2000 AD - 1987\2000AD #541 (1987).cbz,20041561,new,155.747,44.481,73.374,30.74,4,24,1
L:\Comic Archives\#\Series\2000 AD\2000 AD - 1987\2000AD #542 (1987).cbz,20481526,new,190.672,58.849,73.657,31.074,4,30,1
L:\Comic Archives\#\Series\2000 AD\2000 AD - 1987\2000AD #543 (1987).cbz,20967856,new,141.354,30.716,75.42,27.391,4,28,1
L:\Comic Archives\#\Series\2000 AD\2000 AD - 1987\2000AD #544 (1987).cbz,20503957,new,223.606,63.847,110.867,34.3,4,33,1
L:\Comic Archives\#\Series\2000 AD\2000 AD - 1987\2000AD #545 (1987).cbz,23088551,new,211.362,57.32,108.717,32.426,4,28,1
L:\Comic Archives\#\Series\2000 AD\2000 AD - 1987\2000AD #546 (1987).cbz,21123507,new,217.746,57.174,95.797,36.165,4,28,1
L:\Comic Archives\#\Series\2000 AD\2000 AD - 1987\2000AD #547 (1987).cbz,23696026,new,178.073,56.858,83.617,24.322,4,28,1
L:\Comic Archives\#\Series\2000 AD\2000 AD - 1987\2000AD #548 (1987).cbz,23825824,new,202.121,72.241,79.355,38.617,4,26,1
L:\Comic Archives\#\Series\2000 AD\2000 AD - 1987\2000AD #549 (1987).cbz,22174887,new,177.089,53.894,83.723,22.917,4,26,1
L:\Comic Archives\#\Series\2000 AD\2000 AD - 1987\2000AD #550 (1987).cbz,21296784,new,206.488,73.206,76.519,29.933,4,28,1
L:\Comic Archives\#\Series\2000 AD\2000 AD - 1987\2000AD #551 (1987).cbz,11975781,new,135.543,38.369,57.897,31.197,4,30,1
L:\Comic Archives\#\Series\2000 AD\2000 AD - 1987\2000AD #552 (1987).cbz,11962091,new,144.04,36.85,66.741,32.017,4,28,1
L:\Comic Archives\#\Series\2000 AD\2000 AD - 1987\2000AD #553 (1987).cbz,11403654,new,215.564,48.52,93.928,64.471,4,27,1
L:\Comic Archives\#\Series\2000 AD\2000 AD - 1987\2000AD #554 (1987).cbz,10592877,new,138.386,37.591,61.705,29.454,4,32,1
L:\Comic Archives\#\Series\2000 AD\2000 AD - 1988\2000AD #555 (1988).cbz,14139138,new,183.048,58.389,66.981,38.84,4,27,1
L:\Comic Archives\#\Series\2000 AD\2000 AD - 1988\2000AD #556 (1988).cbz,11827319,new,112.691,31.247,50.001,24.309,4,26,1
L:\Comic Archives\#\Series\2000 AD\2000 AD - 1988\2000AD #557 (1988).cbz,10845715,new,152.1,32.353,63.363,32.745,4,28,1
L:\Comic Archives\#\Series\2000 AD\2000 AD - 1988\2000AD #558 (1988).cbz,11601265,new,139.872,45.274,53.33,30.689,4,29,1
L:\Comic Archives\#\Series\2000 AD\2000 AD - 1988\2000AD #559 (1988).cbz,12709932,new,155.22,30.185,74.658,25.251,4,31,1
L:\Comic Archives\#\Series\2000 AD\2000 AD - 1988\2000AD #560 (1988).cbz,12376249,new,156.72,54.188,56.41,36.083,4,29,1
L:\Comic Archives\#\Series\2000 AD\2000 AD - 1988\2000AD #561 (1988).cbz,12264184,new,172.76,61.417,56.075,23.303,4,30,1
L:\Comic Archives\#\Series\2000 AD\2000 AD - 1988\2000AD #562 (1988).cbz,17184813,new,214.751,74.047,100.054,31.481,4,24,1
L:\Comic Archives\#\Series\2000 AD\2000 AD - 1988\2000AD #563 (1988).cbz,12426542,new,165.562,61.284,66.74,30.445,4,26,1
L:\Comic Archives\#\Series\2000 AD\2000 AD - 1988\2000AD #564 (1988).cbz,13003121,new,324.352,61.894,94.211,158.172,4,26,1
L:\Comic Archives\#\Series\2000 AD\2000 AD - 1988\2000AD #565 (1988).cbz,12281214,new,222.603,66.493,70.266,57.201,4,26,1
L:\Comic Archives\#\Series\2000 AD\2000 AD - 1988\2000AD #566 (1988).cbz,11243356,new,204.285,73.413,54.156,59.038,4,26,1
L:\Comic Archives\#\Series\2000 AD\2000 AD - 1988\2000AD #567 (1988).cbz,12139346,new,175.462,52.075,72.332,37.459,4,26,1
L:\Comic Archives\#\Series\2000 AD\2000 AD - 1988\2000AD #568 (1988).cbz,10981640,new,131.615,30.597,68.722,26.12,4,22,1
L:\Comic Archives\#\Series\2000 AD\2000 AD - 1988\2000AD #569 (1988).cbz,13030711,new,197.803,58.96,82.875,25.05,4,26,1
L:\Comic Archives\#\Series\2000 AD\2000 AD - 1988\2000AD #570 (1988).cbz,12482559,new,156.684,49.459,72.796,23.277,4,26,1
L:\Comic Archives\#\Series\2000 AD\2000 AD - 1988\2000AD #571 (1988).cbz,11995715,new,142.552,35.322,62.332,37.293,4,28,1
L:\Comic Archives\#\Series\2000 AD\2000 AD - 1988\2000AD #572 (1988).cbz,12598339,new,132.631,27.354,67.278,30.511,4,28,1
L:\Comic Archives\#\Series\2000 AD\2000 AD - 1988\2000AD #573 (1988).cbz,13723304,new,198.129,64.58,71.152,31.052,4,26,1
L:\Comic Archives\#\Series\2000 AD\2000 AD - 1988\2000AD #574 (1988).cbz,12052124,new,223.233,50.076,136.081,27.581,4,26,1
L:\Comic Archives\#\Series\2000 AD\2000 AD - 1988\2000AD #575 (1988).cbz,13507472,new,194.861,57.804,71.616,56.307,4,26,1
L:\Comic Archives\#\Series\2000 AD\2000 AD - 1988\2000AD #576 (1988).cbz,13940324,new,175.495,67.676,68.925,26.607,4,26,1
L:\Comic Archives\#\Series\2000 AD\2000 AD - 1988\2000AD #577 (1988).cbz,13272001,new,189.403,63.112,65.091,29.408,4,24,1
L:\Comic Archives\#\Series\2000 AD\2000 AD - 1988\2000AD #578 (1988).cbz,13171124,new,160.192,35.453,70.264,45.868,4,24,1
L:\Comic Archives\#\Series\2000 AD\2000 AD - 1988\2000AD #579 (1988).cbz,13295697,new,170.817,60.444,70.042,28.117,4,26,1
L:\Comic Archives\#\Series\2000 AD\2000 AD - 1988\2000AD #580 (1988).cbz,13956314,new,147.486,47.13,65.649,26.665,4,26,1
L:\Comic Archives\#\Series\2000 AD\2000 AD - 1988\2000AD #581 (1988).cbz,11994703,new,198.771,57.046,84.483,33.946,4,24,1
L:\Comic Archives\#\Series\2000 AD\2000 AD - 1988\2000AD #582 (1988).cbz,14666688,new,123.632,38.751,55.783,21.763,4,28,1
L:\Comic Archives\#\Series\2000 AD\2000 AD - 1988\2000AD #583 (1988).cbz,11302207,new,148.867,32.293,74.173,27.778,4,26,1
L:\Comic Archives\#\Series\2000 AD\2000 AD - 1988\2000AD #584 (1988).cbz,14705424,new,146.085,51.547,59.546,22.691,4,26,1
L:\Comic Archives\#\Series\2000 AD\2000 AD - 1988\2000AD #585 (1988).cbz,12278010,new,161.907,56.615,54.867,27.658,4,23,1
L:\Comic Archives\#\Series\2000 AD\2000 AD - 1988\2000AD #586 (1988).cbz,13678072,new,195.9,68.516,86.512,26.386,4,26,1
L:\Comic Archives\#\Series\2000 AD\2000 AD - 1988\2000AD #587 (1988).cbz,12260247,new,180.922,62.224,73.734,31.689,4,24,1
L:\Comic Archives\#\Series\2000 AD\2000 AD - 1988\2000AD #588 (1988).cbz,13739227,new,168.069,62.406,67.378,26.415,4,26,1
L:\Comic Archives\#\Series\2000 AD\2000 AD - 1988\2000AD #589 (1988).cbz,14324406,new,147.663,38.992,61.409,26.52,4,31,1
L:\Comic Archives\#\Series\2000 AD\2000 AD - 1988\2000AD #590 (1988).cbz,15167896,new,173.434,54.433,64.257,37.554,4,35,1
L:\Comic Archives\#\Series\2000 AD\2000 AD - 1988\2000AD #591 (1988).cbz,23998645,new,171.539,61.344,63.074,31.789,4,34,1
L:\Comic Archives\#\Series\2000 AD\2000 AD - 1988\2000AD #592 (1988).cbz,13866442,new,175.354,59.055,63.541,41.877,4,34,1
L:\Comic Archives\#\Series\2000 AD\2000 AD - 1988\2000AD #593 (1988).cbz,13231655,new,197.23,61.074,52.771,46.996,4,36,1
L:\Comic Archives\#\Series\2000 AD\2000 AD - 1988\2000AD #594 (1988).cbz,13316108,new,165.495,51.428,71.322,31.396,4,28,1
L:\Comic Archives\#\Series\2000 AD\2000 AD - 1988\2000AD #595 (1988).cbz,13658566,new,151.718,52.266,51.46,38.372,4,35,1
L:\Comic Archives\#\Series\2000 AD\2000 AD - 1988\2000AD #596 (1988).cbz,14249913,new,174.946,62.311,61.649,32.998,4,34,1
L:\Comic Archives\#\Series\2000 AD\2000 AD - 1988\2000AD #597 (1988).cbz,13992113,new,186.111,63.871,53.677,31.18,4,30,1
L:\Comic Archives\#\Series\2000 AD\2000 AD - 1988\2000AD #598 (1988).cbz,20706684,new,139.927,44.502,60.23,26.596,4,32,1
L:\Comic Archives\#\Series\2000 AD\2000 AD - 1988\2000AD #599 (1988).cbz,13669365,new,298.845,46.813,55.064,175.981,4,39,1
L:\Comic Archives\#\Series\2000 AD\2000 AD - 1988\2000AD #600 (1988).cbz,13991009,new,188.632,51.709,59.332,65.038,4,30,1
L:\Comic Archives\#\Series\2000 AD\2000 AD - 1988\2000AD #601 (1988).cbz,13759090,new,218.194,61.914,98.112,33.183,4,32,1
L:\Comic Archives\#\Series\2000 AD\2000 AD - 1988\2000AD #602 (1988).cbz,14986635,new,206.749,57.122,77.839,61.592,4,28,1
L:\Comic Archives\#\Series\2000 AD\2000 AD - 1988\2000AD #603 (1988).cbz,13500199,new,178.944,69.461,64.234,29.874,4,36,1
L:\Comic Archives\#\Series\2000 AD\2000 AD - 1988\2000AD #604 (1988).cbz,12385776,new,140.433,48.981,34.99,39.443,4,36,1
L:\Comic Archives\#\Series\2000 AD\2000 AD - 1988\2000AD #605 (1988).cbz,12919487,new,123.215,30.673,51.265,32.144,4,32,1
L:\Comic Archives\#\Series\2000 AD\2000 AD - 1988\2000AD #606 (1988).cbz,12685675,new,154.08,41.895,40.47,56.578,4,28,1
L:\Comic Archives\#\Series\2000 AD\2000 AD - 1988\2000AD #607 (1988).cbz,13956960,new,156.892,71.887,35.976,27.984,4,36,1
L:\Comic Archives\#\Series\2000 AD\2000 AD - 1989\2000AD #608 (1989).cbz,12394169,new,165.15,61.631,49.243,27.727,4,32,1
L:\Comic Archives\#\Series\2000 AD\2000 AD - 1989\2000AD #609 (1989).cbz,13949828,new,107.237,21.318,50.004,26.864,4,33,1
L:\Comic Archives\#\Series\2000 AD\2000 AD - 1989\2000AD #610 (1989).cbz,21417241,new,206.225,51.036,95.102,52.516,4,26,1
L:\Comic Archives\#\Series\2000 AD\2000 AD - 1989\2000AD #611 (1989).cbz,20539800,new,223.85,77.139,107.24,28.923,4,28,1
L:\Comic Archives\#\Series\2000 AD\2000 AD - 1989\2000AD #612 (1989).cbz,21835913,new,208.918,53.869,64.822,59.134,4,37,1
L:\Comic Archives\#\Series\2000 AD\2000 AD - 1989\2000AD #613 (1989).cbz,21230124,new,171.468,62.775,60.191,33.9,4,33,1
L:\Comic Archives\#\Series\2000 AD\2000 AD - 1989\2000AD #614 (1989).cbz,22379978,new,186.193,39.525,102.804,31.319,4,31,1
L:\Comic Archives\#\Series\2000 AD\2000 AD - 1989\2000AD #615 (1989).cbz,21322863,new,186.047,65.236,66.822,42.81,4,30,1
L:\Comic Archives\#\Series\2000 AD\2000 AD - 1989\2000AD #616 (1989).cbz,21369789,new,205.15,70.51,64.435,31.63,4,28,1
L:\Comic Archives\#\Series\2000 AD\2000 AD - 1989\2000AD #617 (1989).cbz,23077805,new,158.602,46.405,56.363,48.099,4,28,1
L:\Comic Archives\#\Series\2000 AD\2000 AD - 1989\2000AD #618 (1989).cbz,14786146,new,162.202,61.657,50.988,33.127,4,26,1
L:\Comic Archives\#\Series\2000 AD\2000 AD - 1989\2000AD #619 (1989).cbz,14759619,new,184.819,55.51,64.479,52.398,4,26,1
L:\Comic Archives\#\Series\2000 AD\2000 AD - 1989\2000AD #620 (1989).cbz,13764025,new,128.362,42.787,17.885,40.103,4,26,1
L:\Comic Archives\#\Series\2000 AD\2000 AD - 1989\2000AD #621 (1989).cbz,27801416,new,166.468,38.139,75.903,45.443,4,26,1
L:\Comic Archives\#\Series\2000 AD\2000 AD - 1989\2000AD #622 (1989).cbz,14859894,new,127.39,62.251,21.431,33.347,4,28,1
L:\Comic Archives\#\Series\2000 AD\2000 AD - 1989\2000AD #623 (1989).cbz,26342505,new,204.628,50.981,90.529,47.8,4,28,1
L:\Comic Archives\#\Series\2000 AD\2000 AD - 1989\2000AD #624 (1989).cbz,15006681,new,156.848,66.467,16.792,43.555,4,30,1
L:\Comic Archives\#\Series\2000 AD\2000 AD - 1989\2000AD #625 (1989).cbz,13157505,new,121.984,61.392,18.742,27.549,4,28,1
L:\Comic Archives\#\Series\2000 AD\2000 AD - 1989\2000AD #626 (1989).cbz,16082434,new,115.423,42.862,21.716,33.603,4,28,1
L:\Comic Archives\#\Series\2000 AD\2000 AD - 1989\2000AD #627 (1989).cbz,10458621,new,107.518,27.625,30.774,38.665,4,28,1
L:\Comic Archives\#\Series\2000 AD\2000 AD - 1989\2000AD #628 (1989).cbz,14188464,new,188.702,62.549,54.126,31.761,4,33,1
L:\Comic Archives\#\Series\2000 AD\2000 AD - 1989\2000AD #629 (1989).cbz,13325499,new,180.186,79.566,55.001,29.642,4,28,1
L:\Comic Archives\#\Series\2000 AD\2000 AD - 1989\2000AD #630 (1989).cbz,21222651,new,159.39,35.501,80.198,33.072,4,30,1
L:\Comic Archives\#\Series\2000 AD\2000 AD - 1989\2000AD #631 (1989).cbz,19847049,new,120.479,62.11,18.212,30.625,4,28,1
L:\Comic Archives\#\Series\2000 AD\2000 AD - 1989\2000AD #632 (1989).cbz,16923408,new,317.947,46.264,61.159,181.99,4,31,1
L:\Comic Archives\#\Series\2000 AD\2000 AD - 1989\2000AD #633 (1989).cbz,21374753,new,235.464,71.489,94.525,55.965,4,30,1
L:\Comic Archives\#\Series\2000 AD\2000 AD - 1989\2000AD #634 (1989).cbz,23076619,new,228.917,68.812,89.485,54.157,4,30,1
L:\Comic Archives\#\Series\2000 AD\2000 AD - 1989\2000AD #635 (1989).cbz,19785083,new,188.248,48.463,92.264,35.99,4,31,1
L:\Comic Archives\#\Series\2000 AD\2000 AD - 1989\2000AD #636 (1989).cbz,26956950,new,279.588,72.204,129.23,47.339,4,26,1
L:\Comic Archives\#\Series\2000 AD\2000 AD - 1989\2000AD #637 (1989).cbz,24030419,new,146.912,55.781,24.026,47.947,4,27,1
L:\Comic Archives\#\Series\2000 AD\2000 AD - 1989\2000AD #638 (1989).cbz,23069813,new,149.888,84.31,20.825,32.94,4,28,1
L:\Comic Archives\#\Series\2000 AD\2000 AD - 1989\2000AD #639 (1989).cbz,22591171,new,129.491,51.793,17.587,43.622,4,30,1
L:\Comic Archives\#\Series\2000 AD\2000 AD - 1989\2000AD #640 (1989).cbz,16345289,new,131.197,52.885,17.953,32.127,4,22,1
L:\Comic Archives\#\Series\2000 AD\2000 AD - 1989\2000AD #641 (1989).cbz,17980157,new,125.305,32.35,25.698,57.123,4,28,1
L:\Comic Archives\#\Series\2000 AD\2000 AD - 1989\2000AD #642 (1989).cbz,15604104,new,146.896,68.469,23.158,36.462,4,31,1
L:\Comic Archives\#\Series\2000 AD\2000 AD - 1989\2000AD #643 (1989).cbz,17323807,new,150.995,57.503,28.29,50.04,4,32,1
L:\Comic Archives\#\Series\2000 AD\2000 AD - 1989\2000AD #644 (1989).cbz,22435292,new,145.014,64.037,24.365,31.202,4,32,1
L:\Comic Archives\#\Series\2000 AD\2000 AD - 1989\2000AD #645 (1989).cbz,25490623,new,111.215,46.268,19.53,37.056,4,30,1
L:\Comic Archives\#\Series\2000 AD\2000 AD - 1989\2000AD #646 (1989).cbz,32636307,new,97.006,28.762,21.248,38.235,4,31,1
L:\Comic Archives\#\Series\2000 AD\2000 AD - 1989\2000AD #647 (1989).cbz,29692253,new,106.772,47.781,18.876,25.445,4,32,1
L:\Comic Archives\#\Series\2000 AD\2000 AD - 1989\2000AD #648 (1989).cbz,30478928,new,114.839,47.532,15.238,28.699,4,30,1
L:\Comic Archives\#\Series\2000 AD\2000 AD - 1989\2000AD #649 (1989).cbz,21779424,new,150.884,38.411,48.937,56.849,4,24,1
L:\Comic Archives\#\Series\2000 AD\2000 AD - 1989\2000AD #650 (1989).cbz,12905630,new,112.298,35.642,34.299,35.222,4,26,1
L:\Comic Archives\#\Series\2000 AD\2000 AD - 1989\2000AD #651 (1989).cbz,14448690,new,132.494,37.739,41.264,45.785,4,28,1
L:\Comic Archives\#\Series\2000 AD\2000 AD - 1989\2000AD #652 (1989).cbz,13815455,new,139.844,56.057,38.373,34.276,4,28,1
L:\Comic Archives\#\Series\2000 AD\2000 AD - 1989\2000AD #653 (1989).cbz,12727059,new,106.426,12.4,42.215,36.091,4,28,1
L:\Comic Archives\#\Series\2000 AD\2000 AD - 1989\2000AD #654 (1989).cbz,12714594,new,103.474,46.568,19.872,28.01,4,26,1
L:\Comic Archives\#\Series\2000 AD\2000 AD - 1989\2000AD #655 (1989).cbz,13162028,new,123.24,33.421,42.203,39.094,4,24,1
L:\Comic Archives\#\Series\2000 AD\2000 AD - 1989\2000AD #656 (1989).cbz,12971803,new,179.752,66.332,43.598,36.313,4,26,1
L:\Comic Archives\#\Series\2000 AD\2000 AD - 1989\2000AD #657 (1989).cbz,12972825,new,199.482,63.49,82.339,43.132,4,24,1
L:\Comic Archives\#\Series\2000 AD\2000 AD - 1989\2000AD #658 (1989).cbz,13246516,new,171.313,63.556,37.69,57.631,4,26,1
L:\Comic Archives\#\Series\2000 AD\2000 AD - 1989\2000AD #659 (1989).cbz,13219614,new,104.471,34.617,37.338,22.371,4,24,1
L:\Comic Archives\#\Series\2000 AD\2000 AD - 1990\2000AD #660 (1990).cbz,12311910,new,118.159,58.968,18.608,29.098,4,34,1
L:\Comic Archives\#\Series\2000 AD\2000 AD - 1990\2000AD #661 (1990).cbz,17765960,new,164.535,40.111,69.745,43.676,4,26,1
L:\Comic Archives\#\Series\2000 AD\2000 AD - 1990\2000AD #662 (1990).cbz,16987509,new,171.268,69.818,61.922,29.591,4,26,1
L:\Comic Archives\#\Series\2000 AD\2000 AD - 1990\2000AD #663 (1990).cbz,21085668,new,173.554,47.509,77.091,27.526,4,29,1
L:\Comic Archives\#\Series\2000 AD\2000 AD - 1990\2000AD #664 (1990).cbz,19528097,new,178.468,62.82,73.827,31.885,4,26,1
L:\Comic Archives\#\Series\2000 AD\2000 AD - 1990\2000AD #665 (1990).cbz,15408097,new,128.574,53.594,34.873,29.008,4,28,1
L:\Comic Archives\#\Series\2000 AD\2000 AD - 1990\2000AD #666 (1990).cbz,24579576,new,357.867,48.143,65.54,236.355,4,30,1
L:\Comic Archives\#\Series\2000 AD\2000 AD - 1990\2000AD #667 (1990).cbz,14195053,new,171.445,49.711,31.616,65.756,4,28,1
L:\Comic Archives\#\Series\2000 AD\2000 AD - 1990\2000AD #668 (1990).cbz,19238857,new,176.636,65.37,65.716,35.605,4,28,1
L:\Comic Archives\#\Series\2000 AD\2000 AD - 1990\2000AD #669 (1990).cbz,12327674,new,138.825,44.392,37.0,48.702,4,30,1
L:\Comic Archives\#\Series\2000 AD\2000 AD - 1990\2000AD #670 (1990).cbz,22476520,new,172.898,40.718,65.847,57.879,4,32,1
L:\Comic Archives\#\Series\2000 AD\2000 AD - 1990\2000AD #671 (1990).cbz,12942007,new,198.58,63.442,70.73,39.675,4,26,1
L:\Comic Archives\#\Series\2000 AD\2000 AD - 1990\2000AD #672 (1990).cbz,19986806,new,180.267,51.334,82.398,32.26,4,30,1
L:\Comic Archives\#\Series\2000 AD\2000 AD - 1990\2000AD #673 (1990).cbz,13501434,new,124.064,41.633,36.665,37.409,4,30,1
L:\Comic Archives\#\Series\2000 AD\2000 AD - 1990\2000AD #674 (1990).cbz,25291485,new,148.746,36.186,78.949,25.129,4,32,1
L:\Comic Archives\#\Series\2000 AD\2000 AD - 1990\2000AD #675 (1990).cbz,13437488,new,139.094,36.036,45.584,36.158,4,30,1
L:\Comic Archives\#\Series\2000 AD\2000 AD - 1990\2000AD #676 (1990).cbz,11581300,new,123.17,33.183,48.866,32.82,4,32,1
L:\Comic Archives\#\Series\2000 AD\2000 AD - 1990\2000AD #677 (1990).cbz,11674186,new,156.051,34.327,53.679,60.034,4,28,1
L:\Comic Archives\#\Series\2000 AD\2000 AD - 1990\2000AD #678 (1990).cbz,15870440,new,170.201,70.601,60.035,25.496,4,32,1
L:\Comic Archives\#\Series\2000 AD\2000 AD - 1990\2000AD #679 (1990).cbz,18347820,new,272.409,82.074,96.071,54.447,4,31,1
L:\Comic Archives\#\Series\2000 AD\2000 AD - 1990\2000AD #680 (1990).cbz,21500993,new,189.867,39.433,67.072,74.999,4,32,1
L:\Comic Archives\#\Series\2000 AD\2000 AD - 1990\2000AD #681 (1990).cbz,14260853,new,146.121,57.352,38.805,35.804,4,32,1
L:\Comic Archives\#\Series\2000 AD\2000 AD - 1990\2000AD #682 (1990).cbz,21123253,new,179.57,63.538,72.167,28.27,4,26,1
L:\Comic Archives\#\Series\2000 AD\2000 AD - 1990\2000AD #683 (1990).cbz,12465163,new,164.65,71.994,38.148,22.056,4,28,1
L:\Comic Archives\#\Series\2000 AD\2000 AD - 1990\2000AD #684 (1990).cbz,12222985,new,122.528,48.24,35.895,29.903,4,30,1
L:\Comic Archives\#\Series\2000 AD\2000 AD - 1990\2000AD #685 (1990).cbz,16223360,new,231.998,64.654,116.003,37.885,4,30,1
L:\Comic Archives\#\Series\2000 AD\2000 AD - 1990\2000AD #686 (1990).cbz,12248195,new,106.178,18.914,35.46,44.254,4,28,1
L:\Comic Archives\#\Series\2000 AD\2000 AD - 1990\2000AD #687 (1990).cbz,15633253,new,179.953,48.926,72.139,35.127,4,28,1
L:\Comic Archives\#\Series\2000 AD\2000 AD - 1990\2000AD #688 (1990).cbz,11952272,new,118.884,38.958,34.606,36.499,4,31,1
L:\Comic Archives\#\Series\2000 AD\2000 AD - 1990\2000AD #689 (1990).cbz,17020197,new,165.119,34.062,65.532,57.359,4,30,1
L:\Comic Archives\#\Series\2000 AD\2000 AD - 1990\2000AD #690 (1990).cbz,24741792,new,158.031,30.501,65.892,53.603,4,30,1
L:\Comic Archives\#\Series\2000 AD\2000 AD - 1990\2000AD #691 (1990).cbz,12259981,new,181.796,36.674,46.408,64.427,4,30,1
L:\Comic Archives\#\Series\2000 AD\2000 AD - 1990\2000AD #692 (1990).cbz,15081769,new,155.029,47.113,59.382,32.755,4,30,1
L:\Comic Archives\#\Series\2000 AD\2000 AD - 1990\2000AD #693 (1990).cbz,13035024,new,115.315,34.385,34.195,39.384,4,28,1
L:\Comic Archives\#\Series\2000 AD\2000 AD - 1990\2000AD #694 (1990).cbz,12562848,new,107.142,25.965,35.113,38.47,4,28,1
L:\Comic Archives\#\Series\2000 AD\2000 AD - 1990\2000AD #695 (1990).cbz,12246764,new,131.158,38.917,36.67,28.62,4,28,1
L:\Comic Archives\#\Series\2000 AD\2000 AD - 1990\2000AD #696 (1990).cbz,12729654,new,105.672,23.204,36.329,37.692,4,30,1
L:\Comic Archives\#\Series\2000 AD\2000 AD - 1990\2000AD #697 (1990).cbz,13040422,new,145.862,52.221,48.69,30.673,4,28,1
L:\Comic Archives\#\Series\2000 AD\2000 AD - 1990\2000AD #698 (1990).cbz,14400498,new,124.4,40.915,37.811,37.635,4,28,1
L:\Comic Archives\#\Series\2000 AD\2000 AD - 1990\2000AD #699 (1990).cbz,14985993,new,170.87,71.015,47.839,23.152,4,26,1
L:\Comic Archives\#\Series\2000 AD\2000 AD - 1990\2000AD #700 (1990).cbz,11080543,new,271.509,40.273,64.566,156.519,4,34,1
L:\Comic Archives\#\Series\2000 AD\2000 AD - 1990\2000AD #701 (1990).cbz,23908051,new,202.838,81.394,68.538,41.27,4,35,1
L:\Comic Archives\#\Series\2000 AD\2000 AD - 1990\2000AD #702 (1990).cbz,16519109,new,167.104,69.686,56.172,31.223,4,32,1
L:\Comic Archives\#\Series\2000 AD\2000 AD - 1990\2000AD #703 (1990).cbz,26629275,new,206.31,75.995,71.841,24.923,4,32,1
L:\Comic Archives\#\Series\2000 AD\2000 AD - 1990\2000AD #704 (1990).cbz,28654680,new,159.116,54.477,62.319,30.58,4,32,1
L:\Comic Archives\#\Series\2000 AD\2000 AD - 1990\2000AD #705 (1990).cbz,29168218,new,197.961,55.933,93.457,26.877,4,32,1
L:\Comic Archives\#\Series\2000 AD\2000 AD - 1990\2000AD #706 (1990).cbz,27003925,new,139.592,32.181,66.108,33.358,4,30,1
L:\Comic Archives\#\Series\2000 AD\2000 AD - 1990\2000AD #707 (1990).cbz,30116644,new,215.111,64.347,72.401,51.069,4,28,1
L:\Comic Archives\#\Series\2000 AD\2000 AD - 1990\2000AD #708 (1990).cbz,27376262,new,187.649,60.128,75.58,37.118,4,28,1
L:\Comic Archives\#\Series\2000 AD\2000 AD - 1990\2000AD #709 (1990).cbz,27326092,new,187.382,69.254,71.601,34.129,4,28,1
L:\Comic Archives\#\Series\2000 AD\2000 AD - 1990\2000AD #710 (1990).cbz,20891504,new,173.572,49.119,67.06,43.923,4,35,1
L:\Comic Archives\#\Series\2000 AD\2000 AD - 1990\2000AD #711 (1990).cbz,19058428,new,189.818,70.14,65.686,38.946,4,26,1
L:\Comic Archives\#\Series\2000 AD\2000 AD - 1991\2000AD #712 (1991).cbz,22076645,new,240.105,53.94,128.453,42.865,4,29,1
L:\Comic Archives\#\Series\2000 AD\2000 AD - 1991\2000AD #713 (1991).cbz,21628751,new,163.725,51.342,65.877,35.888,4,24,1
L:\Comic Archives\#\Series\2000 AD\2000 AD - 1991\2000AD #714 (1991).cbz,20901963,new,188.165,56.302,65.296,47.488,4,27,1
L:\Comic Archives\#\Series\2000 AD\2000 AD - 1991\2000AD #715 (1991).cbz,19759640,new,162.864,37.911,71.198,44.59,4,29,1
L:\Comic Archives\#\Series\2000 AD\2000 AD - 1991\2000AD #716 (1991).cbz,18624954,new,139.867,37.553,64.364,31.219,4,24,1
L:\Comic Archives\#\Series\2000 AD\2000 AD - 1991\2000AD #717 (1991).cbz,18127598,new,133.764,31.263,60.104,32.986,4,30,1
L:\Comic Archives\#\Series\2000 AD\2000 AD - 1991\2000AD #718 (1991).cbz,18865904,new,154.106,41.286,56.343,35.701,4,26,1
L:\Comic Archives\#\Series\2000 AD\2000 AD - 1991\2000AD #719 (1991).cbz,19698350,new,215.746,56.112,100.985,46.308,4,26,1
L:\Comic Archives\#\Series\2000 AD\2000 AD - 1991\2000AD #720 (1991).cbz,20148253,new,169.858,57.022,63.314,28.676,4,28,1
L:\Comic Archives\#\Series\2000 AD\2000 AD - 1991\2000AD #721 (1991).cbz,20526225,new,198.502,54.238,107.486,25.907,4,27,1
L:\Comic Archives\#\Series\2000 AD\2000 AD - 1991\2000AD #722 (1991).cbz,13298652,new,207.573,55.745,41.078,76.594,4,27,1
L:\Comic Archives\#\Series\2000 AD\2000 AD - 1991\2000AD #723 (1991).cbz,17631128,new,179.139,75.759,55.534,26.001,4,35,1
L:\Comic Archives\#\Series\2000 AD\2000 AD - 1991\2000AD #724 (1991).cbz,14663879,new,118.274,26.671,43.08,39.858,4,34,1
L:\Comic Archives\#\Series\2000 AD\2000 AD - 1991\2000AD #725 (1991).cbz,24954273,new,180.294,44.829,78.678,38.939,4,32,1
L:\Comic Archives\#\Series\2000 AD\2000 AD - 1991\2000AD #726 (1991).cbz,24415574,new,172.818,42.059,56.604,45.09,4,34,1
L:\Comic Archives\#\Series\2000 AD\2000 AD - 1991\2000AD #727 (1991).cbz,16904970,new,139.976,37.502,49.381,44.278,4,34,1
L:\Comic Archives\#\Series\2000 AD\2000 AD - 1991\2000AD #728 (1991).cbz,16464123,new,164.017,40.216,72.211,31.991,4,34,1
L:\Comic Archives\#\Series\2000 AD\2000 AD - 1991\2000AD #729 (1991).cbz,17112045,new,106.565,24.532,51.837,21.971,4,32,1
L:\Comic Archives\#\Series\2000 AD\2000 AD - 1991\2000AD #730 (1991).cbz,13861993,new,189.509,62.667,39.996,54.218,4,30,1
L:\Comic Archives\#\Series\2000 AD\2000 AD - 1991\2000AD #731 (1991).cbz,13578315,new,141.12,60.828,45.832,20.218,4,32,1
L:\Comic Archives\#\Series\2000 AD\2000 AD - 1991\2000AD #732 (1991).cbz,14557225,new,117.445,29.93,55.792,23.382,4,32,1
L:\Comic Archives\#\Series\2000 AD\2000 AD - 1991\2000AD #733 (1991).cbz,14411167,new,243.933,30.795,49.402,155.164,4,32,1
L:\Comic Archives\#\Series\2000 AD\2000 AD - 1991\2000AD #734 (1991).cbz,14527004,new,270.841,63.461,54.088,85.188,4,32,1
L:\Comic Archives\#\Series\2000 AD\2000 AD - 1991\2000AD #735 (1991).cbz,13923468,new,178.394,63.332,51.975,44.667,4,32,1
L:\Comic Archives\#\Series\2000 AD\2000 AD - 1991\2000AD #736 (1991).cbz,13753229,new,139.632,41.666,50.065,38.694,4,32,1
L:\Comic Archives\#\Series\2000 AD\2000 AD - 1991\2000AD #737 (1991).cbz,15690123,new,146.298,29.676,65.805,42.535,4,32,1
L:\Comic Archives\#\Series\2000 AD\2000 AD - 1991\2000AD #738 (1991).cbz,14942001,new,156.049,64.335,40.442,38.355,4,32,1
L:\Comic Archives\#\Series\2000 AD\2000 AD - 1991\2000AD #739 (1991).cbz,15046596,new,140.571,38.108,54.023,29.833,4,34,1
L:\Comic Archives\#\Series\2000 AD\2000 AD - 1991\2000AD #740 (1991).cbz,14825388,new,154.551,40.771,48.145,56.774,4,32,1
L:\Comic Archives\#\Series\2000 AD\2000 AD - 1991\2000AD #741 (1991).cbz,16063096,new,131.37,36.002,56.339,25.973,4,29,1
L:\Comic Archives\#\Series\2000 AD\2000 AD - 1991\2000AD #742 (1991).cbz,14133535,new,156.778,60.569,42.451,27.431,4,31,1
L:\Comic Archives\#\Series\2000 AD\2000 AD - 1991\2000AD #743 (1991).cbz,18399056,new,124.406,35.709,52.782,26.449,4,30,1
L:\Comic Archives\#\Series\2000 AD\2000 AD - 1991\2000AD #744 (1991).cbz,14556325,new,105.201,32.356,39.26,24.673,4,30,1
L:\Comic Archives\#\Series\2000 AD\2000 AD - 1991\2000AD #745 (1991).cbz,14324579,new,99.294,22.629,39.053,29.372,4,32,1
L:\Comic Archives\#\Series\2000 AD\2000 AD - 1991\2000AD #746 (1991).cbz,26668665,new,173.725,38.186,77.328,37.373,4,30,1
L:\Comic Archives\#\Series\2000 AD\2000 AD - 1991\2000AD #747 (1991).cbz,13813216,new,114.172,30.922,36.752,38.442,4,30,1
L:\Comic Archives\#\Series\2000 AD\2000 AD - 1991\2000AD #748 (1991).cbz,21739352,new,167.167,42.836,72.589,34.109,4,30,1
L:\Comic Archives\#\Series\2000 AD\2000 AD - 1991\2000AD #749 (1991).cbz,13455260,new,150.45,67.952,39.713,30.014,4,29,1
L:\Comic Archives\#\Series\2000 AD\2000 AD - 1991\2000AD #750 (1991).cbz,15343572,new,164.746,57.654,47.607,31.359,4,31,1
L:\Comic Archives\#\Series\2000 AD\2000 AD - 1991\2000AD #751 (1991).cbz,38478527,new,282.433,43.117,184.497,45.79,4,30,1
L:\Comic Archives\#\Series\2000 AD\2000 AD - 1991\2000AD #752 (1991).cbz,31420114,new,191.388,63.339,86.139,33.902,4,30,1
L:\Comic Archives\#\Series\2000 AD\2000 AD - 1991\2000AD #753 (1991).cbz,21499870,new,162.694,45.766,69.947,38.111,4,30,1
L:\Comic Archives\#\Series\2000 AD\2000 AD - 1991\2000AD #754 (1991).cbz,23173471,new,174.886,38.133,75.511,42.956,4,30,1
L:\Comic Archives\#\Series\2000 AD\2000 AD - 1991\2000AD #755 (1991).cbz,21556269,new,171.122,39.543,70.677,52.384,4,30,1
L:\Comic Archives\#\Series\2000 AD\2000 AD - 1991\2000AD #756 (1991).cbz,34544480,new,156.295,39.064,79.469,29.627,4,30,1
L:\Comic Archives\#\Series\2000 AD\2000 AD - 1991\2000AD #757 (1991).cbz,25978806,new,148.91,30.72,80.161,30.524,4,28,1
L:\Comic Archives\#\Series\2000 AD\2000 AD - 1991\2000AD #758 (1991).cbz,23535030,new,267.526,83.414,109.676,41.712,4,26,1
L:\Comic Archives\#\Series\2000 AD\2000 AD - 1991\2000AD #759 (1991).cbz,23087197,new,159.408,51.2,66.843,28.229,4,26,1
L:\Comic Archives\#\Series\2000 AD\2000 AD - 1991\2000AD #760 (1991).cbz,20983401,new,192.979,43.311,75.055,63.482,4,27,1
L:\Comic Archives\#\Series\2000 AD\2000 AD - 1991\2000AD #761 (1991).cbz,23590536,new,136.705,41.434,65.383,22.071,4,26,1
L:\Comic Archives\#\Series\2000 AD\2000 AD - 1991\2000AD #762 (1991).cbz,21276579,new,166.776,59.911,64.848,34.257,4,24,1
L:\Comic Archives\#\Series\2000 AD\2000 AD - 1991\2000AD #763 (1991).cbz,19415163,new,158.323,47.342,74.638,25.124,4,24,1
L:\Comic Archives\#\Series\2000 AD\2000 AD - 1992\2000AD #764 (1992).cbz,20148783,new,123.987,38.201,62.007,16.745,4,26,1
L:\Comic Archives\#\Series\2000 AD\2000 AD - 1992\2000AD #765 (1992).cbz,19972666,new,182.341,49.404,67.009,41.709,4,26,1
L:\Comic Archives\#\Series\2000 AD\2000 AD - 1992\2000AD #766 (1992).cbz,20496764,new,191.631,57.48,68.365,47.735,4,31,1
L:\Comic Archives\#\Series\2000 AD\2000 AD - 1992\2000AD #767 (1992).cbz,20091862,new,338.533,52.397,83.718,189.128,4,28,1
L:\Comic Archives\#\Series\2000 AD\2000 AD - 1992\2000AD #768 (1992).cbz,21163789,new,238.539,105.401,55.914,61.062,4,28,1
L:\Comic Archives\#\Series\2000 AD\2000 AD - 1992\2000AD #769 (1992).cbz,20114030,new,197.465,67.986,57.453,39.482,4,28,1
L:\Comic Archives\#\Series\2000 AD\2000 AD - 1992\2000AD #770 (1992).cbz,21757684,new,208.516,67.165,66.65,50.306,4,31,1
L:\Comic Archives\#\Series\2000 AD\2000 AD - 1992\2000AD #771 (1992).cbz,18267678,new,156.496,34.932,69.991,43.789,4,30,1
L:\Comic Archives\#\Series\2000 AD\2000 AD - 1992\2000AD #772 (1992).cbz,19572219,new,155.787,26.59,97.816,23.533,4,30,1
L:\Comic Archives\#\Series\2000 AD\2000 AD - 1992\2000AD #773 (1992).cbz,19398644,new,233.101,70.723,92.375,37.658,4,30,1
L:\Comic Archives\#\Series\2000 AD\2000 AD - 1992\2000AD #774 (1992).cbz,33425718,new,212.266,51.967,116.821,27.732,4,37,1
L:\Comic Archives\#\Series\2000 AD\2000 AD - 1992\2000AD #775 (1992).cbz,19687147,new,172.699,63.649,64.614,28.741,4,32,1
L:\Comic Archives\#\Series\2000 AD\2000 AD - 1992\2000AD #776 (1992).cbz,19410620,new,172.785,55.702,73.693,27.798,4,34,1
L:\Comic Archives\#\Series\2000 AD\2000 AD - 1992\2000AD #777 (1992).cbz,37491254,new,314.119,64.869,182.918,35.972,4,34,1
L:\Comic Archives\#\Series\2000 AD\2000 AD - 1992\2000AD #778 (1992).cbz,35784233,new,324.002,91.905,181.359,34.918,4,34,1
L:\Comic Archives\#\Series\2000 AD\2000 AD - 1992\2000AD #779 (1992).cbz,38120349,new,372.509,93.033,235.28,32.413,4,32,1
L:\Comic Archives\#\Series\2000 AD\2000 AD - 1992\2000AD #780 (1992).cbz,37319693,new,398.873,100.052,246.298,40.51,4,32,1
L:\Comic Archives\#\Series\2000 AD\2000 AD - 1992\2000AD #781 (1992).cbz,24149898,new,235.049,71.263,77.409,37.524,4,30,1
L:\Comic Archives\#\Series\2000 AD\2000 AD - 1992\2000AD #782 (1992).cbz,38945346,new,256.231,36.52,176.59,35.295,4,30,1
L:\Comic Archives\#\Series\2000 AD\2000 AD - 1992\2000AD #783 (1992).cbz,41172685,new,344.957,106.371,188.557,36.476,4,30,1
L:\Comic Archives\#\Series\2000 AD\2000 AD - 1992\2000AD #784 (1992).cbz,38696706,new,340.594,63.636,243.248,25.699,4,30,1
L:\Comic Archives\#\Series\2000 AD\2000 AD - 1992\2000AD #785 (1992).cbz,12383480,new,189.781,65.406,45.146,27.369,4,28,1
L:\Comic Archives\#\Series\2000 AD\2000 AD - 1992\2000AD #786 (1992).cbz,19068280,new,140.089,48.617,51.318,30.59,4,24,1
L:\Comic Archives\#\Series\2000 AD\2000 AD - 1992\2000AD #787 (1992).cbz,18523911,new,115.299,35.104,52.674,19.325,4,32,1
L:\Comic Archives\#\Series\2000 AD\2000 AD - 1992\2000AD #788 (1992).cbz,18381041,new,146.305,33.319,59.79,45.346,4,30,1
L:\Comic Archives\#\Series\2000 AD\2000 AD - 1992\2000AD #789 (1992).cbz,18373508,new,113.506,11.504,60.119,21.59,4,30,1
L:\Comic Archives\#\Series\2000 AD\2000 AD - 1992\2000AD #790 (1992).cbz,19295759,new,132.423,40.943,50.067,33.481,4,30,1
L:\Comic Archives\#\Series\2000 AD\2000 AD - 1992\2000AD #791 (1992).cbz,23016372,new,150.318,44.6,66.862,30.829,4,28,1
L:\Comic Archives\#\Series\2000 AD\2000 AD - 1992\2000AD #792 (1992).cbz,25899950,new,160.621,42.184,70.797,39.693,4,28,1
L:\Comic Archives\#\Series\2000 AD\2000 AD - 1992\2000AD #793 (1992).cbz,14886040,new,139.847,46.455,44.298,29.275,4,28,1
L:\Comic Archives\#\Series\2000 AD\2000 AD - 1992\2000AD #794 (1992).cbz,16106048,new,115.17,41.795,36.802,28.014,4,30,1
L:\Comic Archives\#\Series\2000 AD\2000 AD - 1992\2000AD #795 (1992).cbz,18884185,new,110.962,31.612,47.45,24.391,4,28,1
L:\Comic Archives\#\Series\2000 AD\2000 AD - 1992\2000AD #796 (1992).cbz,18894183,new,142.626,46.543,57.467,29.99,4,28,1
L:\Comic Archives\#\Series\2000 AD\2000 AD - 1992\2000AD #797 (1992).cbz,19002136,new,131.159,31.524,48.171,31.902,4,28,1
L:\Comic Archives\#\Series\2000 AD\2000 AD - 1992\2000AD #798 (1992).cbz,37814190,new,322.828,42.0,244.661,28.302,4,30,1
L:\Comic Archives\#\Series\2000 AD\2000 AD - 1992\2000AD #799 (1992).cbz,34599467,new,404.909,96.341,265.109,27.427,4,28,1
L:\Comic Archives\#\Series\2000 AD\2000 AD - 1992\2000AD #800 (1992).cbz,33345400,new,434.198,102.878,77.305,229.81,4,30,1
L:\Comic Archives\#\Series\2000 AD\2000 AD - 1992\2000AD #801 (1992).cbz,31068160,new,222.631,35.778,110.189,54.813,4,30,1
L:\Comic Archives\#\Series\2000 AD\2000 AD - 1992\2000AD #802 (1992).cbz,34582058,new,158.805,26.827,88.935,34.697,4,30,1
L:\Comic Archives\#\Series\2000 AD\2000 AD - 1992\2000AD #803 (1992).cbz,29669112,new,157.673,42.082,81.842,24.752,4,31,1
L:\Comic Archives\#\Series\2000 AD\2000 AD - 1992\2000AD #804 (1992).cbz,32161814,new,188.848,40.622,110.664,29.736,4,30,1
L:\Comic Archives\#\Series\2000 AD\2000 AD - 1992\2000AD #805 (1992).cbz,20446868,new,215.625,75.091,68.14,38.153,4,30,1
L:\Comic Archives\#\Series\2000 AD\2000 AD - 1992\2000AD #806 (1992).cbz,36964939,new,262.675,43.026,181.308,27.796,4,32,1
L:\Comic Archives\#\Series\2000 AD\2000 AD - 1992\2000AD #807 (1992).cbz,12889031,new,191.637,100.644,47.739,31.56,4,32,1
L:\Comic Archives\#\Series\2000 AD\2000 AD - 1992\2000AD #808 (1992).cbz,13192680,new,154.392,62.778,45.325,32.127,4,32,1
L:\Comic Archives\#\Series\2000 AD\2000 AD - 1992\2000AD #809 (1992).cbz,13747120,new,165.063,53.105,45.486,36.209,4,32,1
L:\Comic Archives\#\Series\2000 AD\2000 AD - 1992\2000AD #810 (1992).cbz,37443604,new,331.186,35.287,238.558,48.689,4,32,1
L:\Comic Archives\#\Series\2000 AD\2000 AD - 1992\2000AD #811 (1992).cbz,35942612,new,272.368,52.437,173.748,37.421,4,32,1
L:\Comic Archives\#\Series\2000 AD\2000 AD - 1992\2000AD #812 (1992).cbz,33022533,new,248.251,117.069,75.803,40.681,4,36,1
L:\Comic Archives\#\Series\2000 AD\2000 AD - 1992\2000AD #813 (1992).cbz,32164065,new,166.225,26.248,77.555,54.052,4,32,1
L:\Comic Archives\#\Series\2000 AD\2000 AD - 1992\2000AD #814 (1992).cbz,37195989,new,277.93,57.296,181.56,26.183,4,32,1
L:\Comic Archives\#\Series\2000 AD\2000 AD - 1992\2000AD #815 (1992).cbz,37802579,new,358.129,106.812,209.878,31.683,4,32,1
L:\Comic Archives\#\Series\2000 AD\2000 AD - 1993\2000AD #816 (1993).cbz,37283251,new,381.414,78.501,202.703,53.037,4,30,1
L:\Comic Archives\#\Series\2000 AD\2000 AD - 1993\2000AD #817 (1993).cbz,37959026,new,292.16,64.758,167.056,44.584,4,28,1
L:\Comic Archives\#\Series\2000 AD\2000 AD - 1993\2000AD #818 (1993).cbz,36485430,new,304.121,91.851,167.344,34.32,4,28,1
L:\Comic Archives\#\Series\2000 AD\2000 AD - 1993\2000AD #819 (1993).cbz,24136138,new,256.201,120.96,66.857,55.654,4,28,1
L:\Comic Archives\#\Series\2000 AD\2000 AD - 1993\2000AD #820 (1993).cbz,21727980,new,176.471,54.175,68.061,21.27,4,28,1
L:\Comic Archives\#\Series\2000 AD\2000 AD - 1993\2000AD #821 (1993).cbz,40165263,new,263.971,49.249,178.873,26.511,4,28,1
L:\Comic Archives\#\Series\2000 AD\2000 AD - 1993\2000AD #822 (1993).cbz,39897864,new,292.908,92.374,173.321,19.633,4,28,1
L:\Comic Archives\#\Series\2000 AD\2000 AD - 1993\2000AD #823 (1993).cbz,21435817,new,140.491,44.054,66.286,23.185,4,24,1
L:\Comic Archives\#\Series\2000 AD\2000 AD - 1993\2000AD #824 (1993).cbz,39514990,new,256.675,39.148,165.064,27.422,4,27,1
L:\Comic Archives\#\Series\2000 AD\2000 AD - 1993\2000AD #825 (1993).cbz,37099821,new,313.705,101.858,170.647,33.251,4,28,1
L:\Comic Archives\#\Series\2000 AD\2000 AD - 1993\2000AD #826 (1993).cbz,38525324,new,391.711,125.269,199.03,57.519,4,26,1
L:\Comic Archives\#\Series\2000 AD\2000 AD - 1993\2000AD #827 (1993).cbz,38552713,new,311.901,86.009,175.452,35.321,4,23,1
L:\Comic Archives\#\Series\2000 AD\2000 AD - 1993\2000AD #828 (1993).cbz,39966474,new,341.245,86.365,164.348,29.286,4,26,1
L:\Comic Archives\#\Series\2000 AD\2000 AD - 1993\2000AD #829 (1993).cbz,21627453,new,254.42,126.082,63.422,55.459,4,26,1
L:\Comic Archives\#\Series\2000 AD\2000 AD - 1993\2000AD #830 (1993).cbz,20914802,new,148.587,36.719,65.641,31.106,4,26,1
L:\Comic Archives\#\Series\2000 AD\2000 AD - 1993\2000AD #831 (1993).cbz,40237668,new,243.321,30.403,171.391,33.643,4,26,1
L:\Comic Archives\#\Series\2000 AD\2000 AD - 1993\2000AD #832 (1993).cbz,39607469,new,354.964,79.512,178.895,27.568,4,28,1
L:\Comic Archives\#\Series\2000 AD\2000 AD - 1993\2000AD #833 (1993).cbz,39255569,new,362.838,122.548,192.579,34.135,4,28,1
L:\Comic Archives\#\Series\2000 AD\2000 AD - 1993\2000AD #834 (1993).cbz,39658613,new,501.413,105.549,172.632,211.774,4,28,1
L:\Comic Archives\#\Series\2000 AD\2000 AD - 1993\2000AD #835 (1993).cbz,40991915,new,333.984,52.416,235.307,38.293,4,28,1
L:\Comic Archives\#\Series\2000 AD\2000 AD - 1993\2000AD #836 (1993).cbz,40926695,new,268.235,59.833,153.893,33.558,4,28,1
L:\Comic Archives\#\Series\2000 AD\2000 AD - 1993\2000AD #837 (1993).cbz,35583739,new,304.06,103.989,155.689,29.963,4,30,1
L:\Comic Archives\#\Series\2000 AD\2000 AD - 1993\2000AD #838 (1993).cbz,39857180,new,314.136,111.767,163.091,28.725,4,28,1
L:\Comic Archives\#\Series\2000 AD\2000 AD - 1993\2000AD #839 (1993).cbz,34580180,new,349.935,120.635,177.425,40.583,4,26,1
L:\Comic Archives\#\Series\2000 AD\2000 AD - 1993\2000AD #840 (1993).cbz,34089286,new,345.101,63.146,181.375,42.866,4,24,1
L:\Comic Archives\#\Series\2000 AD\2000 AD - 1993\2000AD #841 (1993).cbz,33718522,new,296.004,86.518,167.006,31.665,4,22,1
L:\Comic Archives\#\Series\2000 AD\2000 AD - 1993\2000AD #842 (1993).cbz,13595826,new,188.554,110.938,42.229,25.95,4,25,1
L:\Comic Archives\#\Series\2000 AD\2000 AD - 1993\2000AD #843 (1993).cbz,33231828,new,290.436,62.499,182.851,30.149,4,24,1
L:\Comic Archives\#\Series\2000 AD\2000 AD - 1993\2000AD #844 (1993).cbz,14575242,new,181.906,51.83,42.161,34.327,4,26,1
L:\Comic Archives\#\Series\2000 AD\2000 AD - 1993\2000AD #845 (1993).cbz,32869667,new,289.863,66.513,159.982,50.657,4,24,1
L:\Comic Archives\#\Series\2000 AD\2000 AD - 1993\2000AD #846 (1993).cbz,34022064,new,279.468,74.083,155.869,40.142,4,26,1
L:\Comic Archives\#\Series\2000 AD\2000 AD - 1993\2000AD #847 (1993).cbz,34589898,new,367.975,127.105,161.719,69.211,4,26,1
L:\Comic Archives\#\Series\2000 AD\2000 AD - 1993\2000AD #848 (1993).cbz,34831453,new,275.717,49.853,165.429,25.481,4,26,1
L:\Comic Archives\#\Series\2000 AD\2000 AD - 1993\2000AD #849 (1993).cbz,35282455,new,249.573,39.445,160.552,42.951,4,24,1
L:\Comic Archives\#\Series\2000 AD\2000 AD - 1993\2000AD #850 (1993).cbz,11525353,new,198.275,108.778,47.336,28.836,4,28,1
L:\Comic Archives\#\Series\2000 AD\2000 AD - 1993\2000AD #851 (1993).cbz,34575397,new,263.07,56.206,168.972,26.665,4,32,1
L:\Comic Archives\#\Series\2000 AD\2000 AD - 1993\2000AD #852 (1993).cbz,19904113,new,206.932,64.908,66.793,53.773,4,31,1
L:\Comic Archives\#\Series\2000 AD\2000 AD - 1993\2000AD #853 (1993).cbz,18664710,new,149.222,44.718,50.308,43.687,4,28,1
L:\Comic Archives\#\Series\2000 AD\2000 AD - 1993\2000AD #854 (1993).cbz,19687241,new,154.334,46.714,57.367,38.312,4,30,1
L:\Comic Archives\#\Series\2000 AD\2000 AD - 1993\2000AD #855 (1993).cbz,18795484,new,189.776,61.053,67.743,49.066,4,28,1
L:\Comic Archives\#\Series\2000 AD\2000 AD - 1993\2000AD #856 (1993).cbz,18314850,new,171.276,65.809,49.26,29.011,4,26,1
L:\Comic Archives\#\Series\2000 AD\2000 AD - 1993\2000AD #857 (1993).cbz,18834180,new,156.752,52.346,55.873,37.041,4,28,1
L:\Comic Archives\#\Series\2000 AD\2000 AD - 1993\2000AD #858 (1993).cbz,13130029,new,140.235,60.109,36.78,32.182,4,28,1
L:\Comic Archives\#\Series\2000 AD\2000 AD - 1993\2000AD #859 (1993).cbz,17630930,new,185.161,78.049,54.901,41.823,4,28,1
L:\Comic Archives\#\Series\2000 AD\2000 AD - 1993\2000AD #860 (1993).cbz,18619674,new,197.97,60.341,63.983,44.927,4,29,1
L:\Comic Archives\#\Series\2000 AD\2000 AD - 1993\2000AD #861 (1993).cbz,23113374,new,171.346,51.627,65.422,41.497,4,28,1
L:\Comic Archives\#\Series\2000 AD\2000 AD - 1993\2000AD #862 (1993).cbz,12959697,new,151.549,63.479,40.096,32.327,4,32,1
L:\Comic Archives\#\Series\2000 AD\2000 AD - 1993\2000AD #863 (1993).cbz,33592700,new,230.929,33.228,163.299,26.606,4,30,1
L:\Comic Archives\#\Series\2000 AD\2000 AD - 1993\2000AD #864 (1993).cbz,34745255,new,293.083,64.186,172.609,35.865,4,26,1
L:\Comic Archives\#\Series\2000 AD\2000 AD - 1993\2000AD #865 (1993).cbz,22478807,new,198.338,89.793,61.324,39.559,4,28,1
L:\Comic Archives\#\Series\2000 AD\2000 AD - 1993\2000AD #866 (1993).cbz,32619741,new,239.744,34.915,168.725,29.025,4,26,1
L:\Comic Archives\#\Series\2000 AD\2000 AD - 1993\2000AD #867 (1993).cbz,14798796,new,173.48,87.215,52.136,24.505,4,31,1
L:\Comic Archives\#\Series\2000 AD\2000 AD - 1994\2000AD #868 (1994).cbz,16880806,new,167.923,51.253,48.708,57.51,4,28,1
L:\Comic Archives\#\Series\2000 AD\2000 AD - 1994\2000AD #869 (1994).cbz,16589203,new,274.591,43.253,44.773,173.058,4,30,1
L:\Comic Archives\#\Series\2000 AD\2000 AD - 1994\2000AD #870 (1994).cbz,16135859,new,162.804,59.475,47.246,43.653,4,30,1
L:\Comic Archives\#\Series\2000 AD\2000 AD - 1994\2000AD #871 (1994).cbz,16613457,new,227.741,75.814,60.647,49.832,4,30,1
L:\Comic Archives\#\Series\2000 AD\2000 AD - 1994\2000AD #872 (1994).cbz,16188844,new,162.612,65.377,44.336,35.478,4,28,1
L:\Comic Archives\#\Series\2000 AD\2000 AD - 1994\2000AD #873 (1994).cbz,35366395,new,239.373,34.741,165.107,31.294,4,32,1
L:\Comic Archives\#\Series\2000 AD\2000 AD - 1994\2000AD #874 (1994).cbz,15985314,new,189.716,107.25,41.372,27.723,4,32,1
L:\Comic Archives\#\Series\2000 AD\2000 AD - 1994\2000AD #875 (1994).cbz,16451482,new,165.312,35.948,49.922,33.455,4,30,1
L:\Comic Archives\#\Series\2000 AD\2000 AD - 1994\2000AD #876 (1994).cbz,15699603,new,139.217,58.254,41.091,28.444,4,32,1
L:\Comic Archives\#\Series\2000 AD\2000 AD - 1994\2000AD #877 (1994).cbz,36580355,new,278.425,48.565,163.905,48.824,4,30,1
L:\Comic Archives\#\Series\2000 AD\2000 AD - 1994\2000AD #878 (1994).cbz,27782586,new,151.226,42.164,68.541,31.267,4,34,1
L:\Comic Archives\#\Series\2000 AD\2000 AD - 1994\2000AD #879 (1994).cbz,25766852,new,179.987,46.26,78.74,32.971,4,32,1
L:\Comic Archives\#\Series\2000 AD\2000 AD - 1994\2000AD #880 (1994).cbz,19972106,new,131.527,38.151,52.924,31.345,4,32,1
L:\Comic Archives\#\Series\2000 AD\2000 AD - 1994\2000AD #881 (1994).cbz,18109995,new,185.09,62.119,71.71,35.632,4,28,1
L:\Comic Archives\#\Series\2000 AD\2000 AD - 1994\2000AD #882 (1994).cbz,32114519,new,270.57,51.519,183.936,26.924,4,26,1
L:\Comic Archives\#\Series\2000 AD\2000 AD - 1994\2000AD #883 (1994).cbz,32540237,new,281.25,46.414,147.972,26.782,4,28,1
L:\Comic Archives\#\Series\2000 AD\2000 AD - 1994\2000AD #884 (1994).cbz,31355493,new,260.722,55.023,172.731,25.339,4,26,1
L:\Comic Archives\#\Series\2000 AD\2000 AD - 1994\2000AD #885 (1994).cbz,31896783,new,297.35,100.904,169.333,19.993,4,26,1
L:\Comic Archives\#\Series\2000 AD\2000 AD - 1994\2000AD #886 (1994).cbz,32106647,new,280.916,66.34,176.019,28.815,4,26,1
L:\Comic Archives\#\Series\2000 AD\2000 AD - 1994\2000AD #887 (1994).cbz,32288084,new,377.57,81.771,162.711,56.055,4,28,1
L:\Comic Archives\#\Series\2000 AD\2000 AD - 1994\2000AD #888 (1994).cbz,32698605,new,306.529,81.622,166.81,46.097,4,22,1
L:\Comic Archives\#\Series\2000 AD\2000 AD - 1994\2000AD #889 (1994).cbz,18230725,new,181.58,101.124,39.271,29.816,4,28,1
L:\Comic Archives\#\Series\2000 AD\2000 AD - 1994\2000AD #890 (1994).cbz,41106840,new,271.406,39.898,173.912,48.085,4,28,1
L:\Comic Archives\#\Series\2000 AD\2000 AD - 1994\2000AD #891 (1994).cbz,23491104,new,207.919,36.84,80.254,42.506,4,29,1
L:\Comic Archives\#\Series\2000 AD\2000 AD - 1994\2000AD #892 (1994).cbz,14434510,new,156.922,40.14,50.913,49.522,4,31,1
L:\Comic Archives\#\Series\2000 AD\2000 AD - 1994\2000AD #893 (1994).cbz,14868646,new,208.284,70.197,71.046,59.391,4,26,1
L:\Comic Archives\#\Series\2000 AD\2000 AD - 1994\2000AD #894 (1994).cbz,14860538,new,157.078,43.938,52.74,51.425,4,28,1
L:\Comic Archives\#\Series\2000 AD\2000 AD - 1994\2000AD #895 (1994).cbz,15402754,new,182.365,41.423,55.191,30.011,4,29,1
L:\Comic Archives\#\Series\2000 AD\2000 AD - 1994\2000AD #896 (1994).cbz,15433655,new,131.814,43.298,39.057,40.437,4,30,1
L:\Comic Archives\#\Series\2000 AD\2000 AD - 1994\2000AD #897 (1994).cbz,13564174,new,152.689,36.997,48.095,50.205,4,28,1
L:\Comic Archives\#\Series\2000 AD\2000 AD - 1994\2000AD #898 (1994).cbz,13980401,new,116.109,32.44,35.287,35.149,4,30,1
L:\Comic Archives\#\Series\2000 AD\2000 AD - 1994\2000AD #899 (1994).cbz,33376067,new,327.321,43.182,217.519,43.968,4,28,1
L:\Comic Archives\#\Series\2000 AD\2000 AD - 1994\2000AD #900 (1994).cbz,13213120,new,184.039,77.662,65.238,35.736,4,14,1
L:\Comic Archives\#\Series\2000 AD\2000 AD - 1994\2000AD #901 (1994).cbz,33800414,new,322.155,41.101,213.123,57.583,4,28,1
L:\Comic Archives\#\Series\2000 AD\2000 AD - 1994\2000AD #902 (1994).cbz,34101137,new,487.294,83.414,201.398,192.328,4,32,1
L:\Comic Archives\#\Series\2000 AD\2000 AD - 1994\2000AD #903 (1994).cbz,33601061,new,437.887,44.143,255.949,77.687,4,28,1
L:\Comic Archives\#\Series\2000 AD\2000 AD - 1994\2000AD #904 (1994).cbz,14707667,new,161.868,54.223,42.083,52.225,4,30,1
L:\Comic Archives\#\Series\2000 AD\2000 AD - 1994\2000AD #905 (1994).cbz,32480432,new,364.312,51.79,239.012,57.955,4,30,1
L:\Comic Archives\#\Series\2000 AD\2000 AD - 1994\2000AD #906 (1994).cbz,31985004,new,356.471,100.352,222.775,20.063,4,30,1
L:\Comic Archives\#\Series\2000 AD\2000 AD - 1994\2000AD #907 (1994).cbz,36739217,new,255.751,42.319,171.778,25.045,4,30,1
L:\Comic Archives\#\Series\2000 AD\2000 AD - 1994\2000AD #908 (1994).cbz,32225816,new,317.743,91.537,183.351,33.661,4,26,1
L:\Comic Archives\#\Series\2000 AD\2000 AD - 1994\2000AD #909 (1994).cbz,24840286,new,193.996,80.451,68.206,37.651,4,28,1
L:\Comic Archives\#\Series\2000 AD\2000 AD - 1994\2000AD #910 (1994).cbz,25065443,new,163.149,38.002,68.66,48.384,4,28,1
L:\Comic Archives\#\Series\2000 AD\2000 AD - 1994\2000AD #911 (1994).cbz,19102595,new,155.586,32.642,66.251,30.681,4,28,1
L:\Comic Archives\#\Series\2000 AD\2000 AD - 1994\2000AD #912 (1994).cbz,27639890,new,148.759,27.82,81.328,32.074,4,26,1
L:\Comic Archives\#\Series\2000 AD\2000 AD - 1994\2000AD #913 (1994).cbz,12012732,new,144.717,28.217,50.595,58.03,4,26,1
L:\Comic Archives\#\Series\2000 AD\2000 AD - 1994\2000AD #914 (1994).cbz,26523227,new,147.853,48.984,61.126,28.872,4,26,1
L:\Comic Archives\#\Series\2000 AD\2000 AD - 1994\2000AD #915 (1994).cbz,27769884,new,181.164,33.66,76.02,46.434,4,26,1
L:\Comic Archives\#\Series\2000 AD\2000 AD - 1994\2000AD #916 (1994).cbz,33293693,new,306.707,35.403,220.847,40.155,4,26,1
L:\Comic Archives\#\Series\2000 AD\2000 AD - 1994\2000AD #917 (1994).cbz,28114009,new,251.653,126.236,72.019,44.114,4,26,1
L:\Comic Archives\#\Series\2000 AD\2000 AD - 1994\2000AD #918 (1994).cbz,36118533,new,192.531,44.397,78.25,58.454,4,24,1
L:\Comic Archives\#\Series\2000 AD\2000 AD - 1994\2000AD #919 (1994).cbz,16138243,new,156.177,34.004,56.74,56.882,4,30,1
L:\Comic Archives\#\Series\2000 AD\2000 AD - 1994\2000AD #920 (1994).cbz,41922187,new,165.097,44.617,86.576,24.078,4,33,1
L:\Comic Archives\#\Series\2000 AD\2000 AD - 1995\2000AD #921 (1995).cbz,32919261,new,272.754,37.9,186.524,37.465,4,29,1
L:\Comic Archives\#\Series\2000 AD\2000 AD - 1995\2000AD #922 (1995).cbz,33572136,new,330.66,74.508,203.521,42.931,4,28,1
L:\Comic Archives\#\Series\2000 AD\2000 AD - 1995\2000AD #923 (1995).cbz,15859385,new,163.042,31.541,56.456,64.379,4,30,1
L:\Comic Archives\#\Series\2000 AD\2000 AD - 1995\2000AD #924 (1995).cbz,14134406,new,156.603,41.273,53.592,51.368,4,34,1
L:\Comic Archives\#\Series\2000 AD\2000 AD - 1995\2000AD #925 (1995).cbz,14286718,new,133.227,18.473,63.279,41.916,4,30,1
L:\Comic Archives\#\Series\2000 AD\2000 AD - 1995\2000AD #926 (1995).cbz,20375708,new,187.354,45.407,73.461,41.968,4,29,1
L:\Comic Archives\#\Series\2000 AD\2000 AD - 1995\2000AD #927 (1995).cbz,19035182,new,128.752,32.413,55.527,30.638,4,31,1
L:\Comic Archives\#\Series\2000 AD\2000 AD - 1995\2000AD #928 (1995).cbz,19890328,new,167.491,42.083,51.748,62.474,4,32,1
L:\Comic Archives\#\Series\2000 AD\2000 AD - 1995\2000AD #929 (1995).cbz,15297198,new,140.847,24.197,47.925,57.485,4,34,1
L:\Comic Archives\#\Series\2000 AD\2000 AD - 1995\2000AD #930 (1995).cbz,14853831,new,154.858,36.708,61.564,38.229,4,32,1
L:\Comic Archives\#\Series\2000 AD\2000 AD - 1995\2000AD #931 (1995).cbz,14439230,new,115.612,20.883,47.326,36.304,4,33,1
L:\Comic Archives\#\Series\2000 AD\2000 AD - 1995\2000AD #932 (1995).cbz,14226765,new,131.15,24.954,48.759,46.795,4,32,1
L:\Comic Archives\#\Series\2000 AD\2000 AD - 1995\2000AD #933 (1995).cbz,13880276,new,152.72,43.448,50.434,45.368,4,39,1
L:\Comic Archives\#\Series\2000 AD\2000 AD - 1995\2000AD #934 (1995).cbz,13059042,new,214.273,39.068,66.273,80.645,4,38,1
L:\Comic Archives\#\Series\2000 AD\2000 AD - 1995\2000AD #935 (1995).cbz,13458610,new,274.184,27.087,48.837,186.803,4,38,1
L:\Comic Archives\#\Series\2000 AD\2000 AD - 1995\2000AD #936 (1995).cbz,12389038,new,173.035,47.185,47.831,66.758,4,34,1
L:\Comic Archives\#\Series\2000 AD\2000 AD - 1995\2000AD #937 (1995).cbz,13868750,new,145.909,42.658,48.765,43.58,4,34,1
L:\Comic Archives\#\Series\2000 AD\2000 AD - 1995\2000AD #938 (1995).cbz,15063681,new,195.894,39.324,76.867,43.142,4,28,1
L:\Comic Archives\#\Series\2000 AD\2000 AD - 1995\2000AD #939 (1995).cbz,14039695,new,123.019,25.764,49.516,38.115,4,27,1
L:\Comic Archives\#\Series\2000 AD\2000 AD - 1995\2000AD #940 (1995).cbz,33916582,new,272.287,39.231,164.994,59.796,4,30,1
L:\Comic Archives\#\Series\2000 AD\2000 AD - 1995\2000AD #941 (1995).cbz,13901055,new,181.007,55.474,58.658,45.684,4,30,1
L:\Comic Archives\#\Series\2000 AD\2000 AD - 1995\2000AD #942 (1995).cbz,14305198,new,157.052,45.779,47.863,40.608,4,30,1
L:\Comic Archives\#\Series\2000 AD\2000 AD - 1995\2000AD #943 (1995).cbz,14467474,new,170.373,38.672,60.47,62.694,4,32,1
L:\Comic Archives\#\Series\2000 AD\2000 AD - 1995\2000AD #944 (1995).cbz,13694580,new,129.578,24.334,51.833,43.869,4,30,1
L:\Comic Archives\#\Series\2000 AD\2000 AD - 1995\2000AD #945 (1995).cbz,13925551,new,143.379,24.767,52.203,54.559,4,30,1
L:\Comic Archives\#\Series\2000 AD\2000 AD - 1995\2000AD #946 (1995).cbz,13637467,new,173.262,42.172,65.43,34.86,4,30,1
L:\Comic Archives\#\Series\2000 AD\2000 AD - 1995\2000AD #947 (1995).cbz,33660893,new,272.993,35.383,183.84,43.224,4,34,1
L:\Comic Archives\#\Series\2000 AD\2000 AD - 1995\2000AD #948 (1995).cbz,14494328,new,178.873,83.324,47.199,35.114,4,31,1
L:\Comic Archives\#\Series\2000 AD\2000 AD - 1995\2000AD #949 (1995).cbz,14262376,new,122.208,38.659,48.904,27.234,4,26,1
L:\Comic Archives\#\Series\2000 AD\2000 AD - 1995\2000AD #950 (1995).cbz,16300745,new,138.749,36.474,33.167,35.724,4,28,1
L:\Comic Archives\#\Series\2000 AD\2000 AD - 1995\2000AD #951 (1995).cbz,16694655,new,105.336,24.119,45.887,25.694,4,30,1
L:\Comic Archives\#\Series\2000 AD\2000 AD - 1995\2000AD #952 (1995).cbz,16059401,new,151.797,40.443,49.136,52.479,4,30,1
L:\Comic Archives\#\Series\2000 AD\2000 AD - 1995\2000AD #953 (1995).cbz,16451257,new,110.926,24.842,47.331,27.526,4,33,1
L:\Comic Archives\#\Series\2000 AD\2000 AD - 1995\2000AD #954 (1995).cbz,16502272,new,173.265,61.692,61.783,28.444,4,34,1
L:\Comic Archives\#\Series\2000 AD\2000 AD - 1995\2000AD #955 (1995).cbz,16317356,new,123.093,27.578,48.685,38.216,4,32,1
L:\Comic Archives\#\Series\2000 AD\2000 AD - 1995\2000AD #956 (1995).cbz,17008151,new,160.894,36.92,58.62,55.319,4,32,1
L:\Comic Archives\#\Series\2000 AD\2000 AD - 1995\2000AD #957 (1995).cbz,16980288,new,130.998,31.06,49.057,37.171,4,30,1
L:\Comic Archives\#\Series\2000 AD\2000 AD - 1995\2000AD #958 (1995).cbz,16754131,new,148.074,32.887,56.306,35.832,4,28,1
L:\Comic Archives\#\Series\2000 AD\2000 AD - 1995\2000AD #959 (1995).cbz,25885394,new,139.707,19.627,74.714,35.32,4,36,1
L:\Comic Archives\#\Series\2000 AD\2000 AD - 1995\2000AD #960 (1995).cbz,23384182,new,206.238,73.542,69.999,51.414,4,34,1
L:\Comic Archives\#\Series\2000 AD\2000 AD - 1995\2000AD #961 (1995).cbz,17322126,new,172.863,34.038,87.102,39.242,4,36,1
L:\Comic Archives\#\Series\2000 AD\2000 AD - 1995\2000AD #962 (1995).cbz,17500806,new,173.49,41.149,81.602,31.392,4,32,1
L:\Comic Archives\#\Series\2000 AD\2000 AD - 1995\2000AD #963 (1995).cbz,16272673,new,132.326,24.104,55.631,41.78,4,34,1
L:\Comic Archives\#\Series\2000 AD\2000 AD - 1995\2000AD #964 (1995).cbz,25311928,new,289.33,45.372,201.147,33.957,4,30,1
L:\Comic Archives\#\Series\2000 AD\2000 AD - 1995\2000AD #965 (1995).cbz,17740795,new,174.168,53.267,31.984,77.524,4,40,1
L:\Comic Archives\#\Series\2000 AD\2000 AD - 1995\2000AD #966 (1995).cbz,17312783,new,163.585,53.124,43.531,29.47,4,38,1
L:\Comic Archives\#\Series\2000 AD\2000 AD - 1995\2000AD #967 (1995).cbz,18393836,new,86.399,20.662,37.826,17.952,4,36,1
L:\Comic Archives\#\Series\2000 AD\2000 AD - 1995\2000AD #968 (1995).cbz,17996197,new,357.909,35.061,48.788,264.752,4,34,1
L:\Comic Archives\#\Series\2000 AD\2000 AD - 1995\2000AD #969 (1995).cbz,24893570,new,166.711,45.056,64.414,46.687,4,38,1
L:\Comic Archives\#\Series\2000 AD\2000 AD - 1995\2000AD #970 (1995).cbz,17247466,new,166.827,52.071,63.04,30.703,4,34,1
L:\Comic Archives\#\Series\2000 AD\2000 AD - 1995\2000AD #971 (1995).cbz,16711927,new,126.343,24.756,45.806,45.055,4,36,1
L:\Comic Archives\#\Series\2000 AD\2000 AD - 1995\2000AD #972 (1995).cbz,17757861,new,113.155,34.475,45.63,23.605,4,30,1
L:\Comic Archives\#\Series\2000 AD\2000 AD - 1996\2000AD  #1000 (1996).cbz,17567671,new,156.868,32.639,81.288,23.876,4,26,1
L:\Comic Archives\#\Series\2000 AD\2000 AD - 1996\2000AD  #1001 (1996).cbz,17071905,new,155.855,47.81,70.509,24.052,4,31,1
L:\Comic Archives\#\Series\2000 AD\2000 AD - 1996\2000AD  #1002 (1996).cbz,13982205,new,115.034,35.586,36.307,33.408,4,30,1
L:\Comic Archives\#\Series\2000 AD\2000 AD - 1996\2000AD  #1003 (1996).cbz,12815174,new,115.18,32.195,35.544,37.227,4,33,1
L:\Comic Archives\#\Series\2000 AD\2000 AD - 1996\2000AD  #1004 (1996).cbz,12871385,new,132.453,41.338,32.915,33.25,4,30,1
L:\Comic Archives\#\Series\2000 AD\2000 AD - 1996\2000AD  #1005 (1996).cbz,18379678,new,156.102,41.727,66.045,35.536,4,34,1
L:\Comic Archives\#\Series\2000 AD\2000 AD - 1996\2000AD  #1006 (1996).cbz,34585072,new,165.238,33.248,69.544,54.361,4,30,1
L:\Comic Archives\#\Series\2000 AD\2000 AD - 1996\2000AD  #1007 (1996).cbz,18816440,new,168.473,41.578,69.064,47.718,4,31,1
L:\Comic Archives\#\Series\2000 AD\2000 AD - 1996\2000AD  #1008 (1996).cbz,14111484,new,164.007,51.264,52.712,26.042,4,30,1
L:\Comic Archives\#\Series\2000 AD\2000 AD - 1996\2000AD  #1009 (1996).cbz,18025399,new,157.474,35.07,70.485,42.89,4,30,1
L:\Comic Archives\#\Series\2000 AD\2000 AD - 1996\2000AD  #1010 (1996).cbz,18733299,new,146.417,45.196,60.519,28.387,4,32,1
L:\Comic Archives\#\Series\2000 AD\2000 AD - 1996\2000AD  #1011 (1996).cbz,14027418,new,114.433,42.191,35.905,28.437,4,28,1
L:\Comic Archives\#\Series\2000 AD\2000 AD - 1996\2000AD  #1012 (1996).cbz,34377957,new,170.351,40.246,76.551,32.538,4,28,1
L:\Comic Archives\#\Series\2000 AD\2000 AD - 1996\2000AD  #1013 (1996).cbz,35522447,new,168.421,37.129,84.858,25.103,4,26,1
L:\Comic Archives\#\Series\2000 AD\2000 AD - 1996\2000AD  #1014 (1996).cbz,34006829,new,148.202,39.712,74.908,21.316,4,26,1
L:\Comic Archives\#\Series\2000 AD\2000 AD - 1996\2000AD  #1015 (1996).cbz,36908633,new,148.498,32.651,81.602,21.898,4,32,1
L:\Comic Archives\#\Series\2000 AD\2000 AD - 1996\2000AD  #1016 (1996).cbz,35579006,new,169.619,44.129,81.305,17.811,4,32,1
L:\Comic Archives\#\Series\2000 AD\2000 AD - 1996\2000AD  #1017 (1996).cbz,34392621,new,172.799,40.797,67.082,37.321,4,30,1
L:\Comic Archives\#\Series\2000 AD\2000 AD - 1996\2000AD  #1018 (1996).cbz,15006829,new,114.925,34.917,34.482,35.533,4,32,1
L:\Comic Archives\#\Series\2000 AD\2000 AD - 1996\2000AD  #1019 (1996).cbz,34640393,new,171.831,38.596,72.084,53.273,4,30,1
L:\Comic Archives\#\Series\2000 AD\2000 AD - 1996\2000AD  #1020 (1996).cbz,15052667,new,223.059,79.965,35.497,75.109,4,33,1
L:\Comic Archives\#\Series\2000 AD\2000 AD - 1996\2000AD  #1021 (1996).cbz,16672913,new,187.294,43.764,68.508,52.954,4,42,1
L:\Comic Archives\#\Series\2000 AD\2000 AD - 1996\2000AD  #1022 (1996).cbz,40079978,new,173.304,53.187,67.73,35.101,4,36,1
L:\Comic Archives\#\Series\2000 AD\2000 AD - 1996\2000AD  #1023 (1996).cbz,46448161,new,214.956,50.87,103.778,49.928,4,32,1
L:\Comic Archives\#\Series\2000 AD\2000 AD - 1996\2000AD  #973 (1996).cbz,18432669,new,173.683,51.799,46.753,37.517,4,30,1
L:\Comic Archives\#\Series\2000 AD\2000 AD - 1996\2000AD  #974 (1996).cbz,18174083,new,115.26,24.193,38.612,44.337,4,32,1
L:\Comic Archives\#\Series\2000 AD\2000 AD - 1996\2000AD  #975 (1996).cbz,14223988,new,165.739,78.435,47.897,29.375,4,28,1
L:\Comic Archives\#\Series\2000 AD\2000 AD - 1996\2000AD  #976 (1996).cbz,14744993,new,159.882,66.168,46.198,36.564,4,28,1
L:\Comic Archives\#\Series\2000 AD\2000 AD - 1996\2000AD  #977 (1996).cbz,14245972,new,378.315,70.517,52.688,223.797,4,34,1
L:\Comic Archives\#\Series\2000 AD\2000 AD - 1996\2000AD  #978 (1996).cbz,14243873,new,217.479,79.879,42.835,82.553,4,34,1
L:\Comic Archives\#\Series\2000 AD\2000 AD - 1996\2000AD  #979 (1996).cbz,14347742,new,144.054,58.697,43.196,28.702,4,34,1
L:\Comic Archives\#\Series\2000 AD\2000 AD - 1996\2000AD  #980 (1996).cbz,14329693,new,164.968,54.354,51.323,47.638,4,28,1
L:\Comic Archives\#\Series\2000 AD\2000 AD - 1996\2000AD  #981 (1996).cbz,14488419,new,131.407,27.938,52.933,28.785,4,34,1
L:\Comic Archives\#\Series\2000 AD\2000 AD - 1996\2000AD  #982 (1996).cbz,14517424,new,173.861,53.944,46.269,59.299,4,32,1
L:\Comic Archives\#\Series\2000 AD\2000 AD - 1996\2000AD  #983 (1996).cbz,15089676,new,170.858,56.726,54.912,45.695,4,30,1
L:\Comic Archives\#\Series\2000 AD\2000 AD - 1996\2000AD  #984 (1996).cbz,14536284,new,123.968,24.954,45.517,45.459,4,30,1
L:\Comic Archives\#\Series\2000 AD\2000 AD - 1996\2000AD  #985 (1996).cbz,14304787,new,186.537,75.709,45.543,33.554,4,31,1
L:\Comic Archives\#\Series\2000 AD\2000 AD - 1996\2000AD  #986 (1996).cbz,14992395,new,140.777,32.256,48.203,49.325,4,30,1
L:\Comic Archives\#\Series\2000 AD\2000 AD - 1996\2000AD  #987 (1996).cbz,21684987,new,163.338,37.808,53.286,53.387,4,32,1
L:\Comic Archives\#\Series\2000 AD\2000 AD - 1996\2000AD  #988 (1996).cbz,14151670,new,162.86,74.756,46.735,27.52,4,29,1
L:\Comic Archives\#\Series\2000 AD\2000 AD - 1996\2000AD  #989 (1996).cbz,13607672,new,175.963,57.199,43.303,49.967,4,30,1
L:\Comic Archives\#\Series\2000 AD\2000 AD - 1996\2000AD  #990 (1996).cbz,13522941,new,185.03,58.75,52.591,63.141,4,25,1
L:\Comic Archives\#\Series\2000 AD\2000 AD - 1996\2000AD  #991 (1996).cbz,13659124,new,156.538,57.193,46.911,35.858,4,30,1
L:\Comic Archives\#\Series\2000 AD\2000 AD - 1996\2000AD  #992 (1996).cbz,14687610,new,173.778,53.08,45.511,65.746,4,28,1
L:\Comic Archives\#\Series\2000 AD\2000 AD - 1996\2000AD  #993 (1996).cbz,14256416,new,162.639,50.255,45.712,39.136,4,30,1
L:\Comic Archives\#\Series\2000 AD\2000 AD - 1996\2000AD  #994 (1996).cbz,14316858,new,170.179,39.544,47.597,69.093,4,28,1
L:\Comic Archives\#\Series\2000 AD\2000 AD - 1996\2000AD  #995 (1996).cbz,19954095,new,230.288,60.712,108.583,41.356,4,30,1
L:\Comic Archives\#\Series\2000 AD\2000 AD - 1996\2000AD  #996 (1996).cbz,20515067,new,205.341,31.033,93.086,67.738,4,28,1
L:\Comic Archives\#\Series\2000 AD\2000 AD - 1996\2000AD  #997 (1996).cbz,24587594,new,262.565,57.521,172.869,19.378,4,28,1
L:\Comic Archives\#\Series\2000 AD\2000 AD - 1996\2000AD  #998 (1996).cbz,21111960,new,129.075,27.387,63.728,30.001,4,30,1
L:\Comic Archives\#\Series\2000 AD\2000 AD - 1996\2000AD  #999 (1996).cbz,20400138,new,187.694,72.424,63.903,42.364,4,26,1
L:\Comic Archives\#\Series\2000 AD\2000 AD - 1997\2000AD #1024 (1997).cbz,37426527,new,223.596,66.853,79.988,37.373,4,36,1
L:\Comic Archives\#\Series\2000 AD\2000 AD - 1997\2000AD #1025 (1997).cbz,18773882,new,163.729,40.783,70.051,44.612,4,32,1
L:\Comic Archives\#\Series\2000 AD\2000 AD - 1997\2000AD #1026 (1997).cbz,18208447,new,181.714,45.948,72.516,51.081,4,33,1
L:\Comic Archives\#\Series\2000 AD\2000 AD - 1997\2000AD #1027 (1997).cbz,70377001,new,284.229,66.784,139.875,63.76,4,32,1
L:\Comic Archives\#\Series\2000 AD\2000 AD - 1997\2000AD #1028 (1997).cbz,37774095,new,243.071,44.592,79.465,47.306,4,40,1
L:\Comic Archives\#\Series\2000 AD\2000 AD - 1997\2000AD #1029 (1997).cbz,33389401,new,173.649,62.968,61.543,37.603,4,31,1
L:\Comic Archives\#\Series\2000 AD\2000 AD - 1997\2000AD #1030 (1997).cbz,17000169,new,159.418,32.564,81.158,36.897,4,31,1
L:\Comic Archives\#\Series\2000 AD\2000 AD - 1997\2000AD #1031 (1997).cbz,16769438,new,198.297,44.732,96.702,45.804,4,30,1
L:\Comic Archives\#\Series\2000 AD\2000 AD - 1997\2000AD #1032 (1997).cbz,16532975,new,340.062,43.3,37.676,231.958,4,36,1
L:\Comic Archives\#\Series\2000 AD\2000 AD - 1997\2000AD #1033 (1997).cbz,24335362,new,253.043,87.377,86.591,64.581,4,22,1
L:\Comic Archives\#\Series\2000 AD\2000 AD - 1997\2000AD #1034 (1997).cbz,31063795,new,185.073,78.012,57.734,37.441,4,22,1
L:\Comic Archives\#\Series\2000 AD\2000 AD - 1997\2000AD #1035 (1997).cbz,23199686,new,173.63,55.52,60.654,47.667,4,26,1
L:\Comic Archives\#\Series\2000 AD\2000 AD - 1997\2000AD #1036 (1997).cbz,31240603,new,198.222,72.238,54.094,40.407,4,26,1
L:\Comic Archives\#\Series\2000 AD\2000 AD - 1997\2000AD #1037 (1997).cbz,21733046,new,120.489,27.946,55.35,29.826,4,28,1
L:\Comic Archives\#\Series\2000 AD\2000 AD - 1997\2000AD #1038 (1997).cbz,20715112,new,155.983,33.314,61.566,54.013,4,26,1
L:\Comic Archives\#\Series\2000 AD\2000 AD - 1997\2000AD #1039 (1997).cbz,20908085,new,179.26,71.65,55.907,39.582,4,26,1
L:\Comic Archives\#\Series\2000 AD\2000 AD - 1997\2000AD #1040 (1997).cbz,21853327,new,173.386,64.577,51.746,33.52,4,26,1
L:\Comic Archives\#\Series\2000 AD\2000 AD - 1997\2000AD #1041 (1997).cbz,22644859,new,164.732,54.23,62.622,37.464,4,28,1
L:\Comic Archives\#\Series\2000 AD\2000 AD - 1997\2000AD #1042 (1997).cbz,21889435,new,138.42,37.375,51.767,37.148,4,26,1
L:\Comic Archives\#\Series\2000 AD\2000 AD - 1997\2000AD #1043 (1997).cbz,22288887,new,157.598,44.169,49.923,55.704,4,26,1
L:\Comic Archives\#\Series\2000 AD\2000 AD - 1997\2000AD #1044 (1997).cbz,22739234,new,179.056,53.125,59.524,34.602,4,26,1
L:\Comic Archives\#\Series\2000 AD\2000 AD - 1997\2000AD #1045 (1997).cbz,17177813,new,165.623,66.624,51.678,35.33,4,29,1
L:\Comic Archives\#\Series\2000 AD\2000 AD - 1997\2000AD #1046 (1997).cbz,16787754,new,121.033,18.186,46.414,49.032,4,28,1
L:\Comic Archives\#\Series\2000 AD\2000 AD - 1997\2000AD #1047 (1997).cbz,16934817,new,124.751,40.801,45.372,31.24,4,28,1
L:\Comic Archives\#\Series\2000 AD\2000 AD - 1997\2000AD #1048 (1997).cbz,18836889,new,187.746,61.322,53.374,37.546,4,26,1
L:\Comic Archives\#\Series\2000 AD\2000 AD - 1997\2000AD #1049 (1997).cbz,18727308,new,171.943,48.018,56.438,57.434,4,24,1
L:\Comic Archives\#\Series\2000 AD\2000 AD - 1997\2000AD #1050 (1997).cbz,66690286,new,273.479,58.684,170.536,28.81,4,22,1
L:\Comic Archives\#\Series\2000 AD\2000 AD - 1997\2000AD #1051 (1997).cbz,27423260,new,286.183,115.806,121.084,38.098,4,26,1
L:\Comic Archives\#\Series\2000 AD\2000 AD - 1997\2000AD #1052 (1997).cbz,28365697,new,239.258,70.313,92.441,47.83,4,26,1
L:\Comic Archives\#\Series\2000 AD\2000 AD - 1997\2000AD #1053 (1997).cbz,27949022,new,196.579,62.723,85.779,38.759,4,26,1
L:\Comic Archives\#\Series\2000 AD\2000 AD - 1997\2000AD #1054 (1997).cbz,15577340,new,151.21,33.331,44.632,66.213,4,26,1
L:\Comic Archives\#\Series\2000 AD\2000 AD - 1997\2000AD #1055 (1997).cbz,16351855,new,176.103,65.005,63.815,34.912,4,28,1
L:\Comic Archives\#\Series\2000 AD\2000 AD - 1997\2000AD #1056 (1997).cbz,16586468,new,197.877,68.479,76.072,28.39,4,26,1
L:\Comic Archives\#\Series\2000 AD\2000 AD - 1997\2000AD #1057 (1997).cbz,16160154,new,138.243,51.313,48.034,28.832,4,28,1
L:\Comic Archives\#\Series\2000 AD\2000 AD - 1997\2000AD #1058 (1997).cbz,29609542,new,142.0,22.692,84.075,27.834,4,28,1
L:\Comic Archives\#\Series\2000 AD\2000 AD - 1997\2000AD #1059 (1997).cbz,16603745,new,129.247,37.511,50.848,33.442,4,28,1
L:\Comic Archives\#\Series\2000 AD\2000 AD - 1997\2000AD #1060 (1997).cbz,27928384,new,143.427,22.122,86.186,27.578,4,28,1
L:\Comic Archives\#\Series\2000 AD\2000 AD - 1997\2000AD #1061 (1997).cbz,30304622,new,154.918,14.423,99.34,30.01,4,24,1
L:\Comic Archives\#\Series\2000 AD\2000 AD - 1997\2000AD #1062 (1997).cbz,30747465,new,190.425,54.252,98.726,29.759,4,22,1
L:\Comic Archives\#\Series\2000 AD\2000 AD - 1997\2000AD #1063 (1997).cbz,15409017,new,129.778,39.241,34.102,40.439,4,25,1
L:\Comic Archives\#\Series\2000 AD\2000 AD - 1997\2000AD #1064 (1997).cbz,14932443,new,180.285,55.528,51.252,38.854,4,28,1
L:\Comic Archives\#\Series\2000 AD\2000 AD - 1997\2000AD #1065 (1997).cbz,13912548,new,158.927,64.888,29.754,49.415,4,28,1
L:\Comic Archives\#\Series\2000 AD\2000 AD - 1997\2000AD #1066 (1997).cbz,13735524,new,161.627,39.824,37.979,73.283,4,28,1
L:\Comic Archives\#\Series\2000 AD\2000 AD - 1997\2000AD #1067 (1997).cbz,12937628,new,216.919,92.511,76.22,35.186,4,28,1
L:\Comic Archives\#\Series\2000 AD\2000 AD - 1997\2000AD #1068 (1997).cbz,13035722,new,355.555,61.34,32.99,225.895,4,32,1
L:\Comic Archives\#\Series\2000 AD\2000 AD - 1997\2000AD #1069 (1997).cbz,13396165,new,216.303,93.639,45.388,61.532,4,28,1
L:\Comic Archives\#\Series\2000 AD\2000 AD - 1997\2000AD #1070 (1997).cbz,13956669,new,162.375,53.689,38.459,54.366,4,28,1
L:\Comic Archives\#\Series\2000 AD\2000 AD - 1997\2000AD #1071 (1997).cbz,12603705,new,152.18,57.713,34.958,48.971,4,26,1
L:\Comic Archives\#\Series\2000 AD\2000 AD - 1997\2000AD #1072 (1997).cbz,13956118,new,154.633,66.906,35.549,25.977,4,30,1
L:\Comic Archives\#\Series\2000 AD\2000 AD - 1997\2000AD #1073 (1997).cbz,12797120,new,160.902,52.78,43.867,55.993,4,26,1
L:\Comic Archives\#\Series\2000 AD\2000 AD - 1997\2000AD #1074 (1997).cbz,15110727,new,151.966,48.286,49.768,40.235,4,26,1
L:\Comic Archives\#\Series\2000 AD\2000 AD - 1997\2000AD #1075 (1997).cbz,14229482,new,157.867,39.028,49.367,60.31,4,24,1
L:\Comic Archives\#\Series\2000 AD\2000 AD - 1998\2000AD #1076 (1998).cbz,12488049,new,147.457,46.285,35.078,56.685,4,28,1
L:\Comic Archives\#\Series\2000 AD\2000 AD - 1998\2000AD #1077 (1998).cbz,12691547,new,124.589,42.126,29.502,48.445,4,12,1
L:\Comic Archives\#\Series\2000 AD\2000 AD - 1998\2000AD #1078 (1998).cbz,10447321,new,145.078,60.539,32.763,39.392,4,20,1
L:\Comic Archives\#\Series\2000 AD\2000 AD - 1998\2000AD #1079 (1998).cbz,11621622,new,155.458,62.31,42.523,24.996,4,24,1
L:\Comic Archives\#\Series\2000 AD\2000 AD - 1998\2000AD #1080 (1998).cbz,12570532,new,125.047,28.272,42.465,47.735,4,24,1
L:\Comic Archives\#\Series\2000 AD\2000 AD - 1998\2000AD #1081 (1998).cbz,12195065,new,164.529,49.014,33.45,72.611,4,26,1
L:\Comic Archives\#\Series\2000 AD\2000 AD - 1998\2000AD #1082 (1998).cbz,18062863,new,180.768,75.263,57.377,35.862,4,26,1
L:\Comic Archives\#\Series\2000 AD\2000 AD - 1998\2000AD #1083 (1998).cbz,11845674,new,142.763,63.774,31.666,23.796,4,22,1
L:\Comic Archives\#\Series\2000 AD\2000 AD - 1998\2000AD #1084 (1998).cbz,18279831,new,109.451,27.598,29.248,45.837,4,24,1
L:\Comic Archives\#\Series\2000 AD\2000 AD - 1998\2000AD #1085 (1998).cbz,16338421,new,190.258,59.619,55.752,66.179,4,18,1
L:\Comic Archives\#\Series\2000 AD\2000 AD - 1998\2000AD #1086 (1998).cbz,12385166,new,133.993,38.252,33.898,51.929,4,16,1
L:\Comic Archives\#\Series\2000 AD\2000 AD - 1998\2000AD #1087 (1998).cbz,15439560,new,156.742,58.146,53.092,24.083,4,22,1
L:\Comic Archives\#\Series\2000 AD\2000 AD - 1998\2000AD #1088 (1998).cbz,10669731,new,132.099,54.343,37.024,27.425,4,22,1
L:\Comic Archives\#\Series\2000 AD\2000 AD - 1998\2000AD #1089 (1998).cbz,15605045,new,164.836,36.051,57.357,65.257,4,22,1
L:\Comic Archives\#\Series\2000 AD\2000 AD - 1998\2000AD #1090 (1998).cbz,15241238,new,146.613,40.372,54.176,39.93,4,24,1
L:\Comic Archives\#\Series\2000 AD\2000 AD - 1998\2000AD #1091 (1998).cbz,16840768,new,179.909,68.287,59.172,26.746,4,24,1
L:\Comic Archives\#\Series\2000 AD\2000 AD - 1998\2000AD #1092 (1998).cbz,16986315,new,141.285,38.011,58.381,22.841,4,24,1
L:\Comic Archives\#\Series\2000 AD\2000 AD - 1998\2000AD #1093 (1998).cbz,17142836,new,148.281,33.953,52.16,54.687,4,24,1
L:\Comic Archives\#\Series\2000 AD\2000 AD - 1998\2000AD #1094 (1998).cbz,16705673,new,143.437,46.214,54.707,29.395,4,24,1
L:\Comic Archives\#\Series\2000 AD\2000 AD - 1998\2000AD #1095 (1998).cbz,17405756,new,181.561,63.526,54.915,29.631,4,24,1
L:\Comic Archives\#\Series\2000 AD\2000 AD - 1998\2000AD #1096 (1998).cbz,16659101,new,131.574,32.541,66.728,25.461,4,24,1
L:\Comic Archives\#\Series\2000 AD\2000 AD - 1998\2000AD #1097 (1998).cbz,16402893,new,174.154,25.226,52.719,88.375,4,28,1
L:\Comic Archives\#\Series\2000 AD\2000 AD - 1998\2000AD #1098 (1998).cbz,18349007,new,170.761,66.604,61.227,28.556,4,29,1
L:\Comic Archives\#\Series\2000 AD\2000 AD - 1998\2000AD #1099 (1998).cbz,15437599,new,205.451,68.709,57.668,45.779,4,24,1
L:\Comic Archives\#\Series\2000 AD\2000 AD - 1998\2000AD #1100 (1998).cbz,35903372,new,176.411,47.85,84.626,38.159,4,13,1
L:\Comic Archives\#\Series\2000 AD\2000 AD - 1998\2000AD #1101 (1998).cbz,39378600,new,188.118,71.211,72.792,34.382,4,20,1
L:\Comic Archives\#\Series\2000 AD\2000 AD - 1998\2000AD #1102 (1998).cbz,37892508,new,123.354,31.154,55.291,29.877,4,26,1
L:\Comic Archives\#\Series\2000 AD\2000 AD - 1998\2000AD #1103 (1998).cbz,36573628,new,232.88,70.412,106.245,33.901,4,26,1
L:\Comic Archives\#\Series\2000 AD\2000 AD - 1998\2000AD #1104 (1998).cbz,36619166,new,203.216,55.674,98.759,32.767,4,30,1
L:\Comic Archives\#\Series\2000 AD\2000 AD - 1998\2000AD #1105 (1998).cbz,34692280,new,144.442,60.255,48.42,21.558,4,30,1
L:\Comic Archives\#\Series\2000 AD\2000 AD - 1998\2000AD #1106 (1998).cbz,37602997,new,342.072,50.68,75.763,207.181,4,30,1
L:\Comic Archives\#\Series\2000 AD\2000 AD - 1998\2000AD #1107 (1998).cbz,37410656,new,229.382,67.255,57.699,65.024,4,30,1
L:\Comic Archives\#\Series\2000 AD\2000 AD - 1998\2000AD #1108 (1998).cbz,36828006,new,215.955,70.726,90.547,39.439,4,31,1
L:\Comic Archives\#\Series\2000 AD\2000 AD - 1998\2000AD #1109 (1998).cbz,37861432,new,183.811,59.481,81.162,27.957,4,30,1
L:\Comic Archives\#\Series\2000 AD\2000 AD - 1998\2000AD #1110 (1998).cbz,37261829,new,169.154,63.663,69.624,23.405,4,20,1
L:\Comic Archives\#\Series\2000 AD\2000 AD - 1998\2000AD #1111 (1998).cbz,50886966,new,240.806,66.753,103.614,45.573,4,22,1
L:\Comic Archives\#\Series\2000 AD\2000 AD - 1998\2000AD #1112 (1998).cbz,11753529,new,138.758,52.127,37.227,33.033,4,22,1
L:\Comic Archives\#\Series\2000 AD\2000 AD - 1998\2000AD #1113 (1998).cbz,11813368,new,148.744,51.552,61.244,29.0,4,26,1
L:\Comic Archives\#\Series\2000 AD\2000 AD - 1998\2000AD #1114 (1998).cbz,11717554,new,156.235,74.77,36.456,35.244,4,26,1
L:\Comic Archives\#\Series\2000 AD\2000 AD - 1998\2000AD #1115 (1998).cbz,11913531,new,148.848,58.377,31.42,37.187,4,26,1
L:\Comic Archives\#\Series\2000 AD\2000 AD - 1998\2000AD #1116 (1998).cbz,12883169,new,138.544,74.237,30.424,23.574,4,26,1
L:\Comic Archives\#\Series\2000 AD\2000 AD - 1998\2000AD #1117 (1998).cbz,13143555,new,125.677,52.641,35.78,26.65,4,24,1
L:\Comic Archives\#\Series\2000 AD\2000 AD - 1998\2000AD #1118 (1998).cbz,12652093,new,132.553,54.227,31.517,33.517,4,26,1
L:\Comic Archives\#\Series\2000 AD\2000 AD - 1998\2000AD #1119 (1998).cbz,13149797,new,183.771,71.574,32.084,47.069,4,26,1
L:\Comic Archives\#\Series\2000 AD\2000 AD - 1998\2000AD #1120 (1998).cbz,38413048,new,182.978,57.101,65.234,46.939,4,26,1
L:\Comic Archives\#\Series\2000 AD\2000 AD - 1998\2000AD #1121 (1998).cbz,34313419,new,171.447,55.724,59.061,44.369,4,24,1
L:\Comic Archives\#\Series\2000 AD\2000 AD - 1998\2000AD #1122 (1998).cbz,34325024,new,177.66,78.969,62.945,22.315,4,27,1
L:\Comic Archives\#\Series\2000 AD\2000 AD - 1998\2000AD #1123 (1998).cbz,36896379,new,191.622,69.075,70.487,27.054,4,22,1
L:\Comic Archives\#\Series\2000 AD\2000 AD - 1998\2000AD #1124 (1998).cbz,50937989,new,122.13,42.434,50.223,22.856,4,24,1
L:\Comic Archives\#\Series\2000 AD\2000 AD - 1998\2000AD #1125 (1998).cbz,25717929,new,205.081,61.606,92.874,39.568,4,22,1
L:\Comic Archives\#\Series\2000 AD\2000 AD - 1998\2000AD #1126 (1998).cbz,24209354,new,159.745,46.115,69.093,32.033,4,26,1
L:\Comic Archives\#\Series\2000 AD\2000 AD - 1999\2000AD #1127 (1999).cbz,31759404,new,164.714,61.247,61.38,30.929,4,23,1
L:\Comic Archives\#\Series\2000 AD\2000 AD - 1999\2000AD #1128 (1999).cbz,27601336,new,155.707,59.452,45.387,36.123,4,26,1
L:\Comic Archives\#\Series\2000 AD\2000 AD - 1999\2000AD #1129 (1999).cbz,36522656,new,147.151,48.136,58.138,31.669,4,24,1
L:\Comic Archives\#\Series\2000 AD\2000 AD - 1999\2000AD #1130 (1999).cbz,35364244,new,173.802,48.058,66.577,32.4,4,24,1
L:\Comic Archives\#\Series\2000 AD\2000 AD - 1999\2000AD #1131 (1999).cbz,36257858,new,169.684,58.28,73.289,28.794,4,26,1
L:\Comic Archives\#\Series\2000 AD\2000 AD - 1999\2000AD #1132 (1999).cbz,34424687,new,173.155,47.838,75.728,36.052,4,24,1
L:\Comic Archives\#\Series\2000 AD\2000 AD - 1999\2000AD #1133 (1999).cbz,34540403,new,178.72,60.883,64.473,34.911,4,28,1
L:\Comic Archives\#\Series\2000 AD\2000 AD - 1999\2000AD #1134 (1999).cbz,34548013,new,233.402,68.674,101.384,35.652,4,28,1
L:\Comic Archives\#\Series\2000 AD\2000 AD - 1999\2000AD #1135 (1999).cbz,34724815,new,160.448,69.951,57.136,22.884,4,28,1
L:\Comic Archives\#\Series\2000 AD\2000 AD - 1999\2000AD #1136 (1999).cbz,12345408,new,115.347,45.04,43.053,19.881,4,28,1
L:\Comic Archives\#\Series\2000 AD\2000 AD - 1999\2000AD #1137 (1999).cbz,12989820,new,134.733,56.744,41.173,28.114,4,28,1
L:\Comic Archives\#\Series\2000 AD\2000 AD - 1999\2000AD #1138 (1999).cbz,14075171,new,164.506,49.287,47.405,36.964,4,12,1
L:\Comic Archives\#\Series\2000 AD\2000 AD - 1999\2000AD #1139 (1999).cbz,22908599,new,171.483,57.4,63.847,39.85,4,24,1
L:\Comic Archives\#\Series\2000 AD\2000 AD - 1999\2000AD #1140 (1999).cbz,21483998,new,148.716,54.33,58.054,23.475,4,24,1
L:\Comic Archives\#\Series\2000 AD\2000 AD - 1999\2000AD #1141 (1999).cbz,23250795,new,174.644,35.104,77.078,44.409,4,22,1
L:\Comic Archives\#\Series\2000 AD\2000 AD - 1999\2000AD #1142 (1999).cbz,20853795,new,346.589,49.497,69.342,204.573,4,22,1
L:\Comic Archives\#\Series\2000 AD\2000 AD - 1999\2000AD #1143 (1999).cbz,22566486,new,250.03,88.836,95.365,50.424,4,22,1
L:\Comic Archives\#\Series\2000 AD\2000 AD - 1999\2000AD #1144 (1999).cbz,21675245,new,199.914,56.727,103.42,33.55,4,22,1
L:\Comic Archives\#\Series\2000 AD\2000 AD - 1999\2000AD #1145 (1999).cbz,25573867,new,194.332,51.502,66.614,64.845,4,27,1
L:\Comic Archives\#\Series\2000 AD\2000 AD - 1999\2000AD #1146 (1999).cbz,22216135,new,212.546,46.354,83.298,52.793,4,26,1
L:\Comic Archives\#\Series\2000 AD\2000 AD - 1999\2000AD #1147 (1999).cbz,21890574,new,170.903,59.874,66.257,31.795,4,24,1
L:\Comic Archives\#\Series\2000 AD\2000 AD - 1999\2000AD #1148 (1999).cbz,21820959,new,179.012,54.747,72.205,39.307,4,28,1
L:\Comic Archives\#\Series\2000 AD\2000 AD - 1999\2000AD #1149 (1999).cbz,21591800,new,170.792,55.313,69.732,32.653,4,26,1
L:\Comic Archives\#\Series\2000 AD\2000 AD - 1999\2000AD #1150 (1999).cbz,34257979,new,172.851,54.628,62.293,28.468,4,22,1
L:\Comic Archives\#\Series\2000 AD\2000 AD - 1999\2000AD #1151 (1999).cbz,21467296,new,163.905,46.424,72.396,36.358,4,26,1
L:\Comic Archives\#\Series\2000 AD\2000 AD - 1999\2000AD #1152 (1999).cbz,21353950,new,132.205,33.425,58.604,31.97,4,32,1
L:\Comic Archives\#\Series\2000 AD\2000 AD - 1999\2000AD #1153 (1999).cbz,22400564,new,165.464,53.812,69.567,28.873,4,28,1
L:\Comic Archives\#\Series\2000 AD\2000 AD - 1999\2000AD #1154 (1999).cbz,21344644,new,190.342,58.212,78.258,27.987,4,30,1
L:\Comic Archives\#\Series\2000 AD\2000 AD - 1999\2000AD #1155 (1999).cbz,22891241,new,148.743,24.74,76.711,39.273,4,30,1
L:\Comic Archives\#\Series\2000 AD\2000 AD - 1999\2000AD #1156 (1999).cbz,23771137,new,183.733,52.362,80.161,36.9,4,33,1
L:\Comic Archives\#\Series\2000 AD\2000 AD - 1999\2000AD #1157 (1999).cbz,23814390,new,183.463,44.462,72.315,52.568,4,30,1
L:\Comic Archives\#\Series\2000 AD\2000 AD - 1999\2000AD #1158 (1999).cbz,23266231,new,196.647,62.047,61.825,47.968,4,30,1
L:\Comic Archives\#\Series\2000 AD\2000 AD - 1999\2000AD #1159 (1999).cbz,23770724,new,197.943,44.927,104.658,39.029,4,28,1
L:\Comic Archives\#\Series\2000 AD\2000 AD - 1999\2000AD #1160 (1999).cbz,25036456,new,189.554,64.703,81.069,29.241,4,29,1
L:\Comic Archives\#\Series\2000 AD\2000 AD - 1999\2000AD #1161 (1999).cbz,22391343,new,156.996,44.701,73.827,28.43,4,24,1
L:\Comic Archives\#\Series\2000 AD\2000 AD - 1999\2000AD #1162 (1999).cbz,21660798,new,188.38,64.517,66.235,31.39,4,27,1
L:\Comic Archives\#\Series\2000 AD\2000 AD - 1999\2000AD #1163 (1999).cbz,22915111,new,162.642,27.669,71.32,55.972,4,24,1
L:\Comic Archives\#\Series\2000 AD\2000 AD - 1999\2000AD #1164 (1999).cbz,21598879,new,185.248,76.119,68.095,27.359,4,29,1
L:\Comic Archives\#\Series\2000 AD\2000 AD - 1999\2000AD #1165 (1999).cbz,21500770,new,132.048,20.202,63.928,40.556,4,28,1
L:\Comic Archives\#\Series\2000 AD\2000 AD - 1999\2000AD #1166 (1999).cbz,21936821,new,210.837,60.88,77.171,37.061,4,28,1
L:\Comic Archives\#\Series\2000 AD\2000 AD - 1999\2000AD #1167 (1999).cbz,21824521,new,118.623,23.726,58.081,29.406,4,28,1
L:\Comic Archives\#\Series\2000 AD\2000 AD - 1999\2000AD #1168 (1999).cbz,21274269,new,180.749,64.415,72.741,27.114,4,30,1
L:\Comic Archives\#\Series\2000 AD\2000 AD - 1999\2000AD #1169 (1999).cbz,20664527,new,130.016,21.911,72.764,25.719,4,33,1
L:\Comic Archives\#\Series\2000 AD\2000 AD - 1999\2000AD #1170 (1999).cbz,21031214,new,172.929,35.54,62.162,48.214,4,28,1
L:\Comic Archives\#\Series\2000 AD\2000 AD - 1999\2000AD #1171 (1999).cbz,21778905,new,147.782,50.962,56.939,28.309,4,28,1
L:\Comic Archives\#\Series\2000 AD\2000 AD - 1999\2000AD #1172 (1999).cbz,21767458,new,172.772,63.863,62.161,37.508,4,28,1
L:\Comic Archives\#\Series\2000 AD\2000 AD - 1999\2000AD #1173 (1999).cbz,22784914,new,132.894,22.018,70.756,34.373,4,20,1
L:\Comic Archives\#\Series\2000 AD\2000 AD - 2000\2000AD #1174 (2000).cbz,20013485,new,188.423,62.806,78.63,36.159,4,22,1
L:\Comic Archives\#\Series\2000 AD\2000 AD - 2000\2000AD #1175 (2000).cbz,21471518,new,168.744,55.691,72.828,31.552,4,22,1
L:\Comic Archives\#\Series\2000 AD\2000 AD - 2000\2000AD #1176 (2000).cbz,19636947,new,163.912,60.472,62.327,32.504,4,22,1
L:\Comic Archives\#\Series\2000 AD\2000 AD - 2000\2000AD #1177 (2000).cbz,21781077,new,369.155,60.086,61.318,216.177,4,28,1
L:\Comic Archives\#\Series\2000 AD\2000 AD - 2000\2000AD #1178 (2000).cbz,20958169,new,226.263,92.957,70.072,51.595,4,24,1
L:\Comic Archives\#\Series\2000 AD\2000 AD - 2000\2000AD #1179 (2000).cbz,21819904,new,145.863,25.522,59.83,53.387,4,24,1
L:\Comic Archives\#\Series\2000 AD\2000 AD - 2000\2000AD #1180 (2000).cbz,20603624,new,179.657,33.568,73.528,65.529,4,26,1
L:\Comic Archives\#\Series\2000 AD\2000 AD - 2000\2000AD #1181 (2000).cbz,20501851,new,230.453,69.972,102.097,31.519,4,24,1
L:\Comic Archives\#\Series\2000 AD\2000 AD - 2000\2000AD #1182 (2000).cbz,20126708,new,189.898,63.794,74.083,40.39,4,24,1
L:\Comic Archives\#\Series\2000 AD\2000 AD - 2000\2000AD #1183 (2000).cbz,22464370,new,232.171,47.557,149.732,26.101,4,24,1
L:\Comic Archives\#\Series\2000 AD\2000 AD - 2000\2000AD #1184 (2000).cbz,23803674,new,220.774,54.562,89.38,54.077,4,28,1
L:\Comic Archives\#\Series\2000 AD\2000 AD - 2000\2000AD #1185 (2000).cbz,24272245,new,245.597,77.102,94.64,36.087,4,28,1
L:\Comic Archives\#\Series\2000 AD\2000 AD - 2000\2000AD #1186 (2000).cbz,22251889,new,212.141,59.934,102.237,37.071,4,28,1
L:\Comic Archives\#\Series\2000 AD\2000 AD - 2000\2000AD #1187 (2000).cbz,21797680,new,191.292,48.711,73.438,56.257,4,28,1
L:\Comic Archives\#\Series\2000 AD\2000 AD - 2000\2000AD #1188 (2000).cbz,20982706,new,179.082,69.546,64.025,31.073,4,28,1
L:\Comic Archives\#\Series\2000 AD\2000 AD - 2000\2000AD #1189 (2000).cbz,22257996,new,198.739,52.194,71.018,46.451,4,26,1
L:\Comic Archives\#\Series\2000 AD\2000 AD - 2000\2000AD #1190 (2000).cbz,22057314,new,178.131,74.066,61.008,30.225,4,28,1
L:\Comic Archives\#\Series\2000 AD\2000 AD - 2000\2000AD #1191 (2000).cbz,21911135,new,188.552,32.848,89.065,45.032,4,26,1
L:\Comic Archives\#\Series\2000 AD\2000 AD - 2000\2000AD #1192 (2000).cbz,21142170,new,220.268,64.551,103.177,40.237,4,26,1
L:\Comic Archives\#\Series\2000 AD\2000 AD - 2000\2000AD #1193 (2000).cbz,22974217,new,197.661,35.179,86.691,42.069,4,26,1
L:\Comic Archives\#\Series\2000 AD\2000 AD - 2000\2000AD #1194 (2000).cbz,24129370,new,156.098,46.525,73.879,24.969,4,30,1
L:\Comic Archives\#\Series\2000 AD\2000 AD - 2000\2000AD #1195 (2000).cbz,22703590,new,156.54,39.004,78.86,26.806,4,28,1
L:\Comic Archives\#\Series\2000 AD\2000 AD - 2000\2000AD #1196 (2000).cbz,21955197,new,156.08,54.26,70.364,24.084,4,28,1
L:\Comic Archives\#\Series\2000 AD\2000 AD - 2000\2000AD #1197 (2000).cbz,21987362,new,118.751,7.383,73.541,30.264,4,30,1
L:\Comic Archives\#\Series\2000 AD\2000 AD - 2000\2000AD #1198 (2000).cbz,22799239,new,173.273,64.318,66.789,27.204,4,28,1
L:\Comic Archives\#\Series\2000 AD\2000 AD - 2000\2000AD #1199 (2000).cbz,24507457,new,197.538,54.3,108.378,24.407,4,28,1
L:\Comic Archives\#\Series\2000 AD\2000 AD - 2000\2000AD #1200 (2000).cbz,22332300,new,193.165,68.684,94.663,21.058,4,24,1
L:\Comic Archives\#\Series\2000 AD\2000 AD - 2000\2000AD #1201 (2000).cbz,21092778,new,174.524,46.01,63.42,38.355,4,28,1
L:\Comic Archives\#\Series\2000 AD\2000 AD - 2000\2000AD #1202 (2000).cbz,17332645,new,113.732,19.335,49.429,37.525,4,28,1
L:\Comic Archives\#\Series\2000 AD\2000 AD - 2000\2000AD #1203 (2000).cbz,14717673,new,162.739,64.008,51.66,30.61,4,30,1
L:\Comic Archives\#\Series\2000 AD\2000 AD - 2000\2000AD #1204 (2000).cbz,14605130,new,189.933,62.225,63.844,49.878,4,30,1
L:\Comic Archives\#\Series\2000 AD\2000 AD - 2000\2000AD #1205 (2000).cbz,13619806,new,198.002,68.096,53.415,52.095,4,29,1
L:\Comic Archives\#\Series\2000 AD\2000 AD - 2000\2000AD #1206 (2000).cbz,14350459,new,173.388,54.871,63.951,39.526,4,26,1
L:\Comic Archives\#\Series\2000 AD\2000 AD - 2000\2000AD #1207 (2000).cbz,16231147,new,207.063,66.239,102.258,28.172,4,28,1
L:\Comic Archives\#\Series\2000 AD\2000 AD - 2000\2000AD #1208 (2000).cbz,15636317,new,156.726,44.144,60.61,45.293,4,24,1
L:\Comic Archives\#\Series\2000 AD\2000 AD - 2000\2000AD #1209 (2000).cbz,15448291,new,183.231,61.448,61.981,29.851,4,24,1
L:\Comic Archives\#\Series\2000 AD\2000 AD - 2000\2000AD #1210 (2000).cbz,15065053,new,211.817,84.896,70.407,38.116,4,23,1
L:\Comic Archives\#\Series\2000 AD\2000 AD - 2000\2000AD #1211 (2000).cbz,15298222,new,408.31,69.678,60.101,263.786,4,24,1
L:\Comic Archives\#\Series\2000 AD\2000 AD - 2000\2000AD #1212 (2000).cbz,15500201,new,188.339,56.085,56.976,67.361,4,20,1
L:\Comic Archives\#\Series\2000 AD\2000 AD - 2000\2000AD #1213 (2000).cbz,15104062,new,188.558,65.139,51.971,43.762,4,26,1
L:\Comic Archives\#\Series\2000 AD\2000 AD - 2000\2000AD #1214 (2000).cbz,15514234,new,177.815,67.318,61.395,38.371,4,22,1
L:\Comic Archives\#\Series\2000 AD\2000 AD - 2000\2000AD #1215 (2000).cbz,16574418,new,181.741,52.702,57.645,60.067,4,26,1
L:\Comic Archives\#\Series\2000 AD\2000 AD - 2000\2000AD #1216 (2000).cbz,15980016,new,170.496,52.394,77.596,29.738,4,26,1
L:\Comic Archives\#\Series\2000 AD\2000 AD - 2000\2000AD #1217 (2000).cbz,15623159,new,189.617,67.726,65.893,30.682,4,26,1
L:\Comic Archives\#\Series\2000 AD\2000 AD - 2000\2000AD #1218 (2000).cbz,16386380,new,164.061,41.989,57.027,56.823,4,26,1
L:\Comic Archives\#\Series\2000 AD\2000 AD - 2000\2000AD #1219 (2000).cbz,14993421,new,179.417,72.54,54.403,40.198,4,26,1
L:\Comic Archives\#\Series\2000 AD\2000 AD - 2000\2000AD #1220 (2000).cbz,15243191,new,189.546,58.449,82.127,23.569,4,28,1
L:\Comic Archives\#\Series\2000 AD\2000 AD - 2000\2000AD #1221 (2000).cbz,15598197,new,165.051,59.203,65.92,26.288,4,24,1
L:\Comic Archives\#\Series\2000 AD\2000 AD - 2000\2000AD #1222 (2000).cbz,14214160,new,171.429,72.802,56.318,31.955,4,25,1
L:\Comic Archives\#\Series\2000 AD\2000 AD - 2001\2000AD #1223 (2001).cbz,15578207,new,122.638,40.542,49.558,25.229,4,26,1
L:\Comic Archives\#\Series\2000 AD\2000 AD - 2001\2000AD #1224 (2001).cbz,14804634,new,155.11,55.772,51.85,29.205,4,26,1
L:\Comic Archives\#\Series\2000 AD\2000 AD - 2001\2000AD #1225 (2001).cbz,14063423,new,131.712,29.305,56.505,32.178,4,26,1
L:\Comic Archives\#\Series\2000 AD\2000 AD - 2001\2000AD #1226 (2001).cbz,13387114,new,164.985,42.187,48.675,59.715,4,28,1
L:\Comic Archives\#\Series\2000 AD\2000 AD - 2001\2000AD #1227 (2001).cbz,15220967,new,139.96,45.07,50.927,34.295,4,27,1
L:\Comic Archives\#\Series\2000 AD\2000 AD - 2001\2000AD #1228 (2001).cbz,14327246,new,156.3,45.246,50.717,39.683,4,26,1
L:\Comic Archives\#\Series\2000 AD\2000 AD - 2001\2000AD #1229 (2001).cbz,13987196,new,187.22,77.119,59.825,35.229,4,26,1
L:\Comic Archives\#\Series\2000 AD\2000 AD - 2001\2000AD #1230 (2001).cbz,14591441,new,98.796,20.112,49.889,22.623,4,22,1
L:\Comic Archives\#\Series\2000 AD\2000 AD - 2001\2000AD #1231 (2001).cbz,16548425,new,106.647,27.004,46.483,27.021,4,22,1
L:\Comic Archives\#\Series\2000 AD\2000 AD - 2001\2000AD #1232 (2001).cbz,14549181,new,173.476,60.642,53.928,35.232,4,23,1
L:\Comic Archives\#\Series\2000 AD\2000 AD - 2001\2000AD #1233 (2001).cbz,15526273,new,159.053,48.822,69.434,33.05,4,22,1
L:\Comic Archives\#\Series\2000 AD\2000 AD - 2001\2000AD #1234 (2001).cbz,15247750,new,178.252,58.034,61.463,47.042,4,24,1
L:\Comic Archives\#\Series\2000 AD\2000 AD - 2001\2000AD #1235 (2001).cbz,15253311,new,135.796,39.557,53.96,32.906,4,28,1
L:\Comic Archives\#\Series\2000 AD\2000 AD - 2001\2000AD #1236 (2001).cbz,14432343,new,155.791,50.316,52.935,27.447,4,28,1
L:\Comic Archives\#\Series\2000 AD\2000 AD - 2001\2000AD #1237 (2001).cbz,13272026,new,142.997,33.465,63.621,39.622,4,22,1
L:\Comic Archives\#\Series\2000 AD\2000 AD - 2001\2000AD #1238 (2001).cbz,14518767,new,164.383,36.715,49.212,65.225,4,22,1
L:\Comic Archives\#\Series\2000 AD\2000 AD - 2001\2000AD #1239 (2001).cbz,12932218,new,175.826,81.092,56.437,26.008,4,22,1
L:\Comic Archives\#\Series\2000 AD\2000 AD - 2001\2000AD #1240 (2001).cbz,12867960,new,165.93,47.704,56.742,37.729,4,26,1
L:\Comic Archives\#\Series\2000 AD\2000 AD - 2001\2000AD #1241 (2001).cbz,14955925,new,140.023,33.441,53.745,41.53,4,28,1
L:\Comic Archives\#\Series\2000 AD\2000 AD - 2001\2000AD #1242 (2001).cbz,15056732,new,196.88,65.632,85.217,28.686,4,28,1
L:\Comic Archives\#\Series\2000 AD\2000 AD - 2001\2000AD #1243 (2001).cbz,15639922,new,141.616,46.104,48.758,32.994,4,28,1
L:\Comic Archives\#\Series\2000 AD\2000 AD - 2001\2000AD #1244 (2001).cbz,14108174,new,155.634,51.658,62.938,19.014,4,28,1
L:\Comic Archives\#\Series\2000 AD\2000 AD - 2001\2000AD #1245 (2001).cbz,12717663,new,118.512,21.278,46.651,43.177,4,28,1
L:\Comic Archives\#\Series\2000 AD\2000 AD - 2001\2000AD #1246 (2001).cbz,14676743,new,375.543,57.766,65.936,242.933,4,29,1
L:\Comic Archives\#\Series\2000 AD\2000 AD - 2001\2000AD #1247 (2001).cbz,14201387,new,185.481,76.893,53.029,42.61,4,28,1
L:\Comic Archives\#\Series\2000 AD\2000 AD - 2001\2000AD #1248 (2001).cbz,14333504,new,167.393,47.361,48.139,40.244,4,28,1
L:\Comic Archives\#\Series\2000 AD\2000 AD - 2001\2000AD #1249 (2001).cbz,12317407,new,125.119,36.123,48.933,24.835,4,27,1
L:\Comic Archives\#\Series\2000 AD\2000 AD - 2001\2000AD #1250 (2001).cbz,13108267,new,174.704,72.493,56.134,36.899,4,24,1
L:\Comic Archives\#\Series\2000 AD\2000 AD - 2001\2000AD #1251 (2001).cbz,13423840,new,139.338,40.242,49.335,39.571,4,28,1
L:\Comic Archives\#\Series\2000 AD\2000 AD - 2001\2000AD #1252 (2001).cbz,15009986,new,195.585,65.707,53.991,44.525,4,28,1
L:\Comic Archives\#\Series\2000 AD\2000 AD - 2001\2000AD #1253 (2001).cbz,13893249,new,174.022,45.651,51.203,69.166,4,28,1
L:\Comic Archives\#\Series\2000 AD\2000 AD - 2001\2000AD #1254 (2001).cbz,13263434,new,171.216,56.414,59.286,38.495,4,28,1
L:\Comic Archives\#\Series\2000 AD\2000 AD - 2001\2000AD #1255 (2001).cbz,11899252,new,163.584,43.272,53.299,55.966,4,28,1
L:\Comic Archives\#\Series\2000 AD\2000 AD - 2001\2000AD #1256 (2001).cbz,12153514,new,189.039,68.957,55.003,40.191,4,10,1
L:\Comic Archives\#\Series\2000 AD\2000 AD - 2001\2000AD #1257 (2001).cbz,12876391,new,154.771,51.016,52.276,39.58,4,28,1
L:\Comic Archives\#\Series\2000 AD\2000 AD - 2001\2000AD #1258 (2001).cbz,11950863,new,126.972,28.155,49.715,38.709,4,28,1
L:\Comic Archives\#\Series\2000 AD\2000 AD - 2001\2000AD #1259 (2001).cbz,12119390,new,164.997,63.907,52.896,37.635,4,28,1
L:\Comic Archives\#\Series\2000 AD\2000 AD - 2001\2000AD #1260 (2001).cbz,12713097,new,196.817,65.141,54.879,46.183,4,28,1
L:\Comic Archives\#\Series\2000 AD\2000 AD - 2001\2000AD #1261 (2001).cbz,12653056,new,129.549,43.376,46.748,26.587,4,24,1
L:\Comic Archives\#\Series\2000 AD\2000 AD - 2001\2000AD #1262 (2001).cbz,12250301,new,131.205,27.514,53.362,31.404,4,25,1
L:\Comic Archives\#\Series\2000 AD\2000 AD - 2001\2000AD #1263 (2001).cbz,11989620,new,165.191,44.837,49.493,54.918,4,28,1
L:\Comic Archives\#\Series\2000 AD\2000 AD - 2001\2000AD #1264 (2001).cbz,12777171,new,230.281,70.833,63.126,57.465,4,26,1
L:\Comic Archives\#\Series\2000 AD\2000 AD - 2001\2000AD #1265 (2001).cbz,18545664,new,162.905,50.04,55.099,41.149,4,26,1
L:\Comic Archives\#\Series\2000 AD\2000 AD - 2001\2000AD #1266 (2001).cbz,18862579,new,165.984,46.817,63.762,42.883,4,26,1
L:\Comic Archives\#\Series\2000 AD\2000 AD - 2001\2000AD #1267 (2001).cbz,18451904,new,160.205,66.442,50.549,31.386,4,30,1
L:\Comic Archives\#\Series\2000 AD\2000 AD - 2001\2000AD #1268 (2001).cbz,17680929,new,185.277,55.436,48.595,48.396,4,28,1
L:\Comic Archives\#\Series\2000 AD\2000 AD - 2001\2000AD #1269 (2001).cbz,19356514,new,182.984,64.807,60.163,40.688,4,26,1
L:\Comic Archives\#\Series\2000 AD\2000 AD - 2001\2000AD #1270 (2001).cbz,18374540,new,181.727,54.437,49.19,65.643,4,31,1
L:\Comic Archives\#\Series\2000 AD\2000 AD - 2001\2000AD #1271 (2001).cbz,17945017,new,187.699,50.391,76.385,41.073,4,27,1
L:\Comic Archives\#\Series\2000 AD\2000 AD - 2001\2000AD #1272 (2001).cbz,18677568,new,124.138,30.4,47.667,39.38,4,24,1
L:\Comic Archives\#\Series\2000 AD\2000 AD - 2002\2000AD #1273 (2002).cbz,18396841,new,163.705,58.334,56.389,38.864,4,24,1
L:\Comic Archives\#\Series\2000 AD\2000 AD - 2002\2000AD #1274 (2002).cbz,19578265,new,165.375,50.052,50.47,46.779,4,28,1
L:\Comic Archives\#\Series\2000 AD\2000 AD - 2002\2000AD #1275 (2002).cbz,18583979,new,155.05,43.768,47.863,40.941,4,28,1
L:\Comic Archives\#\Series\2000 AD\2000 AD - 2002\2000AD #1276 (2002).cbz,18367612,new,132.747,41.439,59.74,22.115,4,26,1
L:\Comic Archives\#\Series\2000 AD\2000 AD - 2002\2000AD #1277 (2002).cbz,19007797,new,98.391,24.646,45.294,21.067,4,28,1
L:\Comic Archives\#\Series\2000 AD\2000 AD - 2002\2000AD #1278 (2002).cbz,19274288,new,124.874,24.57,56.367,37.735,4,22,1
L:\Comic Archives\#\Series\2000 AD\2000 AD - 2002\2000AD #1279 (2002).cbz,19370158,new,189.192,63.275,54.682,42.52,4,22,1
L:\Comic Archives\#\Series\2000 AD\2000 AD - 2002\2000AD #1280 (2002).cbz,17750198,new,378.224,33.431,46.815,284.715,4,55,1
L:\Comic Archives\#\Series\2000 AD\2000 AD - 2002\2000AD #1281 (2002).cbz,16691515,new,166.593,58.501,46.403,49.426,4,27,1
L:\Comic Archives\#\Series\2000 AD\2000 AD - 2002\2000AD #1282 (2002).cbz,18578580,new,172.608,63.892,59.181,32.779,4,27,1
L:\Comic Archives\#\Series\2000 AD\2000 AD - 2002\2000AD #1283 (2002).cbz,17491020,new,168.558,41.045,63.875,35.953,4,26,1
L:\Comic Archives\#\Series\2000 AD\2000 AD - 2002\2000AD #1284 (2002).cbz,17750908,new,156.344,34.161,47.374,65.275,4,27,1
L:\Comic Archives\#\Series\2000 AD\2000 AD - 2002\2000AD #1285 (2002).cbz,17785097,new,178.839,67.138,62.554,36.206,4,28,1
L:\Comic Archives\#\Series\2000 AD\2000 AD - 2002\2000AD #1286 (2002).cbz,17849328,new,165.325,38.67,52.11,65.771,4,28,1
L:\Comic Archives\#\Series\2000 AD\2000 AD - 2002\2000AD #1287 (2002).cbz,16226618,new,171.147,51.752,48.528,44.077,4,28,1
L:\Comic Archives\#\Series\2000 AD\2000 AD - 2002\2000AD #1288 (2002).cbz,16779848,new,163.124,58.847,59.902,33.377,4,22,1
L:\Comic Archives\#\Series\2000 AD\2000 AD - 2002\2000AD #1289 (2002).cbz,15478140,new,156.753,55.242,54.839,34.512,4,18,1
L:\Comic Archives\#\Series\2000 AD\2000 AD - 2002\2000AD #1290 (2002).cbz,17131190,new,140.33,39.596,44.783,43.288,4,24,1
L:\Comic Archives\#\Series\2000 AD\2000 AD - 2002\2000AD #1291 (2002).cbz,16598868,new,203.942,76.561,58.976,36.547,4,24,1
L:\Comic Archives\#\Series\2000 AD\2000 AD - 2002\2000AD #1292 (2002).cbz,16997854,new,125.137,24.406,64.946,29.17,4,24,1
L:\Comic Archives\#\Series\2000 AD\2000 AD - 2002\2000AD #1293 (2002).cbz,16719871,new,128.639,27.167,62.091,32.309,4,26,1
L:\Comic Archives\#\Series\2000 AD\2000 AD - 2002\2000AD #1294 (2002).cbz,16722150,new,187.949,57.539,84.142,38.754,4,24,1
L:\Comic Archives\#\Series\2000 AD\2000 AD - 2002\2000AD #1295 (2002).cbz,16256052,new,205.151,70.403,53.749,50.569,4,23,1
L:\Comic Archives\#\Series\2000 AD\2000 AD - 2002\2000AD #1296 (2002).cbz,16991768,new,171.476,50.432,51.281,56.85,4,28,1
L:\Comic Archives\#\Series\2000 AD\2000 AD - 2002\2000AD #1297 (2002).cbz,15596448,new,162.153,58.531,51.305,36.81,4,24,1
L:\Comic Archives\#\Series\2000 AD\2000 AD - 2002\2000AD #1298 (2002).cbz,16507808,new,165.135,43.466,74.526,36.637,4,24,1
L:\Comic Archives\#\Series\2000 AD\2000 AD - 2002\2000AD #1299 (2002).cbz,16823560,new,171.307,43.47,47.995,46.666,4,20,1
L:\Comic Archives\#\Series\2000 AD\2000 AD - 2002\2000AD #1300 (2002).cbz,17984771,new,163.688,57.739,56.669,38.85,4,18,1
L:\Comic Archives\#\Series\2000 AD\2000 AD - 2002\2000AD #1301 (2002).cbz,19153131,new,142.543,24.333,59.0,51.784,4,28,1
L:\Comic Archives\#\Series\2000 AD\2000 AD - 2002\2000AD #1302 (2002).cbz,18655094,new,120.792,36.075,46.592,28.693,4,28,1
L:\Comic Archives\#\Series\2000 AD\2000 AD - 2002\2000AD #1303 (2002).cbz,18885887,new,175.688,75.083,49.342,19.394,4,28,1
L:\Comic Archives\#\Series\2000 AD\2000 AD - 2002\2000AD #1304 (2002).cbz,18600730,new,104.223,19.851,44.651,32.181,4,28,1
L:\Comic Archives\#\Series\2000 AD\2000 AD - 2002\2000AD #1305 (2002).cbz,17637731,new,173.636,53.916,74.182,32.406,4,28,1
L:\Comic Archives\#\Series\2000 AD\2000 AD - 2002\2000AD #1306 (2002).cbz,18360906,new,208.301,39.613,92.312,65.912,4,28,1
L:\Comic Archives\#\Series\2000 AD\2000 AD - 2002\2000AD #1307 (2002).cbz,18530242,new,328.014,73.345,154.915,72.498,4,28,1
L:\Comic Archives\#\Series\2000 AD\2000 AD - 2002\2000AD #1308 (2002).cbz,17910866,new,255.774,97.454,94.822,49.979,4,30,1
L:\Comic Archives\#\Series\2000 AD\2000 AD - 2002\2000AD #1309 (2002).cbz,18644532,new,178.889,73.115,57.798,34.6,4,30,1
L:\Comic Archives\#\Series\2000 AD\2000 AD - 2002\2000AD #1310 (2002).cbz,19024135,new,115.692,18.169,61.958,28.462,4,26,1
L:\Comic Archives\#\Series\2000 AD\2000 AD - 2002\2000AD #1311 (2002).cbz,19213583,new,182.076,51.014,58.225,40.628,4,24,1
L:\Comic Archives\#\Series\2000 AD\2000 AD - 2002\2000AD #1312 (2002).cbz,17783246,new,159.349,49.598,57.595,40.166,4,22,1
L:\Comic Archives\#\Series\2000 AD\2000 AD - 2002\2000AD #1313 (2002).cbz,17858497,new,157.048,44.584,46.034,53.475,4,24,1
L:\Comic Archives\#\Series\2000 AD\2000 AD - 2002\2000AD #1314 (2002).cbz,18400944,new,170.986,37.221,84.209,39.413,4,28,1
L:\Comic Archives\#\Series\2000 AD\2000 AD - 2002\2000AD #1315 (2002).cbz,18041669,new,188.254,65.706,62.396,31.279,4,26,1
L:\Comic Archives\#\Series\2000 AD\2000 AD - 2002\2000AD #1316 (2002).cbz,18668977,new,358.624,23.004,57.028,271.201,4,28,1
L:\Comic Archives\#\Series\2000 AD\2000 AD - 2002\2000AD #1317 (2002).cbz,19056208,new,211.011,69.198,74.796,51.363,4,28,1
L:\Comic Archives\#\Series\2000 AD\2000 AD - 2002\2000AD #1318 (2002).cbz,15177509,new,171.194,51.349,56.414,52.467,4,26,1
L:\Comic Archives\#\Series\2000 AD\2000 AD - 2002\2000AD #1319 (2002).cbz,14435497,new,170.927,71.488,53.691,32.92,4,26,1
L:\Comic Archives\#\Series\2000 AD\2000 AD - 2002\2000AD #1320 (2002).cbz,14407489,new,131.802,37.299,46.55,40.97,4,24,1
L:\Comic Archives\#\Series\2000 AD\2000 AD - 2002\2000AD #1321 (2002).cbz,17119096,new,191.187,18.874,90.982,74.732,4,24,1
L:\Comic Archives\#\Series\2000 AD\2000 AD - 2003\2000AD #1322 (2003).cbz,15923708,new,188.874,65.602,52.482,40.607,4,30,1
L:\Comic Archives\#\Series\2000 AD\2000 AD - 2003\2000AD #1323 (2003).cbz,14238942,new,168.735,65.141,58.782,32.005,4,30,1
L:\Comic Archives\#\Series\2000 AD\2000 AD - 2003\2000AD #1324 (2003).cbz,13884820,new,157.816,53.713,57.724,35.308,4,30,1
L:\Comic Archives\#\Series\2000 AD\2000 AD - 2003\2000AD #1325 (2003).cbz,14507747,new,147.064,31.896,60.088,47.07,4,30,1
L:\Comic Archives\#\Series\2000 AD\2000 AD - 2003\2000AD #1326 (2003).cbz,14045111,new,148.785,47.341,48.256,25.445,4,26,1
L:\Comic Archives\#\Series\2000 AD\2000 AD - 2003\2000AD #1327 (2003).cbz,17596390,new,115.157,22.969,52.267,31.32,4,31,1
L:\Comic Archives\#\Series\2000 AD\2000 AD - 2003\2000AD #1328 (2003).cbz,17110351,new,150.829,25.508,55.816,50.428,4,26,1
L:\Comic Archives\#\Series\2000 AD\2000 AD - 2003\2000AD #1329 (2003).cbz,15619475,new,196.87,71.657,64.101,48.744,4,28,1
L:\Comic Archives\#\Series\2000 AD\2000 AD - 2003\2000AD #1330 (2003).cbz,18322725,new,168.892,51.511,45.832,57.566,4,28,1
L:\Comic Archives\#\Series\2000 AD\2000 AD - 2003\2000AD #1331 (2003).cbz,17419823,new,155.785,43.603,61.559,36.688,4,28,1
L:\Comic Archives\#\Series\2000 AD\2000 AD - 2003\2000AD #1332 (2003).cbz,17643340,new,163.518,66.426,48.208,38.786,4,28,1
L:\Comic Archives\#\Series\2000 AD\2000 AD - 2003\2000AD #1333 (2003).cbz,17696157,new,131.237,25.938,49.539,40.193,4,28,1
L:\Comic Archives\#\Series\2000 AD\2000 AD - 2003\2000AD #1334 (2003).cbz,15484128,new,173.037,56.806,51.173,32.844,4,26,1
L:\Comic Archives\#\Series\2000 AD\2000 AD - 2003\2000AD #1335 (2003).cbz,16344109,new,150.217,66.353,49.697,27.037,4,20,1
L:\Comic Archives\#\Series\2000 AD\2000 AD - 2003\2000AD #1336 (2003).cbz,10291790,new,114.625,41.084,37.982,28.782,4,20,1
L:\Comic Archives\#\Series\2000 AD\2000 AD - 2003\2000AD #1337 (2003).cbz,15913037,new,180.651,26.165,128.674,18.408,4,28,1
L:\Comic Archives\#\Series\2000 AD\2000 AD - 2003\2000AD #1338 (2003).cbz,18402624,new,138.45,34.127,59.723,21.744,4,26,1
L:\Comic Archives\#\Series\2000 AD\2000 AD - 2003\2000AD #1339 (2003).cbz,17826370,new,131.685,34.384,54.327,27.22,4,30,1
L:\Comic Archives\#\Series\2000 AD\2000 AD - 2003\2000AD #1340 (2003).cbz,16811407,new,124.669,20.414,61.569,35.223,4,28,1
L:\Comic Archives\#\Series\2000 AD\2000 AD - 2003\2000AD #1341 (2003).cbz,17805793,new,138.231,49.955,47.292,29.395,4,24,1
L:\Comic Archives\#\Series\2000 AD\2000 AD - 2003\2000AD #1342 (2003).cbz,18437413,new,202.989,56.977,57.48,55.293,4,26,1
L:\Comic Archives\#\Series\2000 AD\2000 AD - 2003\2000AD #1343 (2003).cbz,13119200,new,146.096,38.862,53.06,43.257,4,28,1
L:\Comic Archives\#\Series\2000 AD\2000 AD - 2003\2000AD #1344 (2003).cbz,14068341,new,204.908,54.899,63.607,71.202,4,32,1
L:\Comic Archives\#\Series\2000 AD\2000 AD - 2003\2000AD #1345 (2003).cbz,12746497,new,187.072,75.764,54.595,43.81,4,28,1
L:\Comic Archives\#\Series\2000 AD\2000 AD - 2003\2000AD #1346 (2003).cbz,18566801,new,164.433,54.183,51.943,32.476,4,28,1
L:\Comic Archives\#\Series\2000 AD\2000 AD - 2003\2000AD #1347 (2003).cbz,18211439,new,136.66,46.446,45.841,31.628,4,28,1
L:\Comic Archives\#\Series\2000 AD\2000 AD - 2003\2000AD #1348 (2003).cbz,18376169,new,158.627,53.384,55.957,39.126,4,28,1
L:\Comic Archives\#\Series\2000 AD\2000 AD - 2003\2000AD #1349 (2003).cbz,18290679,new,140.489,32.779,54.912,35.058,4,24,1
L:\Comic Archives\#\Series\2000 AD\2000 AD - 2003\2000AD #1350 (2003).cbz,13251559,new,141.999,67.369,17.435,35.274,4,18,1
L:\Comic Archives\#\Series\2000 AD\2000 AD - 2003\2000AD #1351 (2003).cbz,17699839,new,143.722,49.549,51.639,33.792,4,26,1
L:\Comic Archives\#\Series\2000 AD\2000 AD - 2003\2000AD #1352 (2003).cbz,16253937,new,393.083,57.585,57.098,264.407,4,26,1
L:\Comic Archives\#\Series\2000 AD\2000 AD - 2003\2000AD #1353 (2003).cbz,15230733,new,233.321,80.651,46.908,89.214,4,26,1
L:\Comic Archives\#\Series\2000 AD\2000 AD - 2003\2000AD #1354 (2003).cbz,16242749,new,188.473,55.75,63.092,45.007,4,26,1
L:\Comic Archives\#\Series\2000 AD\2000 AD - 2003\2000AD #1355 (2003).cbz,14144368,new,220.466,87.277,92.864,29.22,4,22,1
L:\Comic Archives\#\Series\2000 AD\2000 AD - 2003\2000AD #1356 (2003).cbz,17834341,new,140.804,25.585,62.748,45.48,4,26,1
L:\Comic Archives\#\Series\2000 AD\2000 AD - 2003\2000AD #1357 (2003).cbz,17451011,new,154.514,62.848,49.48,26.524,4,28,1
L:\Comic Archives\#\Series\2000 AD\2000 AD - 2003\2000AD #1358 (2003).cbz,17211982,new,139.504,31.621,45.644,42.856,4,28,1
L:\Comic Archives\#\Series\2000 AD\2000 AD - 2003\2000AD #1359 (2003).cbz,17802021,new,173.487,44.11,47.911,65.43,4,30,1
L:\Comic Archives\#\Series\2000 AD\2000 AD - 2003\2000AD #1360 (2003).cbz,17126542,new,134.728,43.461,50.991,28.927,4,24,1
L:\Comic Archives\#\Series\2000 AD\2000 AD - 2003\2000AD #1361 (2003).cbz,16749956,new,174.065,49.317,54.974,59.198,4,24,1
L:\Comic Archives\#\Series\2000 AD\2000 AD - 2003\2000AD #1362 (2003).cbz,18422541,new,187.559,64.646,53.098,41.458,4,26,1
L:\Comic Archives\#\Series\2000 AD\2000 AD - 2003\2000AD #1363 (2003).cbz,17075502,new,156.894,40.009,45.449,63.667,4,30,1
L:\Comic Archives\#\Series\2000 AD\2000 AD - 2003\2000AD #1364 (2003).cbz,17038505,new,162.995,60.171,57.645,30.755,4,30,1
L:\Comic Archives\#\Series\2000 AD\2000 AD - 2003\2000AD #1365 (2003).cbz,16946602,new,173.387,32.476,78.261,39.877,4,30,1
L:\Comic Archives\#\Series\2000 AD\2000 AD - 2003\2000AD #1366 (2003).cbz,16877091,new,193.491,45.208,90.925,39.828,4,30,1
L:\Comic Archives\#\Series\2000 AD\2000 AD - 2003\2000AD #1367 (2003).cbz,16534021,new,118.01,23.487,47.172,39.586,4,30,1
L:\Comic Archives\#\Series\2000 AD\2000 AD - 2003\2000AD #1368 (2003).cbz,12909205,new,178.896,63.39,51.23,52.119,4,30,1
L:\Comic Archives\#\Series\2000 AD\2000 AD - 2003\2000AD #1369 (2003).cbz,19356818,new,122.926,26.98,65.186,22.847,4,30,1
L:\Comic Archives\#\Series\2000 AD\2000 AD - 2003\2000AD #1370 (2003).cbz,17699820,new,156.536,67.069,51.378,28.161,4,30,1
L:\Comic Archives\#\Series\2000 AD\2000 AD - 2004\2000AD #1371 (2004).cbz,17625921,new,106.964,27.057,46.054,24.503,4,33,1
L:\Comic Archives\#\Series\2000 AD\2000 AD - 2004\2000AD #1372 (2004).cbz,16726627,new,157.808,21.558,56.034,63.363,4,32,1
L:\Comic Archives\#\Series\2000 AD\2000 AD - 2004\2000AD #1373 (2004).cbz,17634235,new,196.961,71.998,49.979,41.353,4,32,1
L:\Comic Archives\#\Series\2000 AD\2000 AD - 2004\2000AD #1374 (2004).cbz,18261546,new,165.221,49.997,57.242,43.246,4,33,1
L:\Comic Archives\#\Series\2000 AD\2000 AD - 2004\2000AD #1375 (2004).cbz,16467552,new,137.023,39.159,49.991,34.767,4,33,1
L:\Comic Archives\#\Series\2000 AD\2000 AD - 2004\2000AD #1376 (2004).cbz,16712114,new,174.026,52.075,67.934,42.107,4,28,1
L:\Comic Archives\#\Series\2000 AD\2000 AD - 2004\2000AD #1377 (2004).cbz,17407875,new,157.494,41.464,55.286,41.065,4,33,1
L:\Comic Archives\#\Series\2000 AD\2000 AD - 2004\2000AD #1378 (2004).cbz,17495062,new,161.645,43.988,46.696,56.643,4,28,1
L:\Comic Archives\#\Series\2000 AD\2000 AD - 2004\2000AD #1379 (2004).cbz,18105500,new,229.28,84.425,88.075,42.439,4,28,1
L:\Comic Archives\#\Series\2000 AD\2000 AD - 2004\2000AD #1380 (2004).cbz,17902197,new,188.475,47.53,58.915,69.834,4,26,1
L:\Comic Archives\#\Series\2000 AD\2000 AD - 2004\2000AD #1381 (2004).cbz,17236431,new,137.786,35.794,45.984,27.897,4,35,1
L:\Comic Archives\#\Series\2000 AD\2000 AD - 2004\2000AD #1382 (2004).cbz,14941442,new,156.763,54.436,48.174,47.516,4,24,1
L:\Comic Archives\#\Series\2000 AD\2000 AD - 2004\2000AD #1383 (2004).cbz,16063407,new,179.925,62.767,69.02,32.67,4,24,1
L:\Comic Archives\#\Series\2000 AD\2000 AD - 2004\2000AD #1384 (2004).cbz,17963848,new,106.01,22.821,49.374,26.029,4,30,1
L:\Comic Archives\#\Series\2000 AD\2000 AD - 2004\2000AD #1385 (2004).cbz,16506322,new,165.084,34.325,68.629,36.713,4,26,1
L:\Comic Archives\#\Series\2000 AD\2000 AD - 2004\2000AD #1386 (2004).cbz,15664686,new,304.14,40.419,50.486,204.175,4,30,1
L:\Comic Archives\#\Series\2000 AD\2000 AD - 2004\2000AD #1387 (2004).cbz,20882619,new,196.967,61.899,65.292,61.082,4,30,1
L:\Comic Archives\#\Series\2000 AD\2000 AD - 2004\2000AD #1388 (2004).cbz,18852561,new,140.617,47.261,47.76,34.292,4,32,1
L:\Comic Archives\#\Series\2000 AD\2000 AD - 2004\2000AD #1389 (2004).cbz,18562071,new,172.997,40.679,62.473,42.595,4,28,1
L:\Comic Archives\#\Series\2000 AD\2000 AD - 2004\2000AD #1390 (2004).cbz,18129752,new,191.883,67.253,70.704,38.12,4,32,1
L:\Comic Archives\#\Series\2000 AD\2000 AD - 2004\2000AD #1391 (2004).cbz,18255494,new,154.783,38.066,45.294,54.305,4,32,1
L:\Comic Archives\#\Series\2000 AD\2000 AD - 2004\2000AD #1392 (2004).cbz,17744024,new,177.589,70.319,69.45,24.077,4,26,1
L:\Comic Archives\#\Series\2000 AD\2000 AD - 2004\2000AD #1393 (2004).cbz,15550792,new,147.292,34.028,57.443,35.842,4,30,1
L:\Comic Archives\#\Series\2000 AD\2000 AD - 2004\2000AD #1394 (2004).cbz,16561225,new,151.968,40.413,55.77,46.898,4,26,1
L:\Comic Archives\#\Series\2000 AD\2000 AD - 2004\2000AD #1395 (2004).cbz,17876505,new,129.966,39.957,46.503,27.773,4,32,1
L:\Comic Archives\#\Series\2000 AD\2000 AD - 2004\2000AD #1396 (2004).cbz,26033129,new,163.003,61.021,52.429,35.326,4,34,1
L:\Comic Archives\#\Series\2000 AD\2000 AD - 2004\2000AD #1397 (2004).cbz,18536049,new,156.966,33.74,60.172,40.517,4,30,1
L:\Comic Archives\#\Series\2000 AD\2000 AD - 2004\2000AD #1398 (2004).cbz,17511395,new,140.425,40.849,48.089,35.565,4,32,1
L:\Comic Archives\#\Series\2000 AD\2000 AD - 2004\2000AD #1399 (2004).cbz,16463200,new,120.296,34.811,46.17,29.905,4,33,1
L:\Comic Archives\#\Series\2000 AD\2000 AD - 2004\2000AD #1400 (2004).cbz,14812138,new,148.624,48.414,56.637,32.165,4,26,1
L:\Comic Archives\#\Series\2000 AD\2000 AD - 2004\2000AD #1401 (2004).cbz,15936999,new,189.975,60.542,57.047,44.804,4,30,1
L:\Comic Archives\#\Series\2000 AD\2000 AD - 2004\2000AD #1402 (2004).cbz,15069009,new,143.926,45.585,64.665,22.905,4,26,1
L:\Comic Archives\#\Series\2000 AD\2000 AD - 2004\2000AD #1403 (2004).cbz,17869941,new,123.868,22.583,68.569,25.785,4,26,1
L:\Comic Archives\#\Series\2000 AD\2000 AD - 2004\2000AD #1404 (2004).cbz,19694464,new,165.538,58.74,53.635,39.759,4,28,1
L:\Comic Archives\#\Series\2000 AD\2000 AD - 2004\2000AD #1405 (2004).cbz,16563320,new,206.771,66.654,75.431,34.324,4,24,1
L:\Comic Archives\#\Series\2000 AD\2000 AD - 2004\2000AD #1406 (2004).cbz,14726252,new,148.766,57.367,52.542,27.224,4,30,1
L:\Comic Archives\#\Series\2000 AD\2000 AD - 2004\2000AD #1407 (2004).cbz,15250323,new,123.856,39.403,50.775,26.153,4,26,1
L:\Comic Archives\#\Series\2000 AD\2000 AD - 2004\2000AD #1408 (2004).cbz,13296087,new,157.38,56.559,51.211,36.365,4,26,1
L:\Comic Archives\#\Series\2000 AD\2000 AD - 2004\2000AD #1409 (2004).cbz,19288698,new,180.484,66.407,54.05,29.452,4,24,1
L:\Comic Archives\#\Series\2000 AD\2000 AD - 2004\2000AD #1410 (2004).cbz,18742087,new,132.234,41.265,49.183,28.205,4,25,1
L:\Comic Archives\#\Series\2000 AD\2000 AD - 2004\2000AD #1411 (2004).cbz,21705473,new,143.123,43.332,64.173,27.617,4,26,1
L:\Comic Archives\#\Series\2000 AD\2000 AD - 2004\2000AD #1412 (2004).cbz,21005807,new,131.615,34.502,59.321,29.484,4,29,1
L:\Comic Archives\#\Series\2000 AD\2000 AD - 2004\2000AD #1413 (2004).cbz,15542522,new,140.346,40.297,50.316,27.533,4,32,1
L:\Comic Archives\#\Series\2000 AD\2000 AD - 2004\2000AD #1414 (2004).cbz,16849568,new,138.604,58.499,47.388,22.504,4,32,1
L:\Comic Archives\#\Series\2000 AD\2000 AD - 2004\2000AD #1415 (2004).cbz,15591893,new,115.34,25.032,61.074,20.731,4,29,1
L:\Comic Archives\#\Series\2000 AD\2000 AD - 2004\2000AD #1416 (2004).cbz,16479111,new,149.047,58.827,51.899,27.932,4,32,1
L:\Comic Archives\#\Series\2000 AD\2000 AD - 2004\2000AD #1417 (2004).cbz,15029537,new,181.781,47.707,62.951,39.733,4,32,1
L:\Comic Archives\#\Series\2000 AD\2000 AD - 2004\2000AD #1418 (2004).cbz,15067518,new,156.451,58.251,51.16,27.638,4,32,1
L:\Comic Archives\#\Series\2000 AD\2000 AD - 2004\2000AD #1419 (2004).cbz,13839598,new,336.668,42.39,69.122,216.832,4,26,1
L:\Comic Archives\#\Series\2000 AD\2000 AD - 2004\2000AD #1420 (2004).cbz,14240265,new,178.082,71.674,52.597,38.726,4,32,1
L:\Comic Archives\#\Series\2000 AD\2000 AD - 2005\2000AD #1421 (2005).cbz,13358860,new,167.209,59.458,71.327,24.016,4,28,1
L:\Comic Archives\#\Series\2000 AD\2000 AD - 2005\2000AD #1422 (2005).cbz,13041932,new,157.189,47.191,64.105,36.357,4,32,1
L:\Comic Archives\#\Series\2000 AD\2000 AD - 2005\2000AD #1423 (2005).cbz,13964798,new,165.637,51.065,61.566,37.325,4,30,1
L:\Comic Archives\#\Series\2000 AD\2000 AD - 2005\2000AD #1424 (2005).cbz,13260609,new,180.445,48.332,74.41,30.295,4,30,1
L:\Comic Archives\#\Series\2000 AD\2000 AD - 2005\2000AD #1425 (2005).cbz,15938762,new,116.333,20.141,58.925,29.865,4,28,1
L:\Comic Archives\#\Series\2000 AD\2000 AD - 2005\2000AD #1426 (2005).cbz,15475777,new,139.776,45.288,57.226,29.024,4,32,1
L:\Comic Archives\#\Series\2000 AD\2000 AD - 2005\2000AD #1427 (2005).cbz,16092015,new,215.651,45.626,128.334,29.69,4,28,1
L:\Comic Archives\#\Series\2000 AD\2000 AD - 2005\2000AD #1428 (2005).cbz,15775093,new,206.377,48.409,77.188,35.026,4,32,1
L:\Comic Archives\#\Series\2000 AD\2000 AD - 2005\2000AD #1429 (2005).cbz,14237221,new,115.522,25.748,50.625,32.16,4,26,1
L:\Comic Archives\#\Series\2000 AD\2000 AD - 2005\2000AD #1430 (2005).cbz,15154349,new,123.881,36.005,48.316,32.548,4,26,1
L:\Comic Archives\#\Series\2000 AD\2000 AD - 2005\2000AD #1431 (2005).cbz,14471664,new,108.9,26.32,48.62,26.384,4,28,1
L:\Comic Archives\#\Series\2000 AD\2000 AD - 2005\2000AD #1432 (2005).cbz,12583667,new,160.352,58.429,56.197,26.568,4,28,1
L:\Comic Archives\#\Series\2000 AD\2000 AD - 2005\2000AD #1433 (2005).cbz,13222233,new,148.732,26.614,56.158,39.242,4,30,1
L:\Comic Archives\#\Series\2000 AD\2000 AD - 2005\2000AD #1434 (2005).cbz,14439634,new,144.517,38.954,51.33,40.489,4,26,1
L:\Comic Archives\#\Series\2000 AD\2000 AD - 2005\2000AD #1435 (2005).cbz,15159121,new,148.598,55.107,51.18,32.09,4,30,1
L:\Comic Archives\#\Series\2000 AD\2000 AD - 2005\2000AD #1436 (2005).cbz,15386913,new,181.472,61.937,54.185,28.927,4,28,1
L:\Comic Archives\#\Series\2000 AD\2000 AD - 2005\2000AD #1437 (2005).cbz,14847713,new,140.175,33.122,56.691,26.162,4,33,1
L:\Comic Archives\#\Series\2000 AD\2000 AD - 2005\2000AD #1438 (2005).cbz,15198917,new,123.04,22.971,60.527,32.115,4,28,1
L:\Comic Archives\#\Series\2000 AD\2000 AD - 2005\2000AD #1439 (2005).cbz,15008492,new,148.828,56.754,53.123,28.59,4,32,1
L:\Comic Archives\#\Series\2000 AD\2000 AD - 2005\2000AD #1440 (2005).cbz,14995082,new,164.96,49.415,52.628,39.257,4,28,1
L:\Comic Archives\#\Series\2000 AD\2000 AD - 2005\2000AD #1441 (2005).cbz,14998653,new,132.413,23.974,68.908,32.2,4,28,1
L:\Comic Archives\#\Series\2000 AD\2000 AD - 2005\2000AD #1442 (2005).cbz,14980622,new,104.012,25.499,48.786,23.936,4,20,1
L:\Comic Archives\#\Series\2000 AD\2000 AD - 2005\2000AD #1443 (2005).cbz,15466034,new,148.534,50.947,57.927,30.982,4,28,1
L:\Comic Archives\#\Series\2000 AD\2000 AD - 2005\2000AD #1444 (2005).cbz,15100202,new,173.294,51.166,60.955,37.458,4,24,1
L:\Comic Archives\#\Series\2000 AD\2000 AD - 2005\2000AD #1445 (2005).cbz,14490382,new,115.489,20.249,46.887,40.878,4,28,1
L:\Comic Archives\#\Series\2000 AD\2000 AD - 2005\2000AD #1446 (2005).cbz,14505236,new,144.922,48.134,52.496,33.055,4,28,1
L:\Comic Archives\#\Series\2000 AD\2000 AD - 2005\2000AD #1447 (2005).cbz,14384028,new,148.792,53.624,59.496,25.294,4,28,1
L:\Comic Archives\#\Series\2000 AD\2000 AD - 2005\2000AD #1448 (2005).cbz,14994575,new,191.809,49.863,71.577,42.794,4,24,1
L:\Comic Archives\#\Series\2000 AD\2000 AD - 2005\2000AD #1449 (2005).cbz,16506295,new,139.873,42.715,59.006,29.357,4,26,1
L:\Comic Archives\#\Series\2000 AD\2000 AD - 2005\2000AD #1450 (2005).cbz,15922129,new,131.299,24.06,57.992,31.161,4,24,1
L:\Comic Archives\#\Series\2000 AD\2000 AD - 2005\2000AD #1451 (2005).cbz,13528507,new,157.163,54.8,69.526,22.809,4,28,1
L:\Comic Archives\#\Series\2000 AD\2000 AD - 2005\2000AD #1452 (2005).cbz,13267733,new,295.606,28.324,48.969,194.818,4,30,1
L:\Comic Archives\#\Series\2000 AD\2000 AD - 2005\2000AD #1453 (2005).cbz,12015924,new,211.17,95.891,50.815,43.719,4,31,1
L:\Comic Archives\#\Series\2000 AD\2000 AD - 2005\2000AD #1454 (2005).cbz,12001454,new,143.34,33.336,56.746,37.542,4,30,1
L:\Comic Archives\#\Series\2000 AD\2000 AD - 2005\2000AD #1455 (2005).cbz,12260274,new,133.953,41.089,50.947,26.978,4,30,1
L:\Comic Archives\#\Series\2000 AD\2000 AD - 2005\2000AD #1456 (2005).cbz,12389670,new,164.132,57.98,49.588,25.08,4,30,1
L:\Comic Archives\#\Series\2000 AD\2000 AD - 2005\2000AD #1457 (2005).cbz,10761021,new,156.149,61.73,54.97,27.286,4,32,1
L:\Comic Archives\#\Series\2000 AD\2000 AD - 2005\2000AD #1458 (2005).cbz,10262096,new,166.492,55.683,58.01,38.686,4,30,1
L:\Comic Archives\#\Series\2000 AD\2000 AD - 2005\2000AD #1459 (2005).cbz,11071044,new,225.794,113.084,65.011,31.855,4,30,1
L:\Comic Archives\#\Series\2000 AD\2000 AD - 2005\2000AD #1460 (2005).cbz,13374302,new,189.709,48.319,63.239,52.441,4,24,1
L:\Comic Archives\#\Series\2000 AD\2000 AD - 2005\2000AD #1461 (2005).cbz,13880134,new,107.172,20.186,52.356,26.996,4,28,1
L:\Comic Archives\#\Series\2000 AD\2000 AD - 2005\2000AD #1462 (2005).cbz,13834912,new,126.938,22.408,60.529,34.016,4,28,1
L:\Comic Archives\#\Series\2000 AD\2000 AD - 2005\2000AD #1463 (2005).cbz,13060421,new,124.787,29.453,57.495,28.619,4,32,1
L:\Comic Archives\#\Series\2000 AD\2000 AD - 2005\2000AD #1464 (2005).cbz,12773232,new,149.409,28.74,46.952,49.159,4,32,1
L:\Comic Archives\#\Series\2000 AD\2000 AD - 2005\2000AD #1465 (2005).cbz,14914539,new,135.639,36.124,61.623,30.491,4,26,1
L:\Comic Archives\#\Series\2000 AD\2000 AD - 2005\2000AD #1466 (2005).cbz,14276967,new,132.045,37.19,49.198,36.76,4,30,1
L:\Comic Archives\#\Series\2000 AD\2000 AD - 2005\2000AD #1467 (2005).cbz,12364469,new,162.898,55.184,62.838,33.201,4,24,1
L:\Comic Archives\#\Series\2000 AD\2000 AD - 2005\2000AD #1468 (2005).cbz,13246618,new,140.067,37.703,54.202,39.92,4,24,1
L:\Comic Archives\#\Series\2000 AD\2000 AD - 2006\2000AD #1469 (2006).cbz,13172000,new,96.076,13.718,47.929,26.637,4,30,1
L:\Comic Archives\#\Series\2000 AD\2000 AD - 2006\2000AD #1470 (2006).cbz,16020117,new,124.349,40.189,44.289,32.818,4,26,1
L:\Comic Archives\#\Series\2000 AD\2000 AD - 2006\2000AD #1471 (2006).cbz,16625517,new,164.292,46.896,50.061,35.814,4,26,1
L:\Comic Archives\#\Series\2000 AD\2000 AD - 2006\2000AD #1472 (2006).cbz,15462672,new,132.752,34.288,53.386,26.107,4,30,1
L:\Comic Archives\#\Series\2000 AD\2000 AD - 2006\2000AD #1473 (2006).cbz,16469859,new,165.107,41.438,85.079,30.795,4,30,1
L:\Comic Archives\#\Series\2000 AD\2000 AD - 2006\2000AD #1474 (2006).cbz,15858001,new,158.283,56.162,49.697,42.556,4,30,1
L:\Comic Archives\#\Series\2000 AD\2000 AD - 2006\2000AD #1475 (2006).cbz,15238284,new,153.1,52.646,49.317,15.795,4,34,1
L:\Comic Archives\#\Series\2000 AD\2000 AD - 2006\2000AD #1476 (2006).cbz,18223286,new,120.457,20.844,54.933,36.859,4,30,1
L:\Comic Archives\#\Series\2000 AD\2000 AD - 2006\2000AD #1477 (2006).cbz,17278171,new,189.92,45.109,93.114,41.594,4,28,1
L:\Comic Archives\#\Series\2000 AD\2000 AD - 2006\2000AD #1478 (2006).cbz,18702892,new,163.428,54.891,62.217,36.553,4,28,1
L:\Comic Archives\#\Series\2000 AD\2000 AD - 2006\2000AD #1479 (2006).cbz,17153628,new,174.124,68.853,48.119,34.298,4,32,1
L:\Comic Archives\#\Series\2000 AD\2000 AD - 2006\2000AD #1480 (2006).cbz,13744643,new,132.96,37.033,51.236,37.156,4,26,1
L:\Comic Archives\#\Series\2000 AD\2000 AD - 2006\2000AD #1481 (2006).cbz,19072237,new,146.6,48.616,49.224,33.823,4,35,1
L:\Comic Archives\#\Series\2000 AD\2000 AD - 2006\2000AD #1482 (2006).cbz,19678204,new,161.507,57.763,64.712,27.749,4,27,1
L:\Comic Archives\#\Series\2000 AD\2000 AD - 2006\2000AD #1483 (2006).cbz,17658246,new,189.587,63.479,66.477,36.697,4,24,1
L:\Comic Archives\#\Series\2000 AD\2000 AD - 2006\2000AD #1484 (2006).cbz,17978683,new,98.332,22.86,47.654,20.771,4,26,1
L:\Comic Archives\#\Series\2000 AD\2000 AD - 2006\2000AD #1485 (2006).cbz,12295868,new,266.661,22.796,37.189,199.702,4,26,1
L:\Comic Archives\#\Series\2000 AD\2000 AD - 2006\2000AD #1486 (2006).cbz,15363538,new,229.153,81.448,75.155,60.782,4,28,1
L:\Comic Archives\#\Series\2000 AD\2000 AD - 2006\2000AD #1487 (2006).cbz,13857256,new,173.641,55.437,42.851,40.481,4,28,1
L:\Comic Archives\#\Series\2000 AD\2000 AD - 2006\2000AD #1488 (2006).cbz,13669901,new,122.733,41.458,39.213,29.144,4,28,1
L:\Comic Archives\#\Series\2000 AD\2000 AD - 2006\2000AD #1489 (2006).cbz,10473887,new,134.155,41.956,48.128,33.642,4,28,1
L:\Comic Archives\#\Series\2000 AD\2000 AD - 2006\2000AD #1490 (2006).cbz,15671698,new,164.378,33.631,78.536,31.384,4,28,1
L:\Comic Archives\#\Series\2000 AD\2000 AD - 2006\2000AD #1491 (2006).cbz,18158349,new,223.327,75.996,73.404,43.295,4,24,1
L:\Comic Archives\#\Series\2000 AD\2000 AD - 2006\2000AD #1492 (2006).cbz,15506361,new,171.393,53.323,66.719,38.038,4,30,1
L:\Comic Archives\#\Series\2000 AD\2000 AD - 2006\2000AD #1493 (2006).cbz,15963154,new,173.15,42.389,72.97,46.571,4,26,1
L:\Comic Archives\#\Series\2000 AD\2000 AD - 2006\2000AD #1494 (2006).cbz,14728340,new,139.532,36.755,64.247,28.663,4,32,1
L:\Comic Archives\#\Series\2000 AD\2000 AD - 2006\2000AD #1495 (2006).cbz,14173597,new,147.348,50.735,52.632,27.855,4,28,1
L:\Comic Archives\#\Series\2000 AD\2000 AD - 2006\2000AD #1496 (2006).cbz,13175305,new,166.266,36.695,74.227,39.503,4,22,1
L:\Comic Archives\#\Series\2000 AD\2000 AD - 2006\2000AD #1497 (2006).cbz,12035227,new,170.6,59.706,65.089,34.712,4,22,1
L:\Comic Archives\#\Series\2000 AD\2000 AD - 2006\2000AD #1498 (2006).cbz,15002616,new,175.245,37.194,87.687,38.194,4,22,1
L:\Comic Archives\#\Series\2000 AD\2000 AD - 2006\2000AD #1499 (2006).cbz,14049778,new,181.12,54.842,68.623,29.52,4,26,1
L:\Comic Archives\#\Series\2000 AD\2000 AD - 2006\2000AD #1500 (2006).cbz,14895131,new,128.198,25.351,63.172,32.886,4,24,1
L:\Comic Archives\#\Series\2000 AD\2000 AD - 2006\2000AD #1501 (2006).cbz,13430014,new,206.531,62.217,80.548,51.667,4,30,1
L:\Comic Archives\#\Series\2000 AD\2000 AD - 2006\2000AD #1502 (2006).cbz,27941671,new,111.064,27.35,41.996,34.089,4,26,1
L:\Comic Archives\#\Series\2000 AD\2000 AD - 2006\2000AD #1503 (2006).cbz,13516258,new,201.054,71.64,70.902,25.745,4,26,1
L:\Comic Archives\#\Series\2000 AD\2000 AD - 2006\2000AD #1504 (2006).cbz,13421021,new,141.526,38.336,65.886,29.723,4,24,1
L:\Comic Archives\#\Series\2000 AD\2000 AD - 2006\2000AD #1505 (2006).cbz,14266569,new,163.247,52.59,73.945,28.644,4,26,1
L:\Comic Archives\#\Series\2000 AD\2000 AD - 2006\2000AD #1506 (2006).cbz,14649610,new,144.954,37.423,64.898,28.235,4,26,1
L:\Comic Archives\#\Series\2000 AD\2000 AD - 2006\2000AD #1507 (2006).cbz,15494065,new,165.492,56.96,52.032,24.561,4,24,1
L:\Comic Archives\#\Series\2000 AD\2000 AD - 2006\2000AD #1508 (2006).cbz,14482959,new,115.56,20.907,65.341,21.807,4,28,1
L:\Comic Archives\#\Series\2000 AD\2000 AD - 2006\2000AD #1509 (2006).cbz,14774036,new,159.527,35.262,68.446,48.868,4,26,1
L:\Comic Archives\#\Series\2000 AD\2000 AD - 2006\2000AD #1510 (2006).cbz,14136088,new,148.511,21.991,61.083,56.882,4,34,1
L:\Comic Archives\#\Series\2000 AD\2000 AD - 2006\2000AD #1511 (2006).cbz,14040187,new,211.695,71.822,68.598,36.558,4,26,1
L:\Comic Archives\#\Series\2000 AD\2000 AD - 2006\2000AD #1512 (2006).cbz,14553311,new,166.144,38.938,62.43,56.773,4,26,1
L:\Comic Archives\#\Series\2000 AD\2000 AD - 2006\2000AD #1513 (2006).cbz,14437629,new,171.514,49.619,68.279,40.474,4,26,1
L:\Comic Archives\#\Series\2000 AD\2000 AD - 2006\2000AD #1514 (2006).cbz,15394622,new,190.649,44.712,79.629,48.534,4,24,1
L:\Comic Archives\#\Series\2000 AD\2000 AD - 2006\2000AD #1515 (2006).cbz,14982219,new,154.886,41.167,64.923,37.518,4,32,1
L:\Comic Archives\#\Series\2000 AD\2000 AD - 2006\2000AD #1516 (2006).cbz,14639999,new,140.228,40.567,68.407,20.581,4,26,1
L:\Comic Archives\#\Series\2000 AD\2000 AD - 2006\2000AD #1517 (2006).cbz,22145578,new,177.853,22.562,110.302,34.248,4,26,1
L:\Comic Archives\#\Series\2000 AD\2000 AD - 2007\2000AD #1518 (2007).cbz,13614711,new,221.376,61.088,69.507,56.094,4,28,1
L:\Comic Archives\#\Series\2000 AD\2000 AD - 2007\2000AD #1519 (2007).cbz,13218002,new,380.998,60.285,68.62,239.554,4,28,1
L:\Comic Archives\#\Series\2000 AD\2000 AD - 2007\2000AD #1520 (2007).cbz,13679527,new,219.993,73.805,65.251,67.806,4,30,1
L:\Comic Archives\#\Series\2000 AD\2000 AD - 2007\2000AD #1521 (2007).cbz,18874876,new,197.418,45.232,106.28,31.234,4,29,1
L:\Comic Archives\#\Series\2000 AD\2000 AD - 2007\2000AD #1522 (2007).cbz,19194945,new,242.79,64.012,97.05,52.269,4,28,1
L:\Comic Archives\#\Series\2000 AD\2000 AD - 2007\2000AD #1523 (2007).cbz,19216072,new,214.664,64.202,98.603,41.429,4,28,1
L:\Comic Archives\#\Series\2000 AD\2000 AD - 2007\2000AD #1524 (2007).cbz,24750187,new,181.427,27.829,100.592,45.004,4,28,1
L:\Comic Archives\#\Series\2000 AD\2000 AD - 2007\2000AD #1525 (2007).cbz,17988670,new,181.37,41.473,87.935,38.493,4,28,1
L:\Comic Archives\#\Series\2000 AD\2000 AD - 2007\2000AD #1526 (2007).cbz,29738867,new,181.964,53.288,58.497,40.998,4,39,1
L:\Comic Archives\#\Series\2000 AD\2000 AD - 2007\2000AD #1527 (2007).cbz,18216942,new,189.309,57.22,65.399,54.252,4,26,1
L:\Comic Archives\#\Series\2000 AD\2000 AD - 2007\2000AD #1528 (2007).cbz,19673708,new,187.114,43.198,96.798,34.422,4,26,1
L:\Comic Archives\#\Series\2000 AD\2000 AD - 2007\2000AD #1529 (2007).cbz,19473710,new,188.728,42.878,98.68,33.761,4,28,1
L:\Comic Archives\#\Series\2000 AD\2000 AD - 2007\2000AD #1530 (2007).cbz,19017859,new,222.758,60.753,103.204,35.679,4,28,1
L:\Comic Archives\#\Series\2000 AD\2000 AD - 2007\2000AD #1531 (2007).cbz,19855016,new,165.55,44.155,78.035,31.185,4,30,1
L:\Comic Archives\#\Series\2000 AD\2000 AD - 2007\2000AD #1532 (2007).cbz,20601348,new,136.075,28.402,63.218,35.979,4,29,1
L:\Comic Archives\#\Series\2000 AD\2000 AD - 2007\2000AD #1533 (2007).cbz,19497102,new,113.343,18.133,63.541,23.163,4,29,1
L:\Comic Archives\#\Series\2000 AD\2000 AD - 2007\2000AD #1534 (2007).cbz,20006222,new,189.497,55.722,78.707,29.706,4,24,1
L:\Comic Archives\#\Series\2000 AD\2000 AD - 2007\2000AD #1535 (2007).cbz,20182110,new,173.902,49.105,60.746,55.599,4,28,1
L:\Comic Archives\#\Series\2000 AD\2000 AD - 2007\2000AD #1536 (2007).cbz,21120581,new,163.713,39.4,63.534,45.212,4,31,1
L:\Comic Archives\#\Series\2000 AD\2000 AD - 2007\2000AD #1537 (2007).cbz,18090099,new,156.874,35.957,53.627,55.098,4,30,1
L:\Comic Archives\#\Series\2000 AD\2000 AD - 2007\2000AD #1538 (2007).cbz,19690274,new,245.936,67.25,109.137,44.065,4,26,1
L:\Comic Archives\#\Series\2000 AD\2000 AD - 2007\2000AD #1539 (2007).cbz,19670335,new,178.417,45.088,92.822,32.292,4,26,1
L:\Comic Archives\#\Series\2000 AD\2000 AD - 2007\2000AD #1540 (2007).cbz,21012251,new,148.003,27.932,74.762,28.874,4,24,1
L:\Comic Archives\#\Series\2000 AD\2000 AD - 2007\2000AD #1541 (2007).cbz,21481086,new,214.737,53.334,104.817,41.667,4,26,1
L:\Comic Archives\#\Series\2000 AD\2000 AD - 2007\2000AD #1542 (2007).cbz,20370864,new,171.59,53.155,71.507,27.968,4,26,1
L:\Comic Archives\#\Series\2000 AD\2000 AD - 2007\2000AD #1543 (2007).cbz,19669611,new,123.006,18.645,60.271,37.132,4,26,1
L:\Comic Archives\#\Series\2000 AD\2000 AD - 2007\2000AD #1544 (2007).cbz,19106618,new,212.792,53.807,109.303,38.787,4,26,1
L:\Comic Archives\#\Series\2000 AD\2000 AD - 2007\2000AD #1545 (2007).cbz,19985404,new,155.992,26.054,69.18,53.664,4,26,1
L:\Comic Archives\#\Series\2000 AD\2000 AD - 2007\2000AD #1546 (2007).cbz,19031440,new,262.745,64.197,132.165,40.146,4,26,1
L:\Comic Archives\#\Series\2000 AD\2000 AD - 2007\2000AD #1547 (2007).cbz,19415484,new,190.232,49.477,92.984,40.174,4,26,1
L:\Comic Archives\#\Series\2000 AD\2000 AD - 2007\2000AD #1548 (2007).cbz,19024005,new,224.031,38.469,135.638,39.849,4,28,1
L:\Comic Archives\#\Series\2000 AD\2000 AD - 2007\2000AD #1549 (2007).cbz,19841380,new,188.654,42.135,98.881,34.792,4,26,1
L:\Comic Archives\#\Series\2000 AD\2000 AD - 2007\2000AD #1550 (2007).cbz,21581915,new,251.45,72.582,107.73,36.699,4,27,1
L:\Comic Archives\#\Series\2000 AD\2000 AD - 2007\2000AD #1551 (2007).cbz,19005006,new,422.893,54.549,99.253,256.832,4,26,1
L:\Comic Archives\#\Series\2000 AD\2000 AD - 2007\2000AD #1552 (2007).cbz,18671930,new,277.756,91.245,112.277,61.958,4,26,1
L:\Comic Archives\#\Series\2000 AD\2000 AD - 2007\2000AD #1553 (2007).cbz,17144823,new,234.598,72.611,99.443,50.288,4,26,1
L:\Comic Archives\#\Series\2000 AD\2000 AD - 2007\2000AD #1554 (2007).cbz,17411905,new,238.586,45.189,109.641,54.634,4,30,1
L:\Comic Archives\#\Series\2000 AD\2000 AD - 2007\2000AD #1555 (2007).cbz,18603020,new,187.057,42.269,89.482,43.192,4,26,1
L:\Comic Archives\#\Series\2000 AD\2000 AD - 2007\2000AD #1556 (2007).cbz,18420492,new,181.4,43.945,86.293,39.844,4,26,1
L:\Comic Archives\#\Series\2000 AD\2000 AD - 2007\2000AD #1557 (2007).cbz,17988501,new,173.531,40.476,62.745,63.163,4,26,1
L:\Comic Archives\#\Series\2000 AD\2000 AD - 2007\2000AD #1558 (2007).cbz,17994490,new,229.113,57.262,94.507,49.15,4,30,1
L:\Comic Archives\#\Series\2000 AD\2000 AD - 2007\2000AD #1559 (2007).cbz,19402215,new,179.551,46.599,90.578,31.137,4,22,1
L:\Comic Archives\#\Series\2000 AD\2000 AD - 2007\2000AD #1560 (2007).cbz,18518459,new,215.681,42.41,98.885,67.001,4,26,1
L:\Comic Archives\#\Series\2000 AD\2000 AD - 2007\2000AD #1561 (2007).cbz,19592393,new,179.593,43.431,93.724,27.488,4,26,1
L:\Comic Archives\#\Series\2000 AD\2000 AD - 2007\2000AD #1562 (2007).cbz,18236904,new,180.848,56.491,62.569,40.912,4,26,1
L:\Comic Archives\#\Series\2000 AD\2000 AD - 2007\2000AD #1563 (2007).cbz,18320226,new,160.009,46.727,66.792,32.017,4,26,1
L:\Comic Archives\#\Series\2000 AD\2000 AD - 2007\2000AD #1564 (2007).cbz,17986554,new,249.053,55.518,131.531,52.085,4,30,1
L:\Comic Archives\#\Series\2000 AD\2000 AD - 2007\2000AD #1565 (2007).cbz,17787348,new,188.637,46.479,103.421,25.215,4,26,1
L:\Comic Archives\#\Series\2000 AD\2000 AD - 2007\2000AD #1566 (2007).cbz,18435094,new,172.417,30.483,82.164,51.77,4,30,1
L:\Comic Archives\#\Series\2000 AD\2000 AD - 2008\2000AD #1567 (2008).cbz,20150961,new,187.965,37.861,103.003,33.435,4,28,1
L:\Comic Archives\#\Series\2000 AD\2000 AD - 2008\2000AD #1568 (2008).cbz,20442399,new,196.986,48.908,92.816,44.031,4,28,1
L:\Comic Archives\#\Series\2000 AD\2000 AD - 2008\2000AD #1569 (2008).cbz,20888060,new,206.196,57.767,66.256,46.955,4,26,1
L:\Comic Archives\#\Series\2000 AD\2000 AD - 2008\2000AD #1570 (2008).cbz,20961300,new,197.963,47.905,99.768,41.459,4,26,1
L:\Comic Archives\#\Series\2000 AD\2000 AD - 2008\2000AD #1571 (2008).cbz,21401060,new,248.798,52.172,143.892,44.323,4,24,1
L:\Comic Archives\#\Series\2000 AD\2000 AD - 2008\2000AD #1572 (2008).cbz,20185532,new,238.451,86.714,103.841,38.391,4,26,1
L:\Comic Archives\#\Series\2000 AD\2000 AD - 2008\2000AD #1573 (2008).cbz,19629228,new,214.915,60.043,100.976,30.049,4,26,1
L:\Comic Archives\#\Series\2000 AD\2000 AD - 2008\2000AD #1574 (2008).cbz,20310298,new,132.076,39.761,60.02,25.301,4,26,1
L:\Comic Archives\#\Series\2000 AD\2000 AD - 2008\2000AD #1575 (2008).cbz,19934273,new,123.258,23.871,69.457,23.001,4,26,1
L:\Comic Archives\#\Series\2000 AD\2000 AD - 2008\2000AD #1576 (2008).cbz,20592981,new,146.729,25.299,71.032,28.839,4,30,1
L:\Comic Archives\#\Series\2000 AD\2000 AD - 2008\2000AD #1577 (2008).cbz,19188984,new,206.458,72.564,73.047,32.076,4,28,1
L:\Comic Archives\#\Series\2000 AD\2000 AD - 2008\2000AD #1578 (2008).cbz,20291821,new,135.975,25.264,68.994,34.211,4,28,1
L:\Comic Archives\#\Series\2000 AD\2000 AD - 2008\2000AD #1579 (2008).cbz,20370499,new,164.884,35.357,68.309,49.228,4,28,1
L:\Comic Archives\#\Series\2000 AD\2000 AD - 2008\2000AD #1580 (2008).cbz,20099445,new,188.116,69.126,66.553,40.713,4,28,1
L:\Comic Archives\#\Series\2000 AD\2000 AD - 2008\2000AD #1581 (2008).cbz,19899421,new,200.482,52.476,64.723,46.897,4,28,1
L:\Comic Archives\#\Series\2000 AD\2000 AD - 2008\2000AD #1582 (2008).cbz,18444370,new,153.469,48.007,68.517,24.016,4,28,1
L:\Comic Archives\#\Series\2000 AD\2000 AD - 2008\2000AD #1583 (2008).cbz,19127080,new,369.485,55.264,70.343,229.521,4,30,1
L:\Comic Archives\#\Series\2000 AD\2000 AD - 2008\2000AD #1584 (2008).cbz,19492086,new,250.608,96.67,64.399,73.47,4,32,1
L:\Comic Archives\#\Series\2000 AD\2000 AD - 2008\2000AD #1585 (2008).cbz,19464930,new,133.613,25.517,53.83,31.03,4,28,1
L:\Comic Archives\#\Series\2000 AD\2000 AD - 2008\2000AD #1586 (2008).cbz,19514473,new,161.672,63.468,53.745,32.666,4,32,1
L:\Comic Archives\#\Series\2000 AD\2000 AD - 2008\2000AD #1587 (2008).cbz,18286097,new,180.396,54.483,80.111,32.464,4,22,1
L:\Comic Archives\#\Series\2000 AD\2000 AD - 2008\2000AD #1588 (2008).cbz,18479896,new,141.507,37.846,61.737,36.047,4,18,1
L:\Comic Archives\#\Series\2000 AD\2000 AD - 2008\2000AD #1589 (2008).cbz,20381002,new,162.903,39.857,64.982,33.127,4,30,1
L:\Comic Archives\#\Series\2000 AD\2000 AD - 2008\2000AD #1590 (2008).cbz,21705616,new,140.109,20.378,69.981,41.436,4,30,1
L:\Comic Archives\#\Series\2000 AD\2000 AD - 2008\2000AD #1591 (2008).cbz,20716391,new,139.877,30.583,58.906,40.753,4,34,1
L:\Comic Archives\#\Series\2000 AD\2000 AD - 2008\2000AD #1592 (2008).cbz,20456940,new,148.428,34.659,69.264,36.32,4,28,1
L:\Comic Archives\#\Series\2000 AD\2000 AD - 2008\2000AD #1593 (2008).cbz,20927823,new,164.322,31.697,63.135,39.087,4,30,1
L:\Comic Archives\#\Series\2000 AD\2000 AD - 2008\2000AD #1594 (2008).cbz,37802416,new,199.05,45.669,99.388,35.604,4,32,1
L:\Comic Archives\#\Series\2000 AD\2000 AD - 2008\2000AD #1595 (2008).cbz,20730798,new,132.328,22.019,62.5,39.934,4,30,1
L:\Comic Archives\#\Series\2000 AD\2000 AD - 2008\2000AD #1596 (2008).cbz,20722498,new,177.355,50.391,69.807,39.195,4,26,1
L:\Comic Archives\#\Series\2000 AD\2000 AD - 2008\2000AD #1597 (2008).cbz,20519381,new,190.343,57.055,65.472,31.559,4,26,1
L:\Comic Archives\#\Series\2000 AD\2000 AD - 2008\2000AD #1598 (2008).cbz,19752178,new,116.804,24.533,51.708,30.935,4,32,1
L:\Comic Archives\#\Series\2000 AD\2000 AD - 2008\2000AD #1599 (2008).cbz,19584560,new,156.502,58.592,55.378,31.429,4,26,1
L:\Comic Archives\#\Series\2000 AD\2000 AD - 2008\2000AD #1600 (2008).cbz,19130932,new,170.983,61.441,61.821,39.516,4,21,1
L:\Comic Archives\#\Series\2000 AD\2000 AD - 2008\2000AD #1601 (2008).cbz,18347717,new,165.199,46.2,54.436,38.244,4,32,1
L:\Comic Archives\#\Series\2000 AD\2000 AD - 2008\2000AD #1602 (2008).cbz,18494665,new,167.041,42.92,64.733,47.359,4,28,1
L:\Comic Archives\#\Series\2000 AD\2000 AD - 2008\2000AD #1603 (2008).cbz,18543021,new,166.53,51.19,64.844,38.032,4,28,1
L:\Comic Archives\#\Series\2000 AD\2000 AD - 2008\2000AD #1604 (2008).cbz,19777871,new,180.444,49.835,75.648,39.488,4,33,1
L:\Comic Archives\#\Series\2000 AD\2000 AD - 2008\2000AD #1605 (2008).cbz,19308540,new,147.337,8.902,88.852,27.15,4,28,1
L:\Comic Archives\#\Series\2000 AD\2000 AD - 2008\2000AD #1606 (2008).cbz,19706626,new,159.883,40.317,74.103,30.4,4,26,1
L:\Comic Archives\#\Series\2000 AD\2000 AD - 2008\2000AD #1607 (2008).cbz,20774818,new,158.855,39.357,65.052,45.25,4,28,1
L:\Comic Archives\#\Series\2000 AD\2000 AD - 2008\2000AD #1608 (2008).cbz,19992869,new,173.041,42.952,80.195,37.826,4,28,1
L:\Comic Archives\#\Series\2000 AD\2000 AD - 2008\2000AD #1609 (2008).cbz,19351026,new,181.192,47.904,82.831,37.153,4,24,1
L:\Comic Archives\#\Series\2000 AD\2000 AD - 2008\2000AD #1610 (2008).cbz,21411794,new,139.752,32.112,68.053,32.945,4,24,1
L:\Comic Archives\#\Series\2000 AD\2000 AD - 2008\2000AD #1611 (2008).cbz,19851339,new,181.176,51.459,72.032,45.155,4,33,1
L:\Comic Archives\#\Series\2000 AD\2000 AD - 2008\2000AD #1612 (2008).cbz,18922429,new,131.77,29.326,56.548,27.092,4,28,1
L:\Comic Archives\#\Series\2000 AD\2000 AD - 2008\2000AD #1613 (2008).cbz,17774788,new,124.391,31.868,52.03,32.342,4,26,1
L:\Comic Archives\#\Series\2000 AD\2000 AD - 2008\2000AD #1614 (2008).cbz,18900551,new,172.158,54.225,80.13,28.658,4,24,1
L:\Comic Archives\#\Series\2000 AD\2000 AD - 2008\2000AD #1615 (2008).cbz,19570679,new,135.782,50.757,53.225,19.744,4,30,1
L:\Comic Archives\#\Series\2000 AD\2000 AD - 2008\2000AD #1616 (2008).cbz,21011164,new,382.33,41.467,59.665,273.757,4,22,1
L:\Comic Archives\#\Series\2000 AD\2000 AD - 2009\2000AD #1617 (2009).cbz,20239573,new,252.033,78.285,101.772,56.411,4,29,1
L:\Comic Archives\#\Series\2000 AD\2000 AD - 2009\2000AD #1618 (2009).cbz,18609727,new,176.48,55.157,78.3,29.105,4,28,1
L:\Comic Archives\#\Series\2000 AD\2000 AD - 2009\2000AD #1619 (2009).cbz,19770300,new,159.901,53.485,66.37,26.717,4,28,1
L:\Comic Archives\#\Series\2000 AD\2000 AD - 2009\2000AD #1620 (2009).cbz,19941615,new,113.534,18.612,66.724,20.894,4,28,1
L:\Comic Archives\#\Series\2000 AD\2000 AD - 2009\2000AD #1621 (2009).cbz,19787580,new,138.063,21.321,51.85,57.511,4,28,1
L:\Comic Archives\#\Series\2000 AD\2000 AD - 2009\2000AD #1622 (2009).cbz,19486499,new,221.965,53.124,98.699,54.549,4,28,1
L:\Comic Archives\#\Series\2000 AD\2000 AD - 2009\2000AD #1623 (2009).cbz,19317909,new,200.82,33.565,98.83,59.032,4,28,1
L:\Comic Archives\#\Series\2000 AD\2000 AD - 2009\2000AD #1624 (2009).cbz,19813016,new,170.876,38.489,73.306,47.867,4,28,1
L:\Comic Archives\#\Series\2000 AD\2000 AD - 2009\2000AD #1625 (2009).cbz,20110801,new,137.933,38.942,50.781,37.179,4,28,1
L:\Comic Archives\#\Series\2000 AD\2000 AD - 2009\2000AD #1626 (2009).cbz,20985233,new,181.284,62.129,61.807,40.798,4,30,1
L:\Comic Archives\#\Series\2000 AD\2000 AD - 2009\2000AD #1627 (2009).cbz,19327592,new,153.489,40.258,63.817,33.039,4,34,1
L:\Comic Archives\#\Series\2000 AD\2000 AD - 2009\2000AD #1628 (2009).cbz,20133959,new,132.763,22.01,70.542,32.746,4,28,1
L:\Comic Archives\#\Series\2000 AD\2000 AD - 2009\2000AD #1629 (2009).cbz,20040515,new,143.327,25.393,69.384,41.053,4,28,1
L:\Comic Archives\#\Series\2000 AD\2000 AD - 2009\2000AD #1630 (2009).cbz,20290265,new,123.676,21.4,64.165,30.633,4,28,1
L:\Comic Archives\#\Series\2000 AD\2000 AD - 2009\2000AD #1631 (2009).cbz,20781947,new,146.335,38.18,71.457,24.614,4,28,1
L:\Comic Archives\#\Series\2000 AD\2000 AD - 2009\2000AD #1632 (2009).cbz,20299438,new,139.373,35.006,70.186,25.961,4,32,1
L:\Comic Archives\#\Series\2000 AD\2000 AD - 2009\2000AD #1633 (2009).cbz,20812286,new,150.003,44.394,56.756,39.605,4,28,1
L:\Comic Archives\#\Series\2000 AD\2000 AD - 2009\2000AD #1634 (2009).cbz,24387449,new,165.116,36.193,74.173,36.507,4,28,1
L:\Comic Archives\#\Series\2000 AD\2000 AD - 2009\2000AD #1635 (2009).cbz,20671756,new,204.869,84.04,68.202,39.731,4,24,1
L:\Comic Archives\#\Series\2000 AD\2000 AD - 2009\2000AD #1636 (2009).cbz,20827798,new,165.394,47.392,71.4,34.988,4,24,1
L:\Comic Archives\#\Series\2000 AD\2000 AD - 2009\2000AD #1637 (2009).cbz,21064155,new,132.696,27.006,60.319,38.15,4,26,1
L:\Comic Archives\#\Series\2000 AD\2000 AD - 2009\2000AD #1638 (2009).cbz,20134025,new,197.579,76.949,68.022,32.283,4,30,1
L:\Comic Archives\#\Series\2000 AD\2000 AD - 2009\2000AD #1639 (2009).cbz,21114980,new,172.542,24.869,66.845,73.177,4,28,1
L:\Comic Archives\#\Series\2000 AD\2000 AD - 2009\2000AD #1640 (2009).cbz,22754130,new,123.562,17.789,59.234,38.465,4,30,1
L:\Comic Archives\#\Series\2000 AD\2000 AD - 2009\2000AD #1641 (2009).cbz,21147177,new,139.501,35.754,61.56,34.513,4,27,1
L:\Comic Archives\#\Series\2000 AD\2000 AD - 2009\2000AD #1642 (2009).cbz,21238662,new,149.279,27.523,64.969,46.72,4,30,1
L:\Comic Archives\#\Series\2000 AD\2000 AD - 2009\2000AD #1643 (2009).cbz,19619738,new,204.653,60.151,75.624,54.886,4,34,1
L:\Comic Archives\#\Series\2000 AD\2000 AD - 2009\2000AD #1644 (2009).cbz,19877900,new,173.126,54.723,53.002,48.729,4,30,1
L:\Comic Archives\#\Series\2000 AD\2000 AD - 2009\2000AD #1645 (2009).cbz,20509175,new,176.806,48.658,78.576,34.133,4,30,1
L:\Comic Archives\#\Series\2000 AD\2000 AD - 2009\2000AD #1646 (2009).cbz,19252322,new,150.429,25.628,64.262,52.546,4,30,1
L:\Comic Archives\#\Series\2000 AD\2000 AD - 2009\2000AD #1647 (2009).cbz,19124640,new,140.892,34.658,53.075,42.457,4,32,1
L:\Comic Archives\#\Series\2000 AD\2000 AD - 2009\2000AD #1648 (2009).cbz,20245052,new,152.403,49.009,62.674,31.054,4,26,1
L:\Comic Archives\#\Series\2000 AD\2000 AD - 2009\2000AD #1649 (2009).cbz,19030386,new,370.675,35.368,59.371,257.327,4,36,1
L:\Comic Archives\#\Series\2000 AD\2000 AD - 2009\2000AD #1650 (2009).cbz,21368753,new,211.266,69.576,79.579,50.472,4,20,1
L:\Comic Archives\#\Series\2000 AD\2000 AD - 2009\2000AD #1651 (2009).cbz,18904046,new,159.079,27.537,55.919,66.457,4,26,1
L:\Comic Archives\#\Series\2000 AD\2000 AD - 2009\2000AD #1652 (2009).cbz,19697400,new,148.723,57.807,54.307,27.91,4,16,1
L:\Comic Archives\#\Series\2000 AD\2000 AD - 2009\2000AD #1653 (2009).cbz,19556912,new,131.262,40.818,52.699,29.917,4,28,1
L:\Comic Archives\#\Series\2000 AD\2000 AD - 2009\2000AD #1654 (2009).cbz,19670822,new,153.452,44.208,55.039,37.847,4,26,1
L:\Comic Archives\#\Series\2000 AD\2000 AD - 2009\2000AD #1655 (2009).cbz,19211767,new,138.727,36.785,54.38,32.934,4,32,1
L:\Comic Archives\#\Series\2000 AD\2000 AD - 2009\2000AD #1656 (2009).cbz,19874024,new,166.535,61.65,55.898,39.447,4,28,1
L:\Comic Archives\#\Series\2000 AD\2000 AD - 2009\2000AD #1657 (2009).cbz,19479426,new,172.911,48.074,58.573,48.851,4,32,1
L:\Comic Archives\#\Series\2000 AD\2000 AD - 2009\2000AD #1658 (2009).cbz,19933161,new,163.655,54.571,58.222,37.1,4,28,1
L:\Comic Archives\#\Series\2000 AD\2000 AD - 2009\2000AD #1659 (2009).cbz,19649807,new,135.621,20.504,71.571,33.66,4,28,1
L:\Comic Archives\#\Series\2000 AD\2000 AD - 2009\2000AD #1660 (2009).cbz,19639166,new,139.907,48.965,59.188,24.395,4,28,1
L:\Comic Archives\#\Series\2000 AD\2000 AD - 2009\2000AD #1661 (2009).cbz,19155166,new,126.996,19.238,71.58,27.978,4,32,1
L:\Comic Archives\#\Series\2000 AD\2000 AD - 2009\2000AD #1662 (2009).cbz,18052476,new,123.816,33.522,51.57,30.688,4,30,1
L:\Comic Archives\#\Series\2000 AD\2000 AD - 2009\2000AD #1663 (2009).cbz,18041718,new,175.54,39.996,84.824,42.277,4,32,1
L:\Comic Archives\#\Series\2000 AD\2000 AD - 2009\2000AD #1664 (2009).cbz,17362540,new,199.539,70.925,65.964,44.84,4,30,1
L:\Comic Archives\#\Series\2000 AD\2000 AD - 2009\2000AD #1665 (2009).cbz,16762954,new,163.702,58.869,55.265,37.801,4,30,1
L:\Comic Archives\#\Series\2000 AD\2000 AD - 2010\2000AD #1666 (2010).cbz,18704217,new,204.992,67.473,65.931,56.52,4,30,1
L:\Comic Archives\#\Series\2000 AD\2000 AD - 2010\2000AD #1667 (2010).cbz,18442793,new,162.132,57.208,66.815,28.507,4,26,1
L:\Comic Archives\#\Series\2000 AD\2000 AD - 2010\2000AD #1668 (2010).cbz,18907530,new,140.141,29.895,60.212,32.427,4,26,1
L:\Comic Archives\#\Series\2000 AD\2000 AD - 2010\2000AD #1669 (2010).cbz,19846844,new,164.116,50.443,65.278,32.475,4,30,1
L:\Comic Archives\#\Series\2000 AD\2000 AD - 2010\2000AD #1670 (2010).cbz,18087878,new,140.285,28.192,47.909,57.218,4,26,1
L:\Comic Archives\#\Series\2000 AD\2000 AD - 2010\2000AD #1671 (2010).cbz,19526113,new,139.951,25.312,67.651,39.535,4,26,1
L:\Comic Archives\#\Series\2000 AD\2000 AD - 2010\2000AD #1672 (2010).cbz,20012590,new,140.127,30.012,60.044,42.501,4,28,1
L:\Comic Archives\#\Series\2000 AD\2000 AD - 2010\2000AD #1673 (2010).cbz,19907049,new,164.821,36.395,69.454,33.493,4,30,1
L:\Comic Archives\#\Series\2000 AD\2000 AD - 2010\2000AD #1674 (2010).cbz,18327029,new,165.465,24.545,95.337,37.985,4,28,1
L:\Comic Archives\#\Series\2000 AD\2000 AD - 2010\2000AD #1675 (2010).cbz,18925327,new,146.301,38.552,69.907,28.962,4,28,1
L:\Comic Archives\#\Series\2000 AD\2000 AD - 2010\2000AD #1676 (2010).cbz,18828404,new,107.051,18.827,51.638,30.058,4,24,1
L:\Comic Archives\#\Series\2000 AD\2000 AD - 2010\2000AD #1677 (2010).cbz,17324394,new,140.074,27.752,58.433,46.136,4,26,1
L:\Comic Archives\#\Series\2000 AD\2000 AD - 2010\2000AD #1678 (2010).cbz,17445515,new,173.19,51.193,63.999,47.275,4,26,1
L:\Comic Archives\#\Series\2000 AD\2000 AD - 2010\2000AD #1679 (2010).cbz,22437172,new,131.633,39.547,52.785,31.961,4,26,1
L:\Comic Archives\#\Series\2000 AD\2000 AD - 2010\2000AD #1680 (2010).cbz,21719762,new,182.067,18.889,97.422,57.969,4,30,1
L:\Comic Archives\#\Series\2000 AD\2000 AD - 2010\2000AD #1681 (2010).cbz,21629615,new,179.335,66.895,64.701,30.936,4,26,1
L:\Comic Archives\#\Series\2000 AD\2000 AD - 2010\2000AD #1682 (2010).cbz,20978325,new,125.84,25.58,55.919,37.25,4,26,1
L:\Comic Archives\#\Series\2000 AD\2000 AD - 2010\2000AD #1683 (2010).cbz,22025182,new,405.913,50.092,73.654,267.264,4,26,1
L:\Comic Archives\#\Series\2000 AD\2000 AD - 2010\2000AD #1684 (2010).cbz,18758488,new,211.356,68.605,54.47,73.227,4,26,1
L:\Comic Archives\#\Series\2000 AD\2000 AD - 2010\2000AD #1685 (2010).cbz,17908491,new,158.914,49.424,61.28,40.848,4,24,1
L:\Comic Archives\#\Series\2000 AD\2000 AD - 2010\2000AD #1686 (2010).cbz,18782606,new,153.193,45.8,67.183,31.988,4,24,1
L:\Comic Archives\#\Series\2000 AD\2000 AD - 2010\2000AD #1687 (2010).cbz,18690142,new,127.005,26.072,51.586,40.604,4,34,1
L:\Comic Archives\#\Series\2000 AD\2000 AD - 2010\2000AD #1688 (2010).cbz,18393059,new,111.304,19.023,62.164,22.871,4,26,1
L:\Comic Archives\#\Series\2000 AD\2000 AD - 2010\2000AD #1689 (2010).cbz,18770989,new,147.996,56.861,52.734,28.355,4,24,1
L:\Comic Archives\#\Series\2000 AD\2000 AD - 2010\2000AD #1690 (2010).cbz,18712599,new,125.831,17.767,72.324,28.829,4,26,1
L:\Comic Archives\#\Series\2000 AD\2000 AD - 2010\2000AD #1691 (2010).cbz,19475555,new,167.53,34.477,73.154,50.084,4,26,1
L:\Comic Archives\#\Series\2000 AD\2000 AD - 2010\2000AD #1692 (2010).cbz,19008448,new,161.926,44.541,68.034,36.217,4,28,1
L:\Comic Archives\#\Series\2000 AD\2000 AD - 2010\2000AD #1693 (2010).cbz,18447459,new,154.534,46.151,71.264,26.451,4,28,1
L:\Comic Archives\#\Series\2000 AD\2000 AD - 2010\2000AD #1694 (2010).cbz,19264385,new,150.822,22.999,63.46,48.426,4,30,1
L:\Comic Archives\#\Series\2000 AD\2000 AD - 2010\2000AD #1695 (2010).cbz,17794172,new,172.457,47.378,66.837,41.78,4,32,1
L:\Comic Archives\#\Series\2000 AD\2000 AD - 2010\2000AD #1696 (2010).cbz,18935739,new,155.175,53.926,52.949,32.065,4,32,1
L:\Comic Archives\#\Series\2000 AD\2000 AD - 2010\2000AD #1697 (2010).cbz,18426582,new,193.282,41.852,73.989,59.18,4,36,1
L:\Comic Archives\#\Series\2000 AD\2000 AD - 2010\2000AD #1698 (2010).cbz,18589523,new,146.424,41.736,58.506,30.117,4,32,1
L:\Comic Archives\#\Series\2000 AD\2000 AD - 2010\2000AD #1699 (2010).cbz,18483344,new,140.774,27.359,64.165,40.285,4,26,1
L:\Comic Archives\#\Series\2000 AD\2000 AD - 2010\2000AD #1700 (2010).cbz,22367933,new,156.507,39.097,72.923,35.745,4,28,1
L:\Comic Archives\#\Series\2000 AD\2000 AD - 2010\2000AD #1701 (2010).cbz,19565892,new,162.552,61.336,58.353,29.587,4,26,1
L:\Comic Archives\#\Series\2000 AD\2000 AD - 2010\2000AD #1702 (2010).cbz,19665783,new,114.321,23.904,53.516,29.462,4,28,1
L:\Comic Archives\#\Series\2000 AD\2000 AD - 2010\2000AD #1703 (2010).cbz,19745915,new,132.742,30.848,62.879,31.506,4,26,1
L:\Comic Archives\#\Series\2000 AD\2000 AD - 2010\2000AD #1704 (2010).cbz,20308907,new,123.241,32.272,54.148,26.477,4,30,1
L:\Comic Archives\#\Series\2000 AD\2000 AD - 2010\2000AD #1705 (2010).cbz,19366304,new,155.641,38.451,54.037,55.753,4,28,1
L:\Comic Archives\#\Series\2000 AD\2000 AD - 2010\2000AD #1706 (2010).cbz,18751417,new,140.664,34.876,59.284,38.409,4,28,1
L:\Comic Archives\#\Series\2000 AD\2000 AD - 2010\2000AD #1707 (2010).cbz,19277480,new,123.957,17.744,60.692,37.322,4,32,1
L:\Comic Archives\#\Series\2000 AD\2000 AD - 2010\2000AD #1708 (2010).cbz,19461597,new,124.278,25.656,50.591,40.639,4,28,1
L:\Comic Archives\#\Series\2000 AD\2000 AD - 2010\2000AD #1709 (2010).cbz,18879926,new,214.557,77.885,89.461,33.051,4,26,1
L:\Comic Archives\#\Series\2000 AD\2000 AD - 2010\2000AD #1710 (2010).cbz,16516554,new,176.195,62.194,69.403,29.871,4,30,1
L:\Comic Archives\#\Series\2000 AD\2000 AD - 2010\2000AD #1711 (2010).cbz,18181025,new,146.49,23.653,81.335,33.432,4,27,1
L:\Comic Archives\#\Series\2000 AD\2000 AD - 2010\2000AD #1712 (2010).cbz,18534346,new,204.292,35.829,57.088,26.555,4,26,1
L:\Comic Archives\#\Series\2000 AD\2000 AD - 2010\2000AD #1713 (2010).cbz,18853139,new,148.661,23.001,70.741,46.97,4,26,1
L:\Comic Archives\#\Series\2000 AD\2000 AD - 2010\2000AD #1714 (2010).cbz,18287178,new,154.283,47.907,58.028,36.925,4,26,1
L:\Comic Archives\#\Series\2000 AD\2000 AD - 2011\2000AD #1715 (2011).cbz,19704187,new,138.85,44.884,55.434,26.134,4,28,1
L:\Comic Archives\#\Series\2000 AD\2000 AD - 2011\2000AD #1716 (2011).cbz,19367674,new,115.972,25.27,51.671,31.688,4,26,1
L:\Comic Archives\#\Series\2000 AD\2000 AD - 2011\2000AD #1717 (2011).cbz,20088552,new,385.57,63.329,55.371,256.087,4,24,1
L:\Comic Archives\#\Series\2000 AD\2000 AD - 2011\2000AD #1718 (2011).cbz,19979943,new,228.816,99.404,62.516,50.383,4,30,1
L:\Comic Archives\#\Series\2000 AD\2000 AD - 2011\2000AD #1719 (2011).cbz,18578470,new,151.48,50.384,55.099,31.441,4,28,1
L:\Comic Archives\#\Series\2000 AD\2000 AD - 2011\2000AD #1720 (2011).cbz,18347989,new,152.385,43.023,53.223,39.749,4,30,1
L:\Comic Archives\#\Series\2000 AD\2000 AD - 2011\2000AD #1721 (2011).cbz,18069449,new,141.207,37.457,63.174,31.91,4,28,1
L:\Comic Archives\#\Series\2000 AD\2000 AD - 2011\2000AD #1722 (2011).cbz,17826580,new,190.202,57.478,63.664,58.404,4,28,1
L:\Comic Archives\#\Series\2000 AD\2000 AD - 2011\2000AD #1723 (2011).cbz,18798119,new,113.459,20.354,53.547,32.124,4,28,1
L:\Comic Archives\#\Series\2000 AD\2000 AD - 2011\2000AD #1724 (2011).cbz,19524654,new,132.054,36.058,62.137,24.406,4,27,1
L:\Comic Archives\#\Series\2000 AD\2000 AD - 2011\2000AD #1725 (2011).cbz,19343293,new,134.692,20.23,70.322,37.462,4,24,1
L:\Comic Archives\#\Series\2000 AD\2000 AD - 2011\2000AD #1726 (2011).cbz,21920950,new,173.465,62.609,63.428,37.983,4,24,1
L:\Comic Archives\#\Series\2000 AD\2000 AD - 2011\2000AD #1727 (2011).cbz,22478683,new,128.498,23.107,67.562,31.64,4,22,1
L:\Comic Archives\#\Series\2000 AD\2000 AD - 2011\2000AD #1728 (2011).cbz,19328090,new,110.069,21.531,51.039,31.182,4,22,1
L:\Comic Archives\#\Series\2000 AD\2000 AD - 2011\2000AD #1729 (2011).cbz,20504498,new,144.355,40.967,69.034,22.05,4,28,1
L:\Comic Archives\#\Series\2000 AD\2000 AD - 2011\2000AD #1730 (2011).cbz,20282555,new,140.417,24.777,70.014,39.073,4,24,1
L:\Comic Archives\#\Series\2000 AD\2000 AD - 2011\2000AD #1731 (2011).cbz,20442015,new,163.261,50.692,66.114,34.489,4,24,1
L:\Comic Archives\#\Series\2000 AD\2000 AD - 2011\2000AD #1732 (2011).cbz,19541700,new,165.953,49.566,70.336,31.791,4,26,1
L:\Comic Archives\#\Series\2000 AD\2000 AD - 2011\2000AD #1733 (2011).cbz,20472287,new,140.075,43.526,57.045,31.28,4,32,1
L:\Comic Archives\#\Series\2000 AD\2000 AD - 2011\2000AD #1734 (2011).cbz,19496753,new,220.826,78.499,80.065,48.134,4,30,1
L:\Comic Archives\#\Series\2000 AD\2000 AD - 2011\2000AD #1735 (2011).cbz,18741771,new,169.561,55.663,63.317,30.722,4,30,1
L:\Comic Archives\#\Series\2000 AD\2000 AD - 2011\2000AD #1736 (2011).cbz,21253939,new,123.682,34.271,53.136,24.447,4,30,1
L:\Comic Archives\#\Series\2000 AD\2000 AD - 2011\2000AD #1737 (2011).cbz,22021575,new,108.672,19.544,51.559,30.599,4,26,1
L:\Comic Archives\#\Series\2000 AD\2000 AD - 2011\2000AD #1738 (2011).cbz,21952536,new,180.628,51.568,78.067,27.993,4,31,1
L:\Comic Archives\#\Series\2000 AD\2000 AD - 2011\2000AD #1739 (2011).cbz,21054682,new,141.406,40.938,63.702,28.543,4,24,1
L:\Comic Archives\#\Series\2000 AD\2000 AD - 2011\2000AD #1740 (2011).cbz,20185487,new,172.687,25.217,71.861,67.586,4,28,1
L:\Comic Archives\#\Series\2000 AD\2000 AD - 2011\2000AD #1741 (2011).cbz,19786650,new,146.571,9.206,69.99,34.301,4,28,1
L:\Comic Archives\#\Series\2000 AD\2000 AD - 2011\2000AD #1742 (2011).cbz,19427128,new,144.7,36.433,54.191,45.885,4,28,1
L:\Comic Archives\#\Series\2000 AD\2000 AD - 2011\2000AD #1743 (2011).cbz,19522753,new,160.254,50.389,59.17,37.899,4,28,1
L:\Comic Archives\#\Series\2000 AD\2000 AD - 2011\2000AD #1744 (2011).cbz,20064369,new,124.035,21.237,64.295,31.068,4,28,1
L:\Comic Archives\#\Series\2000 AD\2000 AD - 2011\2000AD #1745 (2011).cbz,19694340,new,125.51,28.496,53.559,30.531,4,33,1
L:\Comic Archives\#\Series\2000 AD\2000 AD - 2011\2000AD #1746 (2011).cbz,19748122,new,170.961,63.5,64.855,30.325,4,26,1
L:\Comic Archives\#\Series\2000 AD\2000 AD - 2011\2000AD #1747 (2011).cbz,22782701,new,154.421,32.587,55.679,49.036,4,32,1
L:\Comic Archives\#\Series\2000 AD\2000 AD - 2011\2000AD #1748 (2011).cbz,22325525,new,120.852,40.796,39.633,24.806,4,28,1
L:\Comic Archives\#\Series\2000 AD\2000 AD - 2011\2000AD #1749 (2011).cbz,23355299,new,178.871,56.133,86.741,26.65,4,24,1
L:\Comic Archives\#\Series\2000 AD\2000 AD - 2011\2000AD #1750 (2011).cbz,23765706,new,159.577,19.382,63.652,69.107,4,26,1
L:\Comic Archives\#\Series\2000 AD\2000 AD - 2011\2000AD #1751 (2011).cbz,25023725,new,355.323,47.766,54.405,240.85,4,26,1
L:\Comic Archives\#\Series\2000 AD\2000 AD - 2011\2000AD #1752 (2011).cbz,24779169,new,179.649,55.146,66.854,44.324,4,30,1
L:\Comic Archives\#\Series\2000 AD\2000 AD - 2011\2000AD #1753 (2011).cbz,21664168,new,150.519,43.965,60.036,34.147,4,28,1
L:\Comic Archives\#\Series\2000 AD\2000 AD - 2011\2000AD #1754 (2011).cbz,21773351,new,123.385,20.075,64.873,30.974,4,28,1
L:\Comic Archives\#\Series\2000 AD\2000 AD - 2011\2000AD #1755 (2011).cbz,22294044,new,169.616,69.38,56.549,33.832,4,32,1
L:\Comic Archives\#\Series\2000 AD\2000 AD - 2011\2000AD #1756 (2011).cbz,25525896,new,140.085,48.337,44.735,32.019,4,28,1
L:\Comic Archives\#\Series\2000 AD\2000 AD - 2011\2000AD #1757 (2011).cbz,26589453,new,133.875,24.22,54.457,47.809,4,28,1
L:\Comic Archives\#\Series\2000 AD\2000 AD - 2011\2000AD #1758 (2011).cbz,21764365,new,176.233,51.676,62.87,50.254,4,28,1
L:\Comic Archives\#\Series\2000 AD\2000 AD - 2011\2000AD #1759 (2011).cbz,25139628,new,173.967,52.542,59.536,46.591,4,32,1
L:\Comic Archives\#\Series\2000 AD\2000 AD - 2011\2000AD #1760 (2011).cbz,25222222,new,163.196,45.784,72.562,32.744,4,28,1
L:\Comic Archives\#\Series\2000 AD\2000 AD - 2011\2000AD #1761 (2011).cbz,19654630,new,206.322,66.514,96.031,30.521,4,28,1
L:\Comic Archives\#\Series\2000 AD\2000 AD - 2011\2000AD #1762 (2011).cbz,19326558,new,171.214,58.404,60.34,41.198,4,24,1
L:\Comic Archives\#\Series\2000 AD\2000 AD - 2011\2000AD #1763 (2011).cbz,20617777,new,131.94,27.523,66.442,31.095,4,24,1
L:\Comic Archives\#\Series\2000 AD\2000 AD - 2012\2000AD #1764 (2012).cbz,21878331,new,173.411,25.154,92.417,38.607,4,26,1
L:\Comic Archives\#\Series\2000 AD\2000 AD - 2012\2000AD #1765 (2012).cbz,21820377,new,171.783,35.11,77.187,46.176,4,28,1
L:\Comic Archives\#\Series\2000 AD\2000 AD - 2012\2000AD #1766 (2012).cbz,19928361,new,175.985,59.681,71.086,29.004,4,32,1
L:\Comic Archives\#\Series\2000 AD\2000 AD - 2012\2000AD #1767 (2012).cbz,20198117,new,189.199,48.873,72.801,41.397,4,28,1
L:\Comic Archives\#\Series\2000 AD\2000 AD - 2012\2000AD #1768 (2012).cbz,20096883,new,215.382,61.486,62.552,78.802,4,28,1
L:\Comic Archives\#\Series\2000 AD\2000 AD - 2012\2000AD #1769 (2012).cbz,20207103,new,146.351,40.7,58.548,31.414,4,28,1
L:\Comic Archives\#\Series\2000 AD\2000 AD - 2012\2000AD #1770 (2012).cbz,20456531,new,170.573,46.607,82.986,30.818,4,28,1
L:\Comic Archives\#\Series\2000 AD\2000 AD - 2012\2000AD #1771 (2012).cbz,34130535,new,172.256,39.17,57.275,62.33,4,38,1
L:\Comic Archives\#\Series\2000 AD\2000 AD - 2012\2000AD #1772 (2012).cbz,19789176,new,152.962,46.337,66.406,24.916,4,32,1
L:\Comic Archives\#\Series\2000 AD\2000 AD - 2012\2000AD #1773 (2012).cbz,20373165,new,142.872,39.077,64.387,31.819,4,28,1
L:\Comic Archives\#\Series\2000 AD\2000 AD - 2012\2000AD #1774 (2012).cbz,21620216,new,139.606,27.667,73.343,31.21,4,28,1
L:\Comic Archives\#\Series\2000 AD\2000 AD - 2012\2000AD #1775 (2012).cbz,23719701,new,181.206,26.476,87.349,48.028,4,30,1
L:\Comic Archives\#\Series\2000 AD\2000 AD - 2012\2000AD #1776 (2012).cbz,23846328,new,187.492,76.398,69.959,25.007,4,30,1
L:\Comic Archives\#\Series\2000 AD\2000 AD - 2012\2000AD #1777 (2012).cbz,22314828,new,132.872,21.396,68.462,35.159,4,30,1
L:\Comic Archives\#\Series\2000 AD\2000 AD - 2012\2000AD #1778 (2012).cbz,22499452,new,123.006,23.227,67.142,24.694,4,30,1
L:\Comic Archives\#\Series\2000 AD\2000 AD - 2012\2000AD #1779 (2012).cbz,25265430,new,148.439,45.864,64.218,30.231,4,30,1
L:\Comic Archives\#\Series\2000 AD\2000 AD - 2012\2000AD #1780 (2012).cbz,25121860,new,140.964,38.926,56.998,32.536,4,30,1
L:\Comic Archives\#\Series\2000 AD\2000 AD - 2012\2000AD #1781 (2012).cbz,24584145,new,154.963,44.651,62.135,33.911,4,34,1
L:\Comic Archives\#\Series\2000 AD\2000 AD - 2012\2000AD #1782 (2012).cbz,18256249,new,140.69,51.192,50.495,28.309,4,28,1
L:\Comic Archives\#\Series\2000 AD\2000 AD - 2012\2000AD #1783 (2012).cbz,23679328,new,344.682,59.827,54.432,220.506,4,30,1
L:\Comic Archives\#\Series\2000 AD\2000 AD - 2012\2000AD #1784 (2012).cbz,25059768,new,175.659,65.095,57.927,40.253,4,30,1
L:\Comic Archives\#\Series\2000 AD\2000 AD - 2012\2000AD #1785 (2012).cbz,24687369,new,126.738,27.51,55.505,36.686,4,26,1
L:\Comic Archives\#\Series\2000 AD\2000 AD - 2012\2000AD #1786 (2012).cbz,11202956,new,340.36,69.726,231.078,28.305,4,32,1
L:\Comic Archives\#\Series\2000 AD\2000 AD - 2012\2000AD #1787 (2012).cbz,24018167,new,159.356,68.16,52.219,31.346,4,28,1
L:\Comic Archives\#\Series\2000 AD\2000 AD - 2012\2000AD #1788 (2012).cbz,22247906,new,154.987,31.663,55.544,58.542,4,28,1
L:\Comic Archives\#\Series\2000 AD\2000 AD - 2012\2000AD #1789 (2012).cbz,23504038,new,165.694,33.879,70.089,51.964,4,29,1
L:\Comic Archives\#\Series\2000 AD\2000 AD - 2012\2000AD #1790 (2012).cbz,22457013,new,153.967,41.702,56.941,43.227,4,28,1
L:\Comic Archives\#\Series\2000 AD\2000 AD - 2012\2000AD #1791 (2012).cbz,21343844,new,135.915,42.989,51.779,32.492,4,26,1
L:\Comic Archives\#\Series\2000 AD\2000 AD - 2012\2000AD #1792 (2012).cbz,23657745,new,120.14,28.456,57.779,25.043,4,32,1
L:\Comic Archives\#\Series\2000 AD\2000 AD - 2012\2000AD #1793 (2012).cbz,21631573,new,116.361,27.601,52.316,28.884,4,28,1
L:\Comic Archives\#\Series\2000 AD\2000 AD - 2012\2000AD #1794 (2012).cbz,20388466,new,127.034,25.738,55.558,38.215,4,28,1
L:\Comic Archives\#\Series\2000 AD\2000 AD - 2012\2000AD #1795 (2012).cbz,21027650,new,129.268,30.893,48.166,41.941,4,32,1
L:\Comic Archives\#\Series\2000 AD\2000 AD - 2012\2000AD #1796 (2012).cbz,17185713,new,157.127,35.964,69.067,33.275,4,28,1
L:\Comic Archives\#\Series\2000 AD\2000 AD - 2012\2000AD #1797 (2012).cbz,18288774,new,215.234,67.001,85.844,46.198,4,30,1
L:\Comic Archives\#\Series\2000 AD\2000 AD - 2012\2000AD #1798 (2012).cbz,17004087,new,197.322,58.883,79.195,45.514,4,26,1
L:\Comic Archives\#\Series\2000 AD\2000 AD - 2012\2000AD #1799 (2012).cbz,16521738,new,154.095,62.607,58.259,22.248,4,30,1
L:\Comic Archives\#\Series\2000 AD\2000 AD - 2012\2000AD #1800 (2012).cbz,24717662,new,150.147,25.148,79.718,29.91,4,25,1
L:\Comic Archives\#\Series\2000 AD\2000 AD - 2012\2000AD #1801 (2012).cbz,17444798,new,123.328,28.452,46.702,40.755,4,28,1
L:\Comic Archives\#\Series\2000 AD\2000 AD - 2012\2000AD #1802 (2012).cbz,18928358,new,171.615,58.82,55.335,44.67,4,28,1
L:\Comic Archives\#\Series\2000 AD\2000 AD - 2012\2000AD #1803 (2012).cbz,19574696,new,196.995,37.398,71.161,72.931,4,28,1
L:\Comic Archives\#\Series\2000 AD\2000 AD - 2012\2000AD #1804 (2012).cbz,19495829,new,146.45,30.12,68.019,38.542,4,28,1
L:\Comic Archives\#\Series\2000 AD\2000 AD - 2012\2000AD #1805 (2012).cbz,19904651,new,136.678,32.578,67.235,28.097,4,26,1
L:\Comic Archives\#\Series\2000 AD\2000 AD - 2012\2000AD #1806 (2012).cbz,19235843,new,146.897,48.976,62.473,26.118,4,28,1
L:\Comic Archives\#\Series\2000 AD\2000 AD - 2012\2000AD #1807 (2012).cbz,19746823,new,123.232,26.716,51.321,37.449,4,30,1
L:\Comic Archives\#\Series\2000 AD\2000 AD - 2012\2000AD #1808 (2012).cbz,19183063,new,134.715,19.262,52.707,53.982,4,34,1
L:\Comic Archives\#\Series\2000 AD\2000 AD - 2012\2000AD #1809 (2012).cbz,20107308,new,163.855,37.422,54.568,60.838,4,28,1
L:\Comic Archives\#\Series\2000 AD\2000 AD - 2012\2000AD #1810 (2012).cbz,20093264,new,204.133,67.283,67.914,55.535,4,28,1
L:\Comic Archives\#\Series\2000 AD\2000 AD - 2012\2000AD #1811 (2012).cbz,19247129,new,187.246,45.748,91.775,36.576,4,28,1
L:\Comic Archives\#\Series\2000 AD\2000 AD - 2012\2000AD #1812 (2012).cbz,21570965,new,164.058,36.75,66.639,54.828,4,16,1
L:\Comic Archives\#\Series\2000 AD\2000 AD - 2013\2000AD #1813 (2013).cbz,19530275,new,162.889,53.52,57.881,38.647,4,28,1
L:\Comic Archives\#\Series\2000 AD\2000 AD - 2013\2000AD #1814 (2013).cbz,21344738,new,143.744,38.3,54.357,42.311,4,26,1
L:\Comic Archives\#\Series\2000 AD\2000 AD - 2013\2000AD #1815 (2013).cbz,19287507,new,128.057,39.992,50.103,29.545,4,30,1
L:\Comic Archives\#\Series\2000 AD\2000 AD - 2013\2000AD #1816 (2013).cbz,19858420,new,160.095,38.847,61.577,48.328,4,26,1
L:\Comic Archives\#\Series\2000 AD\2000 AD - 2013\2000AD #1817 (2013).cbz,21441716,new,390.101,35.484,77.474,261.972,4,26,1
L:\Comic Archives\#\Series\2000 AD\2000 AD - 2013\2000AD #1818 (2013).cbz,20973861,new,163.567,41.598,63.209,51.039,4,26,1
L:\Comic Archives\#\Series\2000 AD\2000 AD - 2013\2000AD #1819 (2013).cbz,20576598,new,178.111,33.05,92.328,45.25,4,26,1
L:\Comic Archives\#\Series\2000 AD\2000 AD - 2013\2000AD #1820 (2013).cbz,19976258,new,149.51,44.766,56.379,37.926,4,24,1
L:\Comic Archives\#\Series\2000 AD\2000 AD - 2013\2000AD #1821 (2013).cbz,21309585,new,146.405,42.698,60.307,34.144,4,30,1
L:\Comic Archives\#\Series\2000 AD\2000 AD - 2013\2000AD #1822 (2013).cbz,21356337,new,221.946,77.483,83.214,40.369,4,27,1
L:\Comic Archives\#\Series\2000 AD\2000 AD - 2013\2000AD #1823 (2013).cbz,20162415,new,139.462,26.397,68.285,36.889,4,26,1
L:\Comic Archives\#\Series\2000 AD\2000 AD - 2013\2000AD #1824 (2013).cbz,21532147,new,163.508,53.661,66.008,30.147,4,26,1
L:\Comic Archives\#\Series\2000 AD\2000 AD - 2013\2000AD #1825 (2013).cbz,24703419,new,140.667,20.959,75.623,36.222,4,30,1
L:\Comic Archives\#\Series\2000 AD\2000 AD - 2013\2000AD #1826 (2013).cbz,21991595,new,172.476,60.987,55.135,40.529,4,28,1
L:\Comic Archives\#\Series\2000 AD\2000 AD - 2013\2000AD #1827 (2013).cbz,22265346,new,171.211,58.02,71.639,25.413,4,30,1
L:\Comic Archives\#\Series\2000 AD\2000 AD - 2013\2000AD #1828 (2013).cbz,20428322,new,156.747,26.031,84.111,37.954,4,30,1
L:\Comic Archives\#\Series\2000 AD\2000 AD - 2013\2000AD #1829 (2013).cbz,21291548,new,203.072,22.785,131.723,39.425,4,30,1
L:\Comic Archives\#\Series\2000 AD\2000 AD - 2013\2000AD #1830 (2013).cbz,23259763,new,172.394,30.832,92.869,40.183,4,32,1
L:\Comic Archives\#\Series\2000 AD\2000 AD - 2013\2000AD #1831 (2013).cbz,22896394,new,141.01,40.653,56.062,35.632,4,28,1
L:\Comic Archives\#\Series\2000 AD\2000 AD - 2013\2000AD #1832 (2013).cbz,25390580,new,164.463,34.371,87.09,31.969,4,28,1
L:\Comic Archives\#\Series\2000 AD\2000 AD - 2013\2000AD #1833 (2013).cbz,21115017,new,170.83,43.816,72.664,40.658,4,32,1
L:\Comic Archives\#\Series\2000 AD\2000 AD - 2013\2000AD #1834 (2013).cbz,21989241,new,158.236,28.345,77.055,42.432,4,28,1
L:\Comic Archives\#\Series\2000 AD\2000 AD - 2013\2000AD #1835 (2013).cbz,19728694,new,157.405,31.483,75.576,39.778,4,24,1
L:\Comic Archives\#\Series\2000 AD\2000 AD - 2013\2000AD #1836 (2013).cbz,21403037,new,162.437,22.01,63.004,67.169,4,29,1
L:\Comic Archives\#\Series\2000 AD\2000 AD - 2013\2000AD #1837 (2013).cbz,21242510,new,183.147,40.492,90.498,42.372,4,27,1
L:\Comic Archives\#\Series\2000 AD\2000 AD - 2013\2000AD #1838 (2013).cbz,19142593,new,155.722,25.204,79.418,38.349,4,32,1
L:\Comic Archives\#\Series\2000 AD\2000 AD - 2013\2000AD #1839 (2013).cbz,20316563,new,148.134,29.796,60.57,40.513,4,28,1
L:\Comic Archives\#\Series\2000 AD\2000 AD - 2013\2000AD #1840 (2013).cbz,19617245,new,128.558,20.909,60.113,39.981,4,28,1
L:\Comic Archives\#\Series\2000 AD\2000 AD - 2013\2000AD #1841 (2013).cbz,20733697,new,162.807,50.596,63.88,36.571,4,32,1
L:\Comic Archives\#\Series\2000 AD\2000 AD - 2013\2000AD #1842 (2013).cbz,19834167,new,139.874,21.724,77.471,33.155,4,26,1
L:\Comic Archives\#\Series\2000 AD\2000 AD - 2013\2000AD #1843 (2013).cbz,19387111,new,147.904,24.536,63.322,52.574,4,26,1
L:\Comic Archives\#\Series\2000 AD\2000 AD - 2013\2000AD #1844 (2013).cbz,20953019,new,141.954,23.934,77.907,33.29,4,24,1
L:\Comic Archives\#\Series\2000 AD\2000 AD - 2013\2000AD #1845 (2013).cbz,22505872,new,174.276,41.063,75.094,41.425,4,30,1
L:\Comic Archives\#\Series\2000 AD\2000 AD - 2013\2000AD #1846 (2013).cbz,21902041,new,139.564,24.307,61.185,41.764,4,26,1
L:\Comic Archives\#\Series\2000 AD\2000 AD - 2013\2000AD #1847 (2013).cbz,22003872,new,185.52,22.64,83.664,69.53,4,26,1
L:\Comic Archives\#\Series\2000 AD\2000 AD - 2013\2000AD #1848 (2013).cbz,21144133,new,205.274,25.613,81.042,89.031,4,28,1
L:\Comic Archives\#\Series\2000 AD\2000 AD - 2013\2000AD #1849 (2013).cbz,21591084,new,227.388,80.572,103.381,36.112,4,24,1
L:\Comic Archives\#\Series\2000 AD\2000 AD - 2013\2000AD #1850 (2013).cbz,25192965,new,171.869,23.436,83.057,56.896,4,28,1
L:\Comic Archives\#\Series\2000 AD\2000 AD - 2013\2000AD #1851 (2013).cbz,21478856,new,155.896,26.256,80.115,40.477,4,28,1
L:\Comic Archives\#\Series\2000 AD\2000 AD - 2013\2000AD #1852 (2013).cbz,21173512,new,347.027,21.373,66.036,252.052,4,28,1
L:\Comic Archives\#\Series\2000 AD\2000 AD - 2013\2000AD #1853 (2013).cbz,21494763,new,166.162,43.039,65.455,49.38,4,28,1
L:\Comic Archives\#\Series\2000 AD\2000 AD - 2013\2000AD #1854 (2013).cbz,21170383,new,158.791,21.947,73.178,55.271,4,28,1
L:\Comic Archives\#\Series\2000 AD\2000 AD - 2013\2000AD #1855 (2013).cbz,20637173,new,151.465,24.676,70.098,48.2,4,28,1
L:\Comic Archives\#\Series\2000 AD\2000 AD - 2013\2000AD #1856 (2013).cbz,20216110,new,191.708,38.414,79.211,42.43,4,30,1
L:\Comic Archives\#\Series\2000 AD\2000 AD - 2013\2000AD #1857 (2013).cbz,23968814,new,179.796,46.501,62.885,56.357,4,32,1
L:\Comic Archives\#\Series\2000 AD\2000 AD - 2013\2000AD #1858 (2013).cbz,26136218,new,140.065,25.863,72.139,34.533,4,28,1
L:\Comic Archives\#\Series\2000 AD\2000 AD - 2013\2000AD #1859 (2013).cbz,25590533,new,188.608,35.059,98.059,42.074,4,26,1
L:\Comic Archives\#\Series\2000 AD\2000 AD - 2013\2000AD #1860 (2013).cbz,24900073,new,174.565,34.203,97.242,32.92,4,24,1
L:\Comic Archives\#\Series\2000 AD\2000 AD - 2013\2000AD #1861 (2013).cbz,27140635,new,180.368,24.438,91.226,55.888,4,24,1
L:\Comic Archives\#\Series\2000 AD\2000 AD - 2014\2000AD #1862 (2014).cbz,25762394,new,171.917,27.825,89.3,44.972,4,28,1
L:\Comic Archives\#\Series\2000 AD\2000 AD - 2014\2000AD #1863 (2014).cbz,27002845,new,190.264,46.107,86.991,34.844,4,32,1
L:\Comic Archives\#\Series\2000 AD\2000 AD - 2014\2000AD #1864 (2014).cbz,27294101,new,188.813,23.968,83.598,71.343,4,28,1
L:\Comic Archives\#\Series\2000 AD\2000 AD - 2014\2000AD #1865 (2014).cbz,25267096,new,161.789,24.571,101.018,26.958,4,28,1
L:\Comic Archives\#\Series\2000 AD\2000 AD - 2014\2000AD #1866 (2014).cbz,24731252,new,179.513,44.39,86.313,39.051,4,32,1
L:\Comic Archives\#\Series\2000 AD\2000 AD - 2014\2000AD #1867 (2014).cbz,25284253,new,165.411,32.33,70.027,39.181,4,28,1
L:\Comic Archives\#\Series\2000 AD\2000 AD - 2014\2000AD #1868 (2014).cbz,26349240,new,139.97,22.657,80.67,28.662,4,28,1
L:\Comic Archives\#\Series\2000 AD\2000 AD - 2014\2000AD #1869 (2014).cbz,25298863,new,123.76,30.882,57.7,27.41,4,28,1
L:\Comic Archives\#\Series\2000 AD\2000 AD - 2014\2000AD #1870 (2014).cbz,25784525,new,147.873,26.144,78.698,34.63,4,32,1
L:\Comic Archives\#\Series\2000 AD\2000 AD - 2014\2000AD #1871 (2014).cbz,26195524,new,151.068,37.31,70.661,22.28,4,28,1
L:\Comic Archives\#\Series\2000 AD\2000 AD - 2014\2000AD #1872 (2014).cbz,24843285,new,176.173,52.886,83.217,29.574,4,28,1
L:\Comic Archives\#\Series\2000 AD\2000 AD - 2014\2000AD #1873 (2014).cbz,23921780,new,179.909,26.76,78.363,65.465,4,30,1
L:\Comic Archives\#\Series\2000 AD\2000 AD - 2014\2000AD #1874 (2014).cbz,26649267,new,148.694,21.998,81.696,35.398,4,28,1
L:\Comic Archives\#\Series\2000 AD\2000 AD - 2014\2000AD #1875 (2014).cbz,24200231,new,189.471,39.395,63.646,76.847,4,28,1
L:\Comic Archives\#\Series\2000 AD\2000 AD - 2014\2000AD #1876 (2014).cbz,25409224,new,131.536,22.149,63.766,36.442,4,32,1
L:\Comic Archives\#\Series\2000 AD\2000 AD - 2014\2000AD #1877 (2014).cbz,27987197,new,123.213,8.298,71.365,35.233,4,28,1
L:\Comic Archives\#\Series\2000 AD\2000 AD - 2014\2000AD #1878 (2014).cbz,25722558,new,173.463,34.261,70.324,60.511,4,28,1
L:\Comic Archives\#\Series\2000 AD\2000 AD - 2014\2000AD #1879 (2014).cbz,27480490,new,165.167,28.746,69.796,40.825,4,28,1
L:\Comic Archives\#\Series\2000 AD\2000 AD - 2014\2000AD #1880 (2014).cbz,27195956,new,125.552,19.655,54.818,41.324,4,28,1
L:\Comic Archives\#\Series\2000 AD\2000 AD - 2014\2000AD #1881 (2014).cbz,30390600,new,171.692,34.472,79.849,48.178,4,28,1
L:\Comic Archives\#\Series\2000 AD\2000 AD - 2014\2000AD #1882 (2014).cbz,26252248,new,140.667,29.497,65.982,36.785,4,28,1
L:\Comic Archives\#\Series\2000 AD\2000 AD - 2014\2000AD #1883 (2014).cbz,24647789,new,170.129,31.429,71.17,38.059,4,28,1
L:\Comic Archives\#\Series\2000 AD\2000 AD - 2014\2000AD #1884 (2014).cbz,25156917,new,347.2,36.664,67.996,232.064,4,28,1
L:\Comic Archives\#\Series\2000 AD\2000 AD - 2014\2000AD #1885 (2014).cbz,26288012,new,236.512,74.442,81.043,70.179,4,32,1
L:\Comic Archives\#\Series\2000 AD\2000 AD - 2014\2000AD #1886 (2014).cbz,26813091,new,158.403,24.768,69.656,55.324,4,28,1
L:\Comic Archives\#\Series\2000 AD\2000 AD - 2014\2000AD #1887 (2014).cbz,26910275,new,166.062,36.288,68.292,38.989,4,24,1
L:\Comic Archives\#\Series\2000 AD\2000 AD - 2014\2000AD #1888 (2014).cbz,25417502,new,149.138,20.327,74.893,47.011,4,24,1
L:\Comic Archives\#\Series\2000 AD\2000 AD - 2014\2000AD #1889 (2014).cbz,26433648,new,181.178,47.661,87.968,37.384,4,28,1
L:\Comic Archives\#\Series\2000 AD\2000 AD - 2014\2000AD #1890 (2014).cbz,28342996,new,198.952,60.078,97.472,27.001,4,28,1
L:\Comic Archives\#\Series\2000 AD\2000 AD - 2014\2000AD #1891 (2014).cbz,24270040,new,168.477,55.228,56.128,29.538,4,30,1
L:\Comic Archives\#\Series\2000 AD\2000 AD - 2014\2000AD #1892 (2014).cbz,23133589,new,139.946,20.878,70.945,38.365,4,34,1
L:\Comic Archives\#\Series\2000 AD\2000 AD - 2014\2000AD #1893 (2014).cbz,24823356,new,185.776,59.865,69.125,41.635,4,28,1
L:\Comic Archives\#\Series\2000 AD\2000 AD - 2014\2000AD #1894 (2014).cbz,25169764,new,165.774,27.389,73.192,57.146,4,28,1
L:\Comic Archives\#\Series\2000 AD\2000 AD - 2014\2000AD #1895 (2014).cbz,23900982,new,179.852,37.582,78.568,40.304,4,28,1
L:\Comic Archives\#\Series\2000 AD\2000 AD - 2014\2000AD #1896 (2014).cbz,24478930,new,221.561,66.392,74.034,45.83,4,32,1
L:\Comic Archives\#\Series\2000 AD\2000 AD - 2014\2000AD #1897 (2014).cbz,22554448,new,163.17,26.66,71.983,55.7,4,28,1
L:\Comic Archives\#\Series\2000 AD\2000 AD - 2014\2000AD #1898 (2014).cbz,24929975,new,166.999,27.726,71.523,55.691,4,28,1
L:\Comic Archives\#\Series\2000 AD\2000 AD - 2014\2000AD #1899 (2014).cbz,24243898,new,177.72,46.859,67.812,33.311,4,30,1
L:\Comic Archives\#\Series\2000 AD\2000 AD - 2014\2000AD #1900 (2014).cbz,28673991,new,141.127,19.344,69.654,45.707,4,20,1
L:\Comic Archives\#\Series\2000 AD\2000 AD - 2014\2000AD #1901 (2014).cbz,23495154,new,116.606,22.54,54.388,30.987,4,28,1
L:\Comic Archives\#\Series\2000 AD\2000 AD - 2014\2000AD #1902 (2014).cbz,25895641,new,138.715,30.431,74.715,25.951,4,28,1
L:\Comic Archives\#\Series\2000 AD\2000 AD - 2014\2000AD #1903 (2014).cbz,23536552,new,181.662,33.908,84.747,30.772,4,28,1
L:\Comic Archives\#\Series\2000 AD\2000 AD - 2014\2000AD #1904 (2014).cbz,23164683,new,148.153,19.707,66.663,54.291,4,28,1
L:\Comic Archives\#\Series\2000 AD\2000 AD - 2014\2000AD #1905 (2014).cbz,24521767,new,154.232,39.737,66.552,41.163,4,24,1
L:\Comic Archives\#\Series\2000 AD\2000 AD - 2014\2000AD #1906 (2014).cbz,23418250,new,131.481,28.633,55.926,38.297,4,28,1
L:\Comic Archives\#\Series\2000 AD\2000 AD - 2014\2000AD #1907 (2014).cbz,24023564,new,235.391,60.73,86.722,54.503,4,28,1
L:\Comic Archives\#\Series\2000 AD\2000 AD - 2014\2000AD #1908 (2014).cbz,23419079,new,131.536,33.09,63.541,27.533,4,28,1
L:\Comic Archives\#\Series\2000 AD\2000 AD - 2014\2000AD #1909 (2014).cbz,25289099,new,148.132,23.879,80.126,35.096,4,28,1
L:\Comic Archives\#\Series\2000 AD\2000 AD - 2014\2000AD #1910 (2014).cbz,24170083,new,125.128,19.229,68.828,29.686,4,28,1
L:\Comic Archives\#\Series\2000 AD\2000 AD - 2014\2000AD #1911 (2014).cbz,25141167,new,187.578,42.217,103.336,26.564,4,20,1
L:\Comic Archives\#\Series\2000 AD\2000 AD - 2015\2000AD #1912 (2015).cbz,22946713,new,164.755,38.207,79.678,39.016,4,28,1
L:\Comic Archives\#\Series\2000 AD\2000 AD - 2015\2000AD #1913 (2015).cbz,23253499,new,182.238,26.357,80.861,66.398,4,28,1
L:\Comic Archives\#\Series\2000 AD\2000 AD - 2015\2000AD #1914 (2015).cbz,23342318,new,191.141,45.517,69.614,49.309,4,28,1
L:\Comic Archives\#\Series\2000 AD\2000 AD - 2015\2000AD #1915 (2015).cbz,21528942,new,393.335,45.839,71.556,268.42,4,28,1
L:\Comic Archives\#\Series\2000 AD\2000 AD - 2015\2000AD #1916 (2015).cbz,22206546,new,252.852,87.526,68.24,84.957,4,28,1
L:\Comic Archives\#\Series\2000 AD\2000 AD - 2015\2000AD #1917 (2015).cbz,22249770,new,156.859,53.494,54.556,39.889,4,28,1
L:\Comic Archives\#\Series\2000 AD\2000 AD - 2015\2000AD #1918 (2015).cbz,102543543,new,298.539,51.784,192.35,31.254,4,30,1
L:\Comic Archives\#\Series\2000 AD\2000 AD - 2015\2000AD #1919 (2015).cbz,94658153,new,261.365,48.827,151.409,52.007,4,30,1
L:\Comic Archives\#\Series\2000 AD\2000 AD - 2015\2000AD #1920 (2015).cbz,97233132,new,191.19,27.418,133.362,20.876,4,30,1
L:\Comic Archives\#\Series\2000 AD\2000 AD - 2015\2000AD #1921 (2015).cbz,36328403,new,206.351,36.783,94.851,65.931,4,30,1
L:\Comic Archives\#\Series\2000 AD\2000 AD - 2015\2000AD #1922 (2015).cbz,38647924,new,215.999,30.126,125.734,30.604,4,30,1
L:\Comic Archives\#\Series\2000 AD\2000 AD - 2015\2000AD #1923 (2015).cbz,39096347,new,222.476,48.562,119.334,36.42,4,30,1
L:\Comic Archives\#\Series\2000 AD\2000 AD - 2015\2000AD #1924 (2015).cbz,41951911,new,197.726,21.205,120.665,47.065,4,28,1
L:\Comic Archives\#\Series\2000 AD\2000 AD - 2015\2000AD #1925 (2015).cbz,44231862,new,173.921,38.337,93.497,33.048,4,28,1
L:\Comic Archives\#\Series\2000 AD\2000 AD - 2015\2000AD #1926 (2015).cbz,44119708,new,204.679,29.69,122.221,32.802,4,28,1
L:\Comic Archives\#\Series\2000 AD\2000 AD - 2015\2000AD #1927 (2015).cbz,38173969,new,185.235,39.399,106.134,32.647,4,24,1
L:\Comic Archives\#\Series\2000 AD\2000 AD - 2015\2000AD #1928 (2015).cbz,41107981,new,181.435,25.462,109.337,37.728,4,28,1
L:\Comic Archives\#\Series\2000 AD\2000 AD - 2015\2000AD #1929 (2015).cbz,39197207,new,176.762,47.594,89.695,32.432,4,26,1
L:\Comic Archives\#\Series\2000 AD\2000 AD - 2015\2000AD #1930 (2015).cbz,37680314,new,255.941,55.99,131.391,41.921,4,28,1
L:\Comic Archives\#\Series\2000 AD\2000 AD - 2015\2000AD #1931 (2015).cbz,40917770,new,230.459,32.917,130.873,58.161,4,26,1
L:\Comic Archives\#\Series\2000 AD\2000 AD - 2015\2000AD #1932 (2015).cbz,36531753,new,180.967,29.26,98.497,43.885,4,30,1
L:\Comic Archives\#\Series\2000 AD\2000 AD - 2015\2000AD #1933 (2015).cbz,39367079,new,189.985,49.561,102.719,30.386,4,26,1
L:\Comic Archives\#\Series\2000 AD\2000 AD - 2015\2000AD #1934 (2015).cbz,35705999,new,189.78,33.869,98.378,29.319,4,20,1
L:\Comic Archives\#\Series\2000 AD\2000 AD - 2015\2000AD #1935 (2015).cbz,34672089,new,160.487,39.103,92.189,21.573,4,28,1
L:\Comic Archives\#\Series\2000 AD\2000 AD - 2015\2000AD #1936 (2015).cbz,48966117,new,201.614,27.667,133.823,32.643,4,28,1
L:\Comic Archives\#\Series\2000 AD\2000 AD - 2015\2000AD #1937 (2015).cbz,31218481,new,178.188,31.87,106.165,31.227,4,30,1
L:\Comic Archives\#\Series\2000 AD\2000 AD - 2015\2000AD #1938 (2015).cbz,31021421,new,231.166,53.891,108.203,37.924,4,30,1
L:\Comic Archives\#\Series\2000 AD\2000 AD - 2015\2000AD #1939 (2015).cbz,34563629,new,197.491,28.265,99.205,62.888,4,26,1
L:\Comic Archives\#\Series\2000 AD\2000 AD - 2015\2000AD #1940 (2015).cbz,37946097,new,222.284,58.122,110.267,36.944,4,26,1
L:\Comic Archives\#\Series\2000 AD\2000 AD - 2015\2000AD #1941 (2015).cbz,38316480,new,179.325,24.901,118.532,28.73,4,26,1
L:\Comic Archives\#\Series\2000 AD\2000 AD - 2015\2000AD #1942 (2015).cbz,38526992,new,231.299,45.437,103.137,61.279,4,26,1
L:\Comic Archives\#\Series\2000 AD\2000 AD - 2015\2000AD #1943 (2015).cbz,39583161,new,255.266,37.173,161.167,47.494,4,27,1
L:\Comic Archives\#\Series\2000 AD\2000 AD - 2015\2000AD #1944 (2015).cbz,44949397,new,181.862,39.497,105.798,27.824,4,29,1
L:\Comic Archives\#\Series\2000 AD\2000 AD - 2015\2000AD #1945 (2015).cbz,42355921,new,411.515,19.278,108.65,274.594,4,31,1
L:\Comic Archives\#\Series\2000 AD\2000 AD - 2015\2000AD #1946 (2015).cbz,40863311,new,385.54,89.062,129.65,71.906,4,32,1
L:\Comic Archives\#\Series\2000 AD\2000 AD - 2015\2000AD #1947 (2015).cbz,42031291,new,274.738,91.142,120.637,54.211,4,30,1
L:\Comic Archives\#\Series\2000 AD\2000 AD - 2015\2000AD #1948 (2015).cbz,34322169,new,191.978,34.354,118.81,30.856,4,26,1
L:\Comic Archives\#\Series\2000 AD\2000 AD - 2015\2000AD #1949 (2015).cbz,33828680,new,181.168,23.222,109.219,38.809,4,27,1
L:\Comic Archives\#\Series\2000 AD\2000 AD - 2015\2000AD #1950 (2015).cbz,47020132,new,272.502,53.569,158.172,41.002,4,24,1
L:\Comic Archives\#\Series\2000 AD\2000 AD - 2015\2000AD #1951 (2015).cbz,40177530,new,164.56,22.958,103.327,30.72,4,28,1
L:\Comic Archives\#\Series\2000 AD\2000 AD - 2015\2000AD #1952 (2015).cbz,34631071,new,247.519,63.122,115.349,47.858,4,30,1
L:\Comic Archives\#\Series\2000 AD\2000 AD - 2015\2000AD #1953 (2015).cbz,36596267,new,231.061,60.295,121.14,28.082,4,30,1
L:\Comic Archives\#\Series\2000 AD\2000 AD - 2015\2000AD #1954 (2015).cbz,35349400,new,247.722,37.906,148.94,38.506,4,30,1
L:\Comic Archives\#\Series\2000 AD\2000 AD - 2015\2000AD #1955 (2015).cbz,37256565,new,206.277,41.678,128.689,23.87,4,30,1
L:\Comic Archives\#\Series\2000 AD\2000 AD - 2015\2000AD #1956 (2015).cbz,35041240,new,214.733,49.287,102.655,53.227,4,30,1
L:\Comic Archives\#\Series\2000 AD\2000 AD - 2015\2000AD #1957 (2015).cbz,33542700,new,205.996,37.987,124.85,34.923,4,30,1
L:\Comic Archives\#\Series\2000 AD\2000 AD - 2015\2000AD #1958 (2015).cbz,38913279,new,225.278,33.461,108.824,59.968,4,31,1
L:\Comic Archives\#\Series\2000 AD\2000 AD - 2015\2000AD #1959 (2015).cbz,39206183,new,189.98,35.433,109.972,36.671,4,26,1
L:\Comic Archives\#\Series\2000 AD\2000 AD - 2015\2000AD #1960 (2015).cbz,37596940,new,184.327,28.437,110.601,37.997,4,26,1
L:\Comic Archives\#\Series\2000 AD\2000 AD - 2015\2000AD #1961 (2015).cbz,147351176,new,231.235,26.94,150.381,42.362,4,43,1
L:\Comic Archives\#\Series\2000 AD\2000 AD - 2015\2000AD #1962 (2015).cbz,37686905,new,201.73,57.661,105.945,24.101,4,28,1
L:\Comic Archives\#\Series\2000 AD\2000 AD - 2016\2000AD #1963 (2016).cbz,62903182,new,174.663,26.86,107.633,33.385,4,24,1
L:\Comic Archives\#\Series\2000 AD\2000 AD - 2016\2000AD #1964 (2016).cbz,60458511,new,214.314,35.403,141.101,28.509,4,29,1
L:\Comic Archives\#\Series\2000 AD\2000 AD - 2016\2000AD #1965 (2016).cbz,59017455,new,223.058,53.828,119.739,23.76,4,28,1
L:\Comic Archives\#\Series\2000 AD\2000 AD - 2016\2000AD #1966 (2016).cbz,57449187,new,189.627,35.65,107.986,37.443,4,28,1
L:\Comic Archives\#\Series\2000 AD\2000 AD - 2016\2000AD #1967 (2016).cbz,98800795,new,307.502,34.597,212.836,51.924,4,28,1
L:\Comic Archives\#\Series\2000 AD\2000 AD - 2016\2000AD #1968 (2016).cbz,58277488,new,233.941,38.505,135.445,50.977,4,28,1
L:\Comic Archives\#\Series\2000 AD\2000 AD - 2016\2000AD #1969 (2016).cbz,58686105,new,203.649,49.608,102.313,29.605,4,28,1
L:\Comic Archives\#\Series\2000 AD\2000 AD - 2016\2000AD #1970 (2016).cbz,58374452,new,206.888,48.385,117.983,28.222,4,28,1
L:\Comic Archives\#\Series\2000 AD\2000 AD - 2016\2000AD #1971 (2016).cbz,57827123,new,288.537,42.643,185.606,39.127,4,28,1
L:\Comic Archives\#\Series\2000 AD\2000 AD - 2016\2000AD #1972 (2016).cbz,61866101,new,272.872,80.738,155.28,26.239,4,30,1
L:\Comic Archives\#\Series\2000 AD\2000 AD - 2016\2000AD #1973 (2016).cbz,57684425,new,286.219,71.031,132.153,47.283,4,26,1
L:\Comic Archives\#\Series\2000 AD\2000 AD - 2016\2000AD #1974 (2016).cbz,54089483,new,193.616,33.812,119.5,32.023,4,32,1
L:\Comic Archives\#\Series\2000 AD\2000 AD - 2016\2000AD #1975 (2016).cbz,53337725,new,272.332,43.881,164.743,43.64,4,28,1
L:\Comic Archives\#\Series\2000 AD\2000 AD - 2016\2000AD #1976 (2016).cbz,52434299,new,502.335,109.093,119.967,261.421,4,29,1
L:\Comic Archives\#\Series\2000 AD\2000 AD - 2016\2000AD #1977 (2016).cbz,53470688,new,308.933,64.279,159.69,48.037,4,29,1
L:\Comic Archives\#\Series\2000 AD\2000 AD - 2016\2000AD #1978 (2016).cbz,59152825,new,226.295,38.671,132.965,48.191,4,20,1
L:\Comic Archives\#\Series\2000 AD\2000 AD - 2016\2000AD #1979 (2016).cbz,62613517,new,345.629,35.626,243.241,58.682,4,30,1
L:\Comic Archives\#\Series\2000 AD\2000 AD - 2016\2000AD #1980 (2016).cbz,61053991,new,248.086,70.348,125.235,41.76,4,30,1
L:\Comic Archives\#\Series\2000 AD\2000 AD - 2016\2000AD #1981 (2016).cbz,42688270,new,190.401,41.815,89.591,36.608,4,30,1
L:\Comic Archives\#\Series\2000 AD\2000 AD - 2016\2000AD #1982 (2016).cbz,45860659,new,190.154,41.268,111.024,30.133,4,26,1
L:\Comic Archives\#\Series\2000 AD\2000 AD - 2016\2000AD #1983 (2016).cbz,39929224,new,181.806,31.738,105.836,38.347,4,20,1
L:\Comic Archives\#\Series\2000 AD\2000 AD - 2016\2000AD #1984 (2016).cbz,39186694,new,176.406,35.344,107.068,26.901,4,20,1
L:\Comic Archives\#\Series\2000 AD\2000 AD - 2016\2000AD #1985 (2016).cbz,38265963,new,236.817,37.956,145.544,29.864,4,28,1
L:\Comic Archives\#\Series\2000 AD\2000 AD - 2016\2000AD #1986 (2016).cbz,41261174,new,249.068,39.925,144.886,44.778,4,26,1
L:\Comic Archives\#\Series\2000 AD\2000 AD - 2016\2000AD #1987 (2016).cbz,34330523,new,222.787,62.852,107.356,43.236,4,28,1
L:\Comic Archives\#\Series\2000 AD\2000 AD - 2016\2000AD #1988 (2016).cbz,63888008,new,235.011,41.648,150.482,34.94,4,30,1
L:\Comic Archives\#\Series\2000 AD\2000 AD - 2016\2000AD #1989 (2016).cbz,55704407,new,280.365,52.399,153.736,52.048,4,26,1
L:\Comic Archives\#\Series\2000 AD\2000 AD - 2016\2000AD #1990 (2016).cbz,55169041,new,230.99,30.247,130.391,61.504,4,30,1
L:\Comic Archives\#\Series\2000 AD\2000 AD - 2016\2000AD #1991 (2016).cbz,60318396,new,324.427,118.143,156.865,32.03,4,34,1
L:\Comic Archives\#\Series\2000 AD\2000 AD - 2016\2000AD #1992 (2016).cbz,58976226,new,247.495,33.407,173.037,33.248,4,30,1
L:\Comic Archives\#\Series\2000 AD\2000 AD - 2016\2000AD #1993 (2016).cbz,61577131,new,303.043,49.679,179.011,39.714,4,26,1
L:\Comic Archives\#\Series\2000 AD\2000 AD - 2016\2000AD #1994 (2016).cbz,60141654,new,347.43,104.751,188.681,37.923,4,30,1
L:\Comic Archives\#\Series\2000 AD\2000 AD - 2016\2000AD #1995 (2016).cbz,60856323,new,297.902,95.77,137.635,49.498,4,28,1
L:\Comic Archives\#\Series\2000 AD\2000 AD - 2016\2000AD #1996 (2016).cbz,64637106,new,238.97,50.683,143.001,36.539,4,28,1
L:\Comic Archives\#\Series\2000 AD\2000 AD - 2016\2000AD #1997 (2016).cbz,64380589,new,272.469,51.427,160.692,43.685,4,26,1
L:\Comic Archives\#\Series\2000 AD\2000 AD - 2016\2000AD #1998 (2016).cbz,64088646,new,291.364,75.405,169.245,18.431,4,28,1
L:\Comic Archives\#\Series\2000 AD\2000 AD - 2016\2000AD #1999 (2016).cbz,61798181,new,348.558,57.802,213.998,61.608,4,26,1
L:\Comic Archives\#\Series\2000 AD\2000 AD - 2016\2000AD #2000 (2016).cbz,115727858,new,247.104,67.938,122.429,43.524,4,48,1
L:\Comic Archives\#\Series\2000 AD\2000 AD - 2016\2000AD #2001 (2016).cbz,65607339,new,334.407,63.68,195.868,47.088,4,28,1
L:\Comic Archives\#\Series\2000 AD\2000 AD - 2016\2000AD #2002 (2016).cbz,68257526,new,304.186,72.926,176.673,33.115,4,28,1
L:\Comic Archives\#\Series\2000 AD\2000 AD - 2016\2000AD #2003 (2016).cbz,67625855,new,305.799,111.947,148.951,35.623,4,28,1
L:\Comic Archives\#\Series\2000 AD\2000 AD - 2016\2000AD #2004 (2016).cbz,69274769,new,287.836,42.64,192.787,30.94,4,26,1
L:\Comic Archives\#\Series\2000 AD\2000 AD - 2016\2000AD #2005 (2016).cbz,65585398,new,272.973,47.364,131.649,34.033,4,26,1
L:\Comic Archives\#\Series\2000 AD\2000 AD - 2016\2000AD #2006 (2016).cbz,67682275,new,242.603,39.283,166.545,29.685,4,26,1
L:\Comic Archives\#\Series\2000 AD\2000 AD - 2016\2000AD #2007 (2016).cbz,67064615,new,220.795,39.614,133.208,40.973,4,26,1
L:\Comic Archives\#\Series\2000 AD\2000 AD - 2016\2000AD #2008 (2016).cbz,55983563,new,426.137,36.621,142.884,239.49,4,26,1
L:\Comic Archives\#\Series\2000 AD\2000 AD - 2016\2000AD #2009 (2016).cbz,58038399,new,327.112,113.9,148.183,44.568,4,26,1
L:\Comic Archives\#\Series\2000 AD\2000 AD - 2016\2000AD #2010 (2016).cbz,205305464,new,261.067,39.705,178.574,33.999,4,26,1
L:\Comic Archives\#\Series\2000 AD\2000 AD - 2016\2000AD #2011 (2016).cbz,65571816,new,301.995,101.482,156.416,33.353,4,39,1
L:\Comic Archives\#\Series\2000 AD\2000 AD - 2017\2000AD #2013 (2017).cbz,66487763,new,256.335,42.129,167.624,37.875,4,24,1
L:\Comic Archives\#\Series\2000 AD\2000 AD - 2017\2000AD #2014 (2017).cbz,64204000,new,190.522,20.421,131.045,31.033,4,28,1
L:\Comic Archives\#\Series\2000 AD\2000 AD - 2017\2000AD #2015 (2017).cbz,65897927,new,254.708,37.305,161.113,47.678,4,28,1
L:\Comic Archives\#\Series\2000 AD\2000 AD - 2017\2000AD #2016 (2017).cbz,66211795,new,280.225,86.622,140.259,45.184,4,26,1
L:\Comic Archives\#\Series\2000 AD\2000 AD - 2017\2000AD #2017 (2017).cbz,68307809,new,297.724,54.736,181.922,33.718,4,28,1
L:\Comic Archives\#\Series\2000 AD\2000 AD - 2017\2000AD #2018 (2017).cbz,68461154,new,280.938,97.232,136.806,33.04,4,26,1
L:\Comic Archives\#\Series\2000 AD\2000 AD - 2017\2000AD #2019 (2017).cbz,66750323,new,270.418,40.413,174.554,47.487,4,26,1
L:\Comic Archives\#\Series\2000 AD\2000 AD - 2017\2000AD #2020 (2017).cbz,66014187,new,339.872,83.218,202.738,42.29,4,30,1
L:\Comic Archives\#\Series\2000 AD\2000 AD - 2017\2000AD #2021 (2017).cbz,67742076,new,257.416,42.751,152.369,29.454,4,26,1
L:\Comic Archives\#\Series\2000 AD\2000 AD - 2017\2000AD #2022 (2017).cbz,69747443,new,207.024,29.756,139.51,30.723,4,26,1
L:\Comic Archives\#\Series\2000 AD\2000 AD - 2017\2000AD #2023 (2017).cbz,61121395,new,251.702,37.689,170.287,34.532,4,30,1
L:\Comic Archives\#\Series\2000 AD\2000 AD - 2017\2000AD #2024 (2017).cbz,66399230,new,305.419,39.583,235.032,21.924,4,32,1
L:\Comic Archives\#\Series\2000 AD\2000 AD - 2017\2000AD #2025 (2017).cbz,66787525,new,264.333,40.841,167.018,26.164,4,28,1
L:\Comic Archives\#\Series\2000 AD\2000 AD - 2017\2000AD #2026 (2017).cbz,71526067,new,279.893,37.805,187.807,43.447,4,28,1
L:\Comic Archives\#\Series\2000 AD\2000 AD - 2017\2000AD #2027 (2017).cbz,66160428,new,322.187,94.334,177.893,41.839,4,28,1
L:\Comic Archives\#\Series\2000 AD\2000 AD - 2017\2000AD #2028 (2017).cbz,69963001,new,289.298,83.738,161.813,32.255,4,28,1
L:\Comic Archives\#\Series\2000 AD\2000 AD - 2017\2000AD #2029 (2017).cbz,64950326,new,314.736,57.394,192.756,28.668,4,32,1
L:\Comic Archives\#\Series\2000 AD\2000 AD - 2017\2000AD #2030 (2017).cbz,57298036,new,328.925,83.377,182.218,51.628,4,28,1
L:\Comic Archives\#\Series\2000 AD\2000 AD - 2017\2000AD #2031 (2017).cbz,63046090,new,291.038,68.456,184.384,30.248,4,28,1
L:\Comic Archives\#\Series\2000 AD\2000 AD - 2017\2000AD #2032 (2017).cbz,35689318,new,172.508,28.635,102.792,33.546,4,28,1
L:\Comic Archives\#\Series\2000 AD\2000 AD - 2017\2000AD #2033 (2017).cbz,6795604,new,203.861,48.226,89.47,40.394,4,28,1
L:\Comic Archives\#\Series\2000 AD\2000 AD - 2017\2000AD #2034 (2017).cbz,7815551,new,181.426,42.385,84.927,45.715,4,28,1
L:\Comic Archives\#\Series\2000 AD\2000 AD - 2017\2000AD #2035 (2017).cbz,8595459,new,156.119,43.117,75.411,29.486,4,26,1
L:\Comic Archives\#\Series\2000 AD\2000 AD - 2017\2000AD #2036 (2017).cbz,10220681,new,211.587,40.314,133.803,29.444,4,26,1
L:\Comic Archives\#\Series\2000 AD\2000 AD - 2017\2000AD #2037 (2017).cbz,9504165,new,233.992,58.511,118.897,31.317,4,30,1
L:\Comic Archives\#\Series\2000 AD\2000 AD - 2017\2000AD #2038 (2017).cbz,7412311,new,204.517,59.329,104.931,32.783,4,26,1
L:\Comic Archives\#\Series\2000 AD\2000 AD - 2017\2000AD #2039 (2017).cbz,7440012,new,139.838,32.518,80.205,18.63,4,26,1
L:\Comic Archives\#\Series\2000 AD\2000 AD - 2017\2000AD #2040 (2017).cbz,7980012,new,214.551,59.934,102.126,32.295,4,26,1
L:\Comic Archives\#\Series\2000 AD\2000 AD - 2017\2000AD #2041 (2017).cbz,8071801,new,198.331,38.016,90.444,45.422,4,33,1
L:\Comic Archives\#\Series\2000 AD\2000 AD - 2017\2000AD #2042 (2017).cbz,9063599,new,367.76,36.38,86.679,236.518,4,28,1
L:\Comic Archives\#\Series\2000 AD\2000 AD - 2017\2000AD #2043 (2017).cbz,8084404,new,222.099,47.013,95.467,68.582,4,28,1
L:\Comic Archives\#\Series\2000 AD\2000 AD - 2017\2000AD #2044 (2017).cbz,8517537,new,215.32,65.388,97.705,41.209,4,30,1
L:\Comic Archives\#\Series\2000 AD\2000 AD - 2017\2000AD #2045 (2017).cbz,9492920,new,194.36,34.01,100.09,33.826,4,31,1
L:\Comic Archives\#\Series\2000 AD\2000 AD - 2017\2000AD #2046 (2017).cbz,9194502,new,179.681,31.381,83.46,48.357,4,34,1
L:\Comic Archives\#\Series\2000 AD\2000 AD - 2017\2000AD #2047 (2017).cbz,9355839,new,155.04,39.493,77.07,28.683,4,30,1
L:\Comic Archives\#\Series\2000 AD\2000 AD - 2017\2000AD #2048 (2017).cbz,9619866,new,157.486,41.647,82.124,24.175,4,30,1
L:\Comic Archives\#\Series\2000 AD\2000 AD - 2017\2000AD #2049 (2017).cbz,9589024,new,163.552,46.115,72.433,21.745,4,30,1
L:\Comic Archives\#\Series\2000 AD\2000 AD - 2017\2000AD #2050 (2017).cbz,12347640,new,166.014,40.981,82.139,30.851,4,36,1
L:\Comic Archives\#\Series\2000 AD\2000 AD - 2017\2000AD #2051 (2017).cbz,7334414,new,166.405,53.066,71.023,35.124,4,26,1
L:\Comic Archives\#\Series\2000 AD\2000 AD - 2017\2000AD #2052 (2017).cbz,7506328,new,165.689,30.743,89.398,37.493,4,30,1
L:\Comic Archives\#\Series\2000 AD\2000 AD - 2017\2000AD #2053 (2017).cbz,8555167,new,179.74,47.652,79.398,30.489,4,29,1
L:\Comic Archives\#\Series\2000 AD\2000 AD - 2017\2000AD #2054 (2017).cbz,9508831,new,205.78,33.853,119.777,44.404,4,28,1
L:\Comic Archives\#\Series\2000 AD\2000 AD - 2017\2000AD #2055 (2017).cbz,8329101,new,165.261,44.315,82.559,27.64,4,28,1
L:\Comic Archives\#\Series\2000 AD\2000 AD - 2017\2000AD #2056 (2017).cbz,8374281,new,213.109,46.306,115.229,41.585,4,32,1
L:\Comic Archives\#\Series\2000 AD\2000 AD - 2017\2000AD #2057 (2017).cbz,8655160,new,202.91,46.915,103.784,27.257,4,28,1
L:\Comic Archives\#\Series\2000 AD\2000 AD - 2017\2000AD #2058 (2017).cbz,8429461,new,181.78,42.71,83.78,46.704,4,28,1
L:\Comic Archives\#\Series\2000 AD\2000 AD - 2017\2000AD #2059 (2017).cbz,7902056,new,189.284,36.946,116.657,28.011,4,28,1
L:\Comic Archives\#\Series\2000 AD\2000 AD - 2017\2000AD #2060 (2017).cbz,8832484,new,181.79,49.469,85.573,38.763,4,24,1
L:\Comic Archives\#\Series\2000 AD\2000 AD - 2017\2000AD #2061 (2017).cbz,24326176,new,173.671,30.017,104.291,29.945,4,38,1
L:\Comic Archives\#\Series\2000 AD\2000 AD - 2018\2000AD #2062 (2018).cbz,9117220,new,215.193,43.798,119.982,44.349,4,26,1
L:\Comic Archives\#\Series\2000 AD\2000 AD - 2018\2000AD #2063 (2018).cbz,7588812,new,154.635,37.932,69.338,40.225,4,26,1
L:\Comic Archives\#\Series\2000 AD\2000 AD - 2018\2000AD #2064 (2018).cbz,7112965,new,258.1,79.186,94.192,53.823,4,26,1
L:\Comic Archives\#\Series\2000 AD\2000 AD - 2018\2000AD #2065 (2018).cbz,9108543,new,181.055,36.823,113.058,23.626,4,26,1
L:\Comic Archives\#\Series\2000 AD\2000 AD - 2018\2000AD #2066 (2018).cbz,7686464,new,172.975,55.278,80.601,29.51,4,26,1
L:\Comic Archives\#\Series\2000 AD\2000 AD - 2018\2000AD #2067 (2018).cbz,7800209,new,158.943,35.671,86.237,29.008,4,30,1
L:\Comic Archives\#\Series\2000 AD\2000 AD - 2018\2000AD #2068 (2018).cbz,9041113,new,206.802,42.872,96.482,39.062,4,26,1
L:\Comic Archives\#\Series\2000 AD\2000 AD - 2018\2000AD #2069 (2018).cbz,8200402,new,165.274,40.553,87.485,30.368,4,24,1
L:\Comic Archives\#\Series\2000 AD\2000 AD - 2018\2000AD #2070 (2018).cbz,7772444,new,172.919,33.895,84.624,47.503,4,24,1
L:\Comic Archives\#\Series\2000 AD\2000 AD - 2018\2000AD #2071 (2018).cbz,7840955,new,181.718,28.912,95.803,50.382,4,24,1
L:\Comic Archives\#\Series\2000 AD\2000 AD - 2018\2000AD #2072 (2018).cbz,9257187,new,237.217,35.394,127.746,42.276,4,27,1
L:\Comic Archives\#\Series\2000 AD\2000 AD - 2018\2000AD #2073 (2018).cbz,15064919,new,190.029,56.124,86.603,34.096,4,36,1
L:\Comic Archives\#\Series\2000 AD\2000 AD - 2018\2000AD #2074 (2018).cbz,8363237,new,153.681,54.281,62.004,28.417,4,28,1
L:\Comic Archives\#\Series\2000 AD\2000 AD - 2018\2000AD #2075 (2018).cbz,8412629,new,422.227,46.977,104.396,261.127,4,32,1
L:\Comic Archives\#\Series\2000 AD\2000 AD - 2018\2000AD #2076 (2018).cbz,8139753,new,263.496,58.322,85.246,70.645,4,28,1
L:\Comic Archives\#\Series\2000 AD\2000 AD - 2018\2000AD #2077 (2018).cbz,7789993,new,159.677,35.579,82.181,35.069,4,24,1
L:\Comic Archives\#\Series\2000 AD\2000 AD - 2018\2000AD #2078 (2018).cbz,7753986,new,150.677,42.671,80.244,20.228,4,28,1
L:\Comic Archives\#\Series\2000 AD\2000 AD - 2018\2000AD #2079 (2018).cbz,7880795,new,139.519,29.48,74.15,27.798,4,28,1
L:\Comic Archives\#\Series\2000 AD\2000 AD - 2018\2000AD #2080 (2018).cbz,7898821,new,175.383,33.829,80.955,31.735,4,32,1
L:\Comic Archives\#\Series\2000 AD\2000 AD - 2018\2000AD #2081 (2018).cbz,7730997,new,189.315,44.234,87.534,48.631,4,28,1
L:\Comic Archives\#\Series\2000 AD\2000 AD - 2018\2000AD #2082 (2018).cbz,9151910,new,207.51,39.588,121.457,38.068,4,30,1
L:\Comic Archives\#\Series\2000 AD\2000 AD - 2018\2000AD #2083 (2018).cbz,7440586,new,160.849,38.861,89.193,24.691,4,30,1
L:\Comic Archives\#\Series\2000 AD\2000 AD - 2018\2000AD #2084 (2018).cbz,8544697,new,200.488,36.394,105.466,33.25,4,34,1
L:\Comic Archives\#\Series\2000 AD\2000 AD - 2018\2000AD #2085 (2018).cbz,8703718,new,222.793,58.191,123.317,28.621,4,30,1
L:\Comic Archives\#\Series\2000 AD\2000 AD - 2018\2000AD #2086 (2018).cbz,8355900,new,181.496,38.825,93.411,40.841,4,32,1
L:\Comic Archives\#\Series\2000 AD\2000 AD - 2018\2000AD #2087 (2018).cbz,8461254,new,197.894,35.714,119.467,35.441,4,26,1
L:\Comic Archives\#\Series\2000 AD\2000 AD - 2018\2000AD #2088 (2018).cbz,8275604,new,193.572,30.258,78.905,56.147,4,30,1
L:\Comic Archives\#\Series\2000 AD\2000 AD - 2018\2000AD #2089 (2018).cbz,9655942,new,226.291,58.274,113.514,44.01,4,26,1
L:\Comic Archives\#\Series\2000 AD\2000 AD - 2018\2000AD #2090 (2018).cbz,10316443,new,208.695,47.652,107.065,46.112,4,27,1
L:\Comic Archives\#\Series\2000 AD\2000 AD - 2018\2000AD #2091 (2018).cbz,9871262,new,287.419,78.487,131.658,63.231,4,30,1
L:\Comic Archives\#\Series\2000 AD\2000 AD - 2018\2000AD #2092 (2018).cbz,8512215,new,296.449,79.824,112.304,37.155,4,28,1
L:\Comic Archives\#\Series\2000 AD\2000 AD - 2018\2000AD #2093 (2018).cbz,9621138,new,205.318,54.588,105.412,37.077,4,30,1
L:\Comic Archives\#\Series\2000 AD\2000 AD - 2018\2000AD #2094 (2018).cbz,9261735,new,224.107,54.094,116.737,39.095,4,30,1
L:\Comic Archives\#\Series\2000 AD\2000 AD - 2018\2000AD #2095 (2018).cbz,9948838,new,242.964,66.034,115.323,44.997,4,30,1
L:\Comic Archives\#\Series\2000 AD\2000 AD - 2018\2000AD #2096 (2018).cbz,8978723,new,253.692,69.008,103.308,43.165,4,30,1
L:\Comic Archives\#\Series\2000 AD\2000 AD - 2018\2000AD #2097 (2018).cbz,9324238,new,222.505,64.644,117.356,29.386,4,30,1
L:\Comic Archives\#\Series\2000 AD\2000 AD - 2018\2000AD #2098 (2018).cbz,9651162,new,214.256,58.696,108.191,36.195,4,30,1
L:\Comic Archives\#\Series\2000 AD\2000 AD - 2018\2000AD #2099 (2018).cbz,9517095,new,214.097,40.111,102.48,61.509,4,32,1
L:\Comic Archives\#\Series\2000 AD\2000 AD - 2018\2000AD #2100 (2018).cbz,15305307,new,261.971,55.655,121.308,51.066,4,32,1
L:\Comic Archives\#\Series\2000 AD\2000 AD - 2018\2000AD #2101 (2018).cbz,9024288,new,246.88,62.636,132.196,35.127,4,22,1
L:\Comic Archives\#\Series\2000 AD\2000 AD - 2018\2000AD #2102 (2018).cbz,7515290,new,189.889,55.858,93.488,29.748,4,22,1
L:\Comic Archives\#\Series\2000 AD\2000 AD - 2018\2000AD #2103 (2018).cbz,8515817,new,249.688,56.069,141.576,39.451,4,26,1
L:\Comic Archives\#\Series\2000 AD\2000 AD - 2018\2000AD #2104 (2018).cbz,8393278,new,214.14,57.421,95.276,25.039,4,30,1
L:\Comic Archives\#\Series\2000 AD\2000 AD - 2018\2000AD #2105 (2018).cbz,7591220,new,189.469,57.561,83.065,32.762,4,26,1
L:\Comic Archives\#\Series\2000 AD\2000 AD - 2018\2000AD #2106 (2018).cbz,8524170,new,175.496,52.805,74.909,39.138,4,26,1
L:\Comic Archives\#\Series\2000 AD\2000 AD - 2018\2000AD #2107 (2018).cbz,7981733,new,389.732,56.099,76.259,245.419,4,26,1
L:\Comic Archives\#\Series\2000 AD\2000 AD - 2018\2000AD #2108 (2018).cbz,8861394,new,304.991,83.19,95.298,100.383,4,26,1
L:\Comic Archives\#\Series\2000 AD\2000 AD - 2018\2000AD #2109 (2018).cbz,9171681,new,296.651,90.428,124.98,70.17,4,20,1
L:\Comic Archives\#\Series\2000 AD\2000 AD - 2018\2000AD #2110 (2018).cbz,8754614,new,285.555,102.51,135.638,38.521,4,22,1
L:\Comic Archives\#\Series\2000 AD\2000 AD - 2018\2000AD #2111 (2018).cbz,27889707,new,255.003,64.467,109.953,63.785,4,44,1
L:\Comic Archives\#\Series\2000 AD\2000 AD - 2019\2000AD #2112 (2019).cbz,10003665,new,253.554,70.319,104.758,65.588,4,28,1
L:\Comic Archives\#\Series\2000 AD\2000 AD - 2019\2000AD #2113 (2019).cbz,9266605,new,229.466,63.892,104.706,45.868,4,32,1
L:\Comic Archives\#\Series\2000 AD\2000 AD - 2019\2000AD #2114 (2019).cbz,8333158,new,188.674,45.038,94.049,39.143,4,28,1
L:\Comic Archives\#\Series\2000 AD\2000 AD - 2019\2000AD #2115 (2019).cbz,8001391,new,289.061,67.081,123.179,65.547,4,32,1
L:\Comic Archives\#\Series\2000 AD\2000 AD - 2019\2000AD #2116 (2019).cbz,7077453,new,254.818,121.106,84.451,37.571,4,24,1
L:\Comic Archives\#\Series\2000 AD\2000 AD - 2019\2000AD #2117 (2019).cbz,8377433,new,173.399,42.556,93.645,29.823,4,28,1
L:\Comic Archives\#\Series\2000 AD\2000 AD - 2019\2000AD #2118 (2019).cbz,8118733,new,173.08,31.277,105.187,29.444,4,26,1
L:\Comic Archives\#\Series\2000 AD\2000 AD - 2019\2000AD #2119 (2019).cbz,8436610,new,235.181,75.859,109.464,27.286,4,29,1
L:\Comic Archives\#\Series\2000 AD\2000 AD - 2019\2000AD #2120 (2019).cbz,8535294,new,198.717,38.344,110.835,42.134,4,28,1
L:\Comic Archives\#\Series\2000 AD\2000 AD - 2019\2000AD #2121 (2019).cbz,8414155,new,238.289,51.145,126.372,46.419,4,28,1
L:\Comic Archives\#\Series\2000 AD\2000 AD - 2019\2000AD #2122 (2019).cbz,8428948,new,237.787,78.335,104.716,40.375,4,28,1
L:\Comic Archives\#\Series\2000 AD\2000 AD - 2019\2000AD #2123 (2019).cbz,10635672,new,189.044,67.764,61.303,30.434,4,26,1
L:\Comic Archives\#\Series\2000 AD\2000 AD - 2019\2000AD #2124 (2019).cbz,11299262,new,221.278,66.816,101.969,33.452,4,36,1
L:\Comic Archives\#\Series\2000 AD\2000 AD - 2019\2000AD #2125 (2019).cbz,9004017,new,214.972,53.805,112.579,36.926,4,32,1
L:\Comic Archives\#\Series\2000 AD\2000 AD - 2019\2000AD #2126 (2019).cbz,9392119,new,197.893,51.163,87.39,46.206,4,28,1
L:\Comic Archives\#\Series\2000 AD\2000 AD - 2019\2000AD #2127 (2019).cbz,8926429,new,190.057,40.294,82.412,39.347,4,28,1
L:\Comic Archives\#\Series\2000 AD\2000 AD - 2019\2000AD #2128 (2019).cbz,8836080,new,189.895,45.628,90.007,28.819,4,31,1
L:\Comic Archives\#\Series\2000 AD\2000 AD - 2019\2000AD #2129 (2019).cbz,8379033,new,214.919,64.078,108.414,24.987,4,28,1
L:\Comic Archives\#\Series\2000 AD\2000 AD - 2019\2000AD #2130 (2019).cbz,16247012,new,145.627,30.973,83.939,18.497,4,39,1
L:\Comic Archives\#\Series\2000 AD\2000 AD - 2019\2000AD #2131 (2019).cbz,9254156,new,164.879,43.772,66.823,37.818,4,27,1
L:\Comic Archives\#\Series\2000 AD\2000 AD - 2019\2000AD #2132 (2019).cbz,8119744,new,199.791,60.086,89.516,36.181,4,26,1
L:\Comic Archives\#\Series\2000 AD\2000 AD - 2019\2000AD #2133 (2019).cbz,8547354,new,185.756,54.48,84.276,37.516,4,26,1
L:\Comic Archives\#\Series\2000 AD\2000 AD - 2019\2000AD #2134 (2019).cbz,8976883,new,197.431,53.862,78.87,46.722,4,30,1
L:\Comic Archives\#\Series\2000 AD\2000 AD - 2019\2000AD #2135 (2019).cbz,8524187,new,229.111,69.352,92.695,35.366,4,22,1
L:\Comic Archives\#\Series\2000 AD\2000 AD - 2019\2000AD #2136 (2019).cbz,8887149,new,171.413,40.367,96.611,24.44,4,24,1
L:\Comic Archives\#\Series\2000 AD\2000 AD - 2019\2000AD #2137 (2019).cbz,9907445,new,229.886,58.899,115.083,39.201,4,29,1
L:\Comic Archives\#\Series\2000 AD\2000 AD - 2019\2000AD #2138 (2019).cbz,10429527,new,190.391,29.696,109.865,43.359,4,28,1
L:\Comic Archives\#\Series\2000 AD\2000 AD - 2019\2000AD #2139 (2019).cbz,8457357,new,214.603,54.535,88.495,40.795,4,28,1
L:\Comic Archives\#\Series\2000 AD\2000 AD - 2019\2000AD #2140 (2019).cbz,10145641,new,499.102,37.747,113.223,339.851,4,32,1
L:\Comic Archives\#\Series\2000 AD\2000 AD - 2019\2000AD #2141 (2019).cbz,9897047,new,261.264,71.081,117.561,60.927,4,28,1
L:\Comic Archives\#\Series\2000 AD\2000 AD - 2019\2000AD #2142 (2019).cbz,8364926,new,242.631,66.517,96.636,62.137,4,28,1
L:\Comic Archives\#\Series\2000 AD\2000 AD - 2019\2000AD #2143 (2019).cbz,9118635,new,188.758,62.672,64.029,35.299,4,28,1
L:\Comic Archives\#\Series\2000 AD\2000 AD - 2019\2000AD #2144 (2019).cbz,9260865,new,212.619,60.895,91.485,45.973,4,32,1
L:\Comic Archives\#\Series\2000 AD\2000 AD - 2019\2000AD #2145 (2019).cbz,8577043,new,253.871,62.668,138.486,38.9,4,29,1
L:\Comic Archives\#\Series\2000 AD\2000 AD - 2019\2000AD #2146 (2019).cbz,7639976,new,197.681,47.267,97.558,42.714,4,26,1
L:\Comic Archives\#\Series\2000 AD\2000 AD - 2019\2000AD #2147 (2019).cbz,7307704,new,171.697,65.29,67.277,27.022,4,28,1
L:\Comic Archives\#\Series\2000 AD\2000 AD - 2019\2000AD #2148 (2019).cbz,7251345,new,182.127,52.088,78.846,40.035,4,28,1
L:\Comic Archives\#\Series\2000 AD\2000 AD - 2019\2000AD #2149 (2019).cbz,8206811,new,181.312,36.585,99.283,38.527,4,24,1
L:\Comic Archives\#\Series\2000 AD\2000 AD - 2019\2000AD #2150 (2019).cbz,16414044,new,279.178,24.495,198.325,25.015,4,38,1
L:\Comic Archives\#\Series\2000 AD\2000 AD - 2019\2000AD #2151 (2019).cbz,8180155,new,215.397,43.517,81.903,55.81,4,32,1
L:\Comic Archives\#\Series\2000 AD\2000 AD - 2019\2000AD #2152 (2019).cbz,8446170,new,251.682,60.286,106.142,70.754,4,28,1
L:\Comic Archives\#\Series\2000 AD\2000 AD - 2019\2000AD #2153 (2019).cbz,8961265,new,187.398,67.271,72.887,32.873,4,28,1
L:\Comic Archives\#\Series\2000 AD\2000 AD - 2019\2000AD #2154 (2019).cbz,8498731,new,206.353,72.749,89.903,31.738,4,28,1
L:\Comic Archives\#\Series\2000 AD\2000 AD - 2019\2000AD #2155 (2019).cbz,8243089,new,214.851,58.7,82.292,45.705,4,28,1
L:\Comic Archives\#\Series\2000 AD\2000 AD - 2019\2000AD #2156 (2019).cbz,8287615,new,172.559,33.086,84.642,46.343,4,28,1
L:\Comic Archives\#\Series\2000 AD\2000 AD - 2019\2000AD #2157 (2019).cbz,8547757,new,229.679,67.718,100.516,48.644,4,28,1
L:\Comic Archives\#\Series\2000 AD\2000 AD - 2019\2000AD #2158 (2019).cbz,7917419,new,187.803,55.979,86.207,33.186,4,28,1
L:\Comic Archives\#\Series\2000 AD\2000 AD - 2019\2000AD #2159 (2019).cbz,7643409,new,197.966,56.94,73.856,38.875,4,32,1
L:\Comic Archives\#\Series\2000 AD\2000 AD - 2019\2000AD #2160 (2019).cbz,8481212,new,173.503,34.102,94.099,35.674,4,28,1
L:\Comic Archives\#\Series\2000 AD\2000 AD - 2019\2000AD #2161 (2019).cbz,8160361,new,187.679,60.454,80.081,33.289,4,28,1
L:\Comic Archives\#\Series\2000 AD\2000 AD - 2019\2000AD #2162 (2019).cbz,24791618,new,214.303,77.473,84.786,38.502,4,38,1
L:\Comic Archives\#\Series\2000 AD\2000 AD - 2020\2000AD #2163 (2020).cbz,8771643,new,168.914,39.094,92.782,29.108,4,30,1
L:\Comic Archives\#\Series\2000 AD\2000 AD - 2020\2000AD #2164 (2020).cbz,9174070,new,175.353,35.257,97.207,35.927,4,26,1
L:\Comic Archives\#\Series\2000 AD\2000 AD - 2020\2000AD #2165 (2020).cbz,9088033,new,187.648,37.467,103.39,23.657,4,26,1
L:\Comic Archives\#\Series\2000 AD\2000 AD - 2020\2000AD #2166 (2020).cbz,8673639,new,248.588,73.146,86.802,59.597,4,29,1
L:\Comic Archives\#\Series\2000 AD\2000 AD - 2020\2000AD #2167 (2020).cbz,8421578,new,204.801,60.828,83.581,46.928,4,30,1
L:\Comic Archives\#\Series\2000 AD\2000 AD - 2020\2000AD #2168 (2020).cbz,7987816,new,198.878,37.056,97.985,47.387,4,28,1
L:\Comic Archives\#\Series\2000 AD\2000 AD - 2020\2000AD #2169 (2020).cbz,8408149,new,210.322,65.824,91.475,39.305,4,26,1
L:\Comic Archives\#\Series\2000 AD\2000 AD - 2020\2000AD #2170 (2020).cbz,14687064,new,188.702,49.4,72.968,28.286,4,33,1
L:\Comic Archives\#\Series\2000 AD\2000 AD - 2020\2000AD #2171 (2020).cbz,9004930,new,213.255,65.014,89.682,48.087,4,28,1
L:\Comic Archives\#\Series\2000 AD\2000 AD - 2020\2000AD #2172 (2020).cbz,7926437,new,527.412,57.144,127.55,331.564,4,30,1
L:\Comic Archives\#\Series\2000 AD\2000 AD - 2020\2000AD #2173 (2020).cbz,8701124,new,274.087,121.801,83.982,52.266,4,26,1
L:\Comic Archives\#\Series\2000 AD\2000 AD - 2020\2000AD #2174 (2020).cbz,8120585,new,212.802,64.872,82.288,41.23,4,26,1
L:\Comic Archives\#\Series\2000 AD\2000 AD - 2020\2000AD #2175 (2020).cbz,8292572,new,187.253,59.498,80.186,34.757,4,28,1
L:\Comic Archives\#\Series\2000 AD\2000 AD - 2020\2000AD #2176 (2020).cbz,8654636,new,181.395,53.436,76.73,43.11,4,28,1
L:\Comic Archives\#\Series\2000 AD\2000 AD - 2020\2000AD #2177 (2020).cbz,7989574,new,187.492,50.217,82.34,39.047,4,28,1
L:\Comic Archives\#\Series\2000 AD\2000 AD - 2020\2000AD #2178 (2020).cbz,8036905,new,206.45,56.055,81.92,40.212,4,28,1
L:\Comic Archives\#\Series\2000 AD\2000 AD - 2020\2000AD #2179 (2020).cbz,8508654,new,215.299,51.839,93.35,58.637,4,28,1
L:\Comic Archives\#\Series\2000 AD\2000 AD - 2020\2000AD #2180 (2020).cbz,8412368,new,204.102,63.646,97.117,28.91,4,28,1
L:\Comic Archives\#\Series\2000 AD\2000 AD - 2020\2000AD #2181 (2020).cbz,8329124,new,180.98,36.667,90.661,36.95,4,28,1
L:\Comic Archives\#\Series\2000 AD\2000 AD - 2020\2000AD #2182 (2020).cbz,8475849,new,214.583,64.249,94.129,29.322,4,31,1
L:\Comic Archives\#\Series\2000 AD\2000 AD - 2020\2000AD #2183 (2020).cbz,13040183,new,198.248,66.933,83.885,34.305,4,29,1
L:\Comic Archives\#\Series\2000 AD\2000 AD - 2020\2000AD #2184 (2020).cbz,7318404,new,181.503,50.109,79.64,38.555,4,35,1
L:\Comic Archives\#\Series\2000 AD\2000 AD - 2020\2000AD #2185 (2020).cbz,8301145,new,178.396,31.767,93.312,45.798,4,28,1
L:\Comic Archives\#\Series\2000 AD\2000 AD - 2020\2000AD #2186 (2020).cbz,9216726,new,272.91,54.647,129.06,48.719,4,32,1
L:\Comic Archives\#\Series\2000 AD\2000 AD - 2020\2000AD #2187 (2020).cbz,9400079,new,277.075,122.589,115.425,26.695,4,28,1
L:\Comic Archives\#\Series\2000 AD\2000 AD - 2020\2000AD #2188 (2020).cbz,8095519,new,187.864,25.521,111.967,42.476,4,28,1
L:\Comic Archives\#\Series\2000 AD\2000 AD - 2020\2000AD #2189 (2020).cbz,7643809,new,191.046,51.501,74.282,52.682,4,32,1
L:\Comic Archives\#\Series\2000 AD\2000 AD - 2020\2000AD #2190 (2020).cbz,7584665,new,214.264,36.465,85.18,62.651,4,28,1
L:\Comic Archives\#\Series\2000 AD\2000 AD - 2020\2000AD #2191 (2020).cbz,8271599,new,172.909,53.892,75.619,35.894,4,28,1
L:\Comic Archives\#\Series\2000 AD\2000 AD - 2020\2000AD #2192 (2020).cbz,8693334,new,190.941,44.602,89.383,49.477,4,28,1
L:\Comic Archives\#\Series\2000 AD\2000 AD - 2020\2000AD #2193 (2020).cbz,8505502,new,169.569,42.753,86.569,32.613,4,28,1
L:\Comic Archives\#\Series\2000 AD\2000 AD - 2020\2000AD #2194 (2020).cbz,8756747,new,205.756,56.371,86.838,39.151,4,26,1
L:\Comic Archives\#\Series\2000 AD\2000 AD - 2020\2000AD #2195 (2020).cbz,8941867,new,165.543,39.241,84.783,33.301,4,26,1
L:\Comic Archives\#\Series\2000 AD\2000 AD - 2020\2000AD #2196 (2020).cbz,15858228,new,263.406,52.562,121.506,73.611,4,29,1
L:\Comic Archives\#\Series\2000 AD\2000 AD - 2020\2000AD #2197 (2020).cbz,7765319,new,255.261,115.436,74.561,49.206,4,28,1
L:\Comic Archives\#\Series\2000 AD\2000 AD - 2020\2000AD #2198 (2020).cbz,7790003,new,288.4,78.168,100.032,77.868,4,30,1
L:\Comic Archives\#\Series\2000 AD\2000 AD - 2020\2000AD #2199 (2020).cbz,8266605,new,229.658,63.852,111.36,35.191,4,26,1
L:\Comic Archives\#\Series\2000 AD\2000 AD - 2020\2000AD #2200 (2020).cbz,13948547,new,189.59,42.05,102.527,35.661,4,33,1
L:\Comic Archives\#\Series\2000 AD\2000 AD - 2020\2000AD #2201 (2020).cbz,7840689,new,223.942,51.859,90.497,70.785,4,26,1
L:\Comic Archives\#\Series\2000 AD\2000 AD - 2020\2000AD #2202 (2020).cbz,7585794,new,212.698,43.554,95.024,51.187,4,28,1
L:\Comic Archives\#\Series\2000 AD\2000 AD - 2020\2000AD #2203 (2020).cbz,12608362,new,264.543,74.888,131.181,43.08,4,28,1
L:\Comic Archives\#\Series\2000 AD\2000 AD - 2020\2000AD #2204 (2020).cbz,8303244,new,220.732,58.091,114.851,37.984,4,26,1
L:\Comic Archives\#\Series\2000 AD\2000 AD - 2020\2000AD #2205 (2020).cbz,14695505,new,532.332,52.195,194.682,277.112,4,26,1
L:\Comic Archives\#\Series\2000 AD\2000 AD - 2020\2000AD #2206 (2020).cbz,13569323,new,265.497,66.974,84.786,74.604,4,29,1
L:\Comic Archives\#\Series\2000 AD\2000 AD - 2020\2000AD #2207 (2020).cbz,8591186,new,223.449,57.676,111.222,39.239,4,26,1
L:\Comic Archives\#\Series\2000 AD\2000 AD - 2020\2000AD #2208 (2020).cbz,8304893,new,189.912,47.745,97.503,34.75,4,30,1
L:\Comic Archives\#\Series\2000 AD\2000 AD - 2020\2000AD #2209 (2020).cbz,7700747,new,205.041,64.711,83.915,40.622,4,26,1
L:\Comic Archives\#\Series\2000 AD\2000 AD - 2020\2000AD #2210 (2020).cbz,7847637,new,194.001,74.228,74.905,32.361,4,26,1
L:\Comic Archives\#\Series\2000 AD\2000 AD - 2020\2000AD #2211 (2020).cbz,7870519,new,166.152,46.577,83.787,22.244,4,29,1
L:\Comic Archives\#\Series\2000 AD\2000 AD - 2020\2000AD #2212 (2020).cbz,25920036,new,202.978,54.182,104.701,28.597,4,48,1
L:\Comic Archives\#\Series\2000 AD\2000 AD - 2021\2000AD #2213 (2021).cbz,9867324,new,269.006,77.126,123.287,37.9,4,26,1
L:\Comic Archives\#\Series\2000 AD\2000 AD - 2021\2000AD #2214 (2021).cbz,8811008,new,195.001,59.597,86.058,40.374,4,26,1
L:\Comic Archives\#\Series\2000 AD\2000 AD - 2021\2000AD #2215 (2021).cbz,8182231,new,214.635,48.885,118.927,37.493,4,30,1
L:\Comic Archives\#\Series\2000 AD\2000 AD - 2021\2000AD #2216 (2021).cbz,7946694,new,182.477,41.956,105.521,25.05,4,26,1
L:\Comic Archives\#\Series\2000 AD\2000 AD - 2021\2000AD #2217 (2021).cbz,7801368,new,250.129,75.525,106.399,34.305,4,28,1
L:\Comic Archives\#\Series\2000 AD\2000 AD - 2021\2000AD #2218 (2021).cbz,7693313,new,165.099,52.196,64.333,34.913,4,26,1
L:\Comic Archives\#\Series\2000 AD\2000 AD - 2021\2000AD #2219 (2021).cbz,8261908,new,243.578,69.854,105.222,57.747,4,28,1
L:\Comic Archives\#\Series\2000 AD\2000 AD - 2021\2000AD #2220 (2021).cbz,13740977,new,201.447,71.653,83.312,32.64,4,27,1
L:\Comic Archives\#\Series\2000 AD\2000 AD - 2021\2000AD #2221 (2021).cbz,8606923,new,240.072,69.006,87.198,55.26,4,32,1
L:\Comic Archives\#\Series\2000 AD\2000 AD - 2021\2000AD #2222 (2021).cbz,7906844,new,191.955,45.009,82.547,55.652,4,28,1
L:\Comic Archives\#\Series\2000 AD\2000 AD - 2021\2000AD #2223 (2021).cbz,7386196,new,165.002,50.617,68.103,37.088,4,28,1
L:\Comic Archives\#\Series\2000 AD\2000 AD - 2021\2000AD #2224 (2021).cbz,9818983,new,204.437,38.32,116.313,43.027,4,24,1
L:\Comic Archives\#\Series\2000 AD\2000 AD - 2021\2000AD #2225 (2021).cbz,9056848,new,220.876,64.279,82.177,46.631,4,28,1
L:\Comic Archives\#\Series\2000 AD\2000 AD - 2021\2000AD #2226 (2021).cbz,8807289,new,186.909,57.768,88.208,27.395,4,28,1
L:\Comic Archives\#\Series\2000 AD\2000 AD - 2021\2000AD #2227 (2021).cbz,9047077,new,173.047,30.965,86.805,46.974,4,32,1
L:\Comic Archives\#\Series\2000 AD\2000 AD - 2021\2000AD #2228 (2021).cbz,8851699,new,189.84,57.93,81.465,38.293,4,28,1
L:\Comic Archives\#\Series\2000 AD\2000 AD - 2021\2000AD #2229 (2021).cbz,8766906,new,197.203,43.565,74.819,53.48,4,28,1
L:\Comic Archives\#\Series\2000 AD\2000 AD - 2021\2000AD #2230 (2021).cbz,9113891,new,212.263,70.545,83.657,45.215,4,32,1
L:\Comic Archives\#\Series\2000 AD\2000 AD - 2021\2000AD #2231 (2021).cbz,8477995,new,181.494,47.943,88.254,35.263,4,28,1
L:\Comic Archives\#\Series\2000 AD\2000 AD - 2021\2000AD #2232 (2021).cbz,8569184,new,156.529,46.034,66.46,36.47,4,28,1
L:\Comic Archives\#\Series\2000 AD\2000 AD - 2021\2000AD #2233 (2021).cbz,13252520,new,207.215,61.36,82.243,28.596,4,29,1
L:\Comic Archives\#\Series\2000 AD\2000 AD - 2021\2000AD #2234 (2021).cbz,9347172,new,180.66,53.371,73.785,37.439,4,30,1
L:\Comic Archives\#\Series\2000 AD\2000 AD - 2021\2000AD #2235 (2021).cbz,9868884,new,408.138,35.511,106.177,250.311,4,28,1
L:\Comic Archives\#\Series\2000 AD\2000 AD - 2021\2000AD #2236 (2021).cbz,9052867,new,257.661,80.099,83.034,79.838,4,34,1
L:\Comic Archives\#\Series\2000 AD\2000 AD - 2021\2000AD #2237 (2021).cbz,8461067,new,213.807,72.667,82.512,33.861,4,30,1
L:\Comic Archives\#\Series\2000 AD\2000 AD - 2021\2000AD #2238 (2021).cbz,9665984,new,223.087,42.301,136.472,34.192,4,28,1
L:\Comic Archives\#\Series\2000 AD\2000 AD - 2021\2000AD #2239 (2021).cbz,9307953,new,189.341,44.217,102.567,29.37,4,28,1
L:\Comic Archives\#\Series\2000 AD\2000 AD - 2021\2000AD #2240 (2021).cbz,9279064,new,183.545,59.069,84.686,27.118,4,32,1
L:\Comic Archives\#\Series\2000 AD\2000 AD - 2021\2000AD #2241 (2021).cbz,9273421,new,213.49,62.486,81.269,35.026,4,28,1
L:\Comic Archives\#\Series\2000 AD\2000 AD - 2021\2000AD #2242 (2021).cbz,9179347,new,165.515,49.585,72.055,33.809,4,28,1
L:\Comic Archives\#\Series\2000 AD\2000 AD - 2021\2000AD #2243 (2021).cbz,10110830,new,172.194,28.021,103.873,31.158,4,29,1
L:\Comic Archives\#\Series\2000 AD\2000 AD - 2021\2000AD #2244 (2021).cbz,9168906,new,170.628,48.449,85.561,20.894,4,28,1
L:\Comic Archives\#\Series\2000 AD\2000 AD - 2021\2000AD #2245 (2021).cbz,9220150,new,210.838,64.032,81.536,35.672,4,29,1
L:\Comic Archives\#\Series\2000 AD\2000 AD - 2021\2000AD #2246 (2021).cbz,14791231,new,189.629,54.188,70.623,49.925,4,31,1
L:\Comic Archives\#\Series\2000 AD\2000 AD - 2021\2000AD #2247 (2021).cbz,7246901,new,151.217,41.553,75.049,24.363,4,32,1
L:\Comic Archives\#\Series\2000 AD\2000 AD - 2021\2000AD #2248 (2021).cbz,8374130,new,215.07,29.414,132.667,35.698,4,28,1
L:\Comic Archives\#\Series\2000 AD\2000 AD - 2021\2000AD #2249 (2021).cbz,7835609,new,247.379,80.505,90.841,38.44,4,28,1
L:\Comic Archives\#\Series\2000 AD\2000 AD - 2021\2000AD #2250 (2021).cbz,13243019,new,164.727,46.854,70.207,28.153,4,38,1
L:\Comic Archives\#\Series\2000 AD\2000 AD - 2021\2000AD #2251 (2021).cbz,7501893,new,189.303,43.297,89.637,34.34,4,30,1
L:\Comic Archives\#\Series\2000 AD\2000 AD - 2021\2000AD #2252 (2021).cbz,8034281,new,216.773,50.142,95.316,53.501,4,34,1
L:\Comic Archives\#\Series\2000 AD\2000 AD - 2021\2000AD #2253 (2021).cbz,8117288,new,212.33,63.478,79.325,31.966,4,30,1
L:\Comic Archives\#\Series\2000 AD\2000 AD - 2021\2000AD #2254 (2021).cbz,7972360,new,180.544,61.875,75.939,24.91,4,30,1
L:\Comic Archives\#\Series\2000 AD\2000 AD - 2021\2000AD #2255 (2021).cbz,7855939,new,156.924,38.84,80.951,29.273,4,30,1
L:\Comic Archives\#\Series\2000 AD\2000 AD - 2021\2000AD #2256 (2021).cbz,12844793,new,200.493,67.538,79.805,42.715,4,28,1
L:\Comic Archives\#\Series\2000 AD\2000 AD - 2021\2000AD #2257 (2021).cbz,8149054,new,220.351,59.5,82.074,39.596,4,29,1
L:\Comic Archives\#\Series\2000 AD\2000 AD - 2021\2000AD #2258 (2021).cbz,7590631,new,198.168,64.761,74.89,46.243,4,26,1
L:\Comic Archives\#\Series\2000 AD\2000 AD - 2021\2000AD #2259 (2021).cbz,7616668,new,185.773,59.901,79.823,29.085,4,26,1
L:\Comic Archives\#\Series\2000 AD\2000 AD - 2021\2000AD #2260 (2021).cbz,9516950,new,193.305,33.363,120.913,32.044,4,26,1
L:\Comic Archives\#\Series\2000 AD\2000 AD - 2021\2000AD #2261 (2021).cbz,10555644,new,203.181,60.127,105.854,26.441,4,22,1
L:\Comic Archives\#\Series\2000 AD\2000 AD - 2021\2000AD #2262 (2021).cbz,29379155,new,240.898,81.038,112.973,32.711,4,36,1
L:\Comic Archives\#\Series\2000 AD\2000 AD - 2022\2000AD #2284 (2022).cbz,37830891,new,196.283,56.249,97.817,28.942,4,28,1
L:\Comic Archives\#\Series\2000 AD\2000 AD - 2022\2000AD #2285 (2022).cbz,34726791,new,245.398,65.077,104.779,42.436,4,31,1
L:\Comic Archives\#\Series\2000 AD\2000 AD - 2022\2000AD #2286 (2022).cbz,35061858,new,198.47,52.071,98.73,33.743,4,30,1
L:\Comic Archives\#\Series\2000 AD\2000 AD - 2022\2000AD #2287 (2022).cbz,38303596,new,199.003,52.959,104.011,29.936,4,28,1
L:\Comic Archives\#\Series\2000 AD\2000 AD - 2022\2000AD #2288 (2022).cbz,66330461,new,453.88,54.515,102.87,286.008,4,28,1
L:\Comic Archives\#\Series\2000 AD\2000 AD - 2022\2000AD #2289 (2022).cbz,38789967,new,248.317,61.475,98.487,51.434,4,26,1
L:\Comic Archives\#\Series\2000 AD\2000 AD - 2022\2000AD #2290 (2022).cbz,38088635,new,246.68,66.149,110.248,54.982,4,22,1
L:\Comic Archives\#\Series\2000 AD\2000 AD - 2022\2000AD #2291 (2022).cbz,39570344,new,237.51,74.663,121.843,26.677,4,26,1
L:\Comic Archives\#\Series\2000 AD\2000 AD - 2022\2000AD #2292 (2022).cbz,40089375,new,197.417,32.273,127.95,30.065,4,26,1
L:\Comic Archives\#\Series\2000 AD\2000 AD - 2022\2000AD #2293 (2022).cbz,40374129,new,289.203,72.941,151.493,30.175,4,26,1
L:\Comic Archives\#\Series\2000 AD\2000 AD - 2022\2000AD #2294 (2022).cbz,39557554,new,189.491,54.565,95.231,28.304,4,26,1
L:\Comic Archives\#\Series\2000 AD\2000 AD - 2022\2000AD #2295 (2022).cbz,42333410,new,238.802,60.767,132.051,36.772,4,24,1
L:\Comic Archives\#\Series\2000 AD\2000 AD - 2022\2000AD #2296 (2022).cbz,75599494,new,256.209,66.58,142.382,37.296,4,30,1
L:\Comic Archives\#\Series\2000 AD\2000 AD - 2022\2000AD #2297 (2022).cbz,40913182,new,246.264,61.791,116.948,33.821,4,29,1
L:\Comic Archives\#\Series\2000 AD\2000 AD - 2022\2000AD #2298 (2022).cbz,40433422,new,198.309,50.494,106.699,26.143,4,28,1
L:\Comic Archives\#\Series\2000 AD\2000 AD - 2022\2000AD #2299 (2022).cbz,39587443,new,199.059,47.921,104.548,36.907,4,28,1
L:\Comic Archives\#\Series\2000 AD\2000 AD - 2022\2000AD #2300 (2022).cbz,81943909,new,256.22,60.378,111.549,58.168,4,43,1
L:\Comic Archives\#\Series\2000 AD\2000 AD - 2022\2000AD #2301 (2022).cbz,49137244,new,227.339,60.432,107.867,33.549,4,29,1
L:\Comic Archives\#\Series\2000 AD\2000 AD - 2022\2000AD #2302 (2022).cbz,37117676,new,198.537,34.44,106.054,50.579,4,28,1
L:\Comic Archives\#\Series\2000 AD\2000 AD - 2022\2000AD #2303 (2022).cbz,44229587,new,226.079,72.755,95.593,40.486,4,26,1
L:\Comic Archives\#\Series\2000 AD\2000 AD - 2022\2000AD #2304 (2022).cbz,43635858,new,206.053,33.031,129.924,29.826,4,26,1
L:\Comic Archives\#\Series\2000 AD\2000 AD - 2022\2000AD #2305 (2022).cbz,40982238,new,239.241,50.795,153.421,26.787,4,26,1
L:\Comic Archives\#\Series\2000 AD\2000 AD - 2022\2000AD #2306 (2022).cbz,68162914,new,222.488,49.65,121.775,35.291,4,29,1
L:\Comic Archives\#\Series\2000 AD\2000 AD - 2022\2000AD #2307 (2022).cbz,49227971,new,186.309,21.754,102.604,54.926,4,26,1
L:\Comic Archives\#\Series\2000 AD\2000 AD - 2022\2000AD #2308 (2022).cbz,45307198,new,245.993,57.099,145.253,36.512,4,26,1
L:\Comic Archives\#\Series\2000 AD\2000 AD - 2022\2000AD #2309 (2022).cbz,45492934,new,235.125,72.31,117.755,28.546,4,22,1
L:\Comic Archives\#\Series\2000 AD\2000 AD - 2022\2000AD #2310 (2022).cbz,39487671,new,170.716,50.837,84.107,27.76,4,28,1
L:\Comic Archives\#\Series\2000 AD\2000 AD - 2022\2000AD #2311 (2022).cbz,41121466,new,216.793,54.37,115.969,36.858,4,24,1
L:\Comic Archives\#\Series\2000 AD\2000 AD - 2022\2000AD #2312 (2022).cbz,121485815,new,246.13,78.028,111.781,36.111,4,45,1
L:\Comic Archives\#\Series\2000 AD\2000 AD - 2022\2000AD #2313 (2022).cbz,8659344,new,195.834,59.022,84.86,28.392,4,28,1
L:\Comic Archives\#\Series\2000 AD\2000 AD - 2022\2000AD #2314 (2022).cbz,8288240,new,151.587,29.263,81.537,32.99,4,30,1
L:\Comic Archives\#\Series\2000 AD\2000 AD - 2022\2000AD #2315 (2022).cbz,8919847,new,156.882,33.586,87.024,29.21,4,26,1
L:\Comic Archives\#\Series\2000 AD\2000 AD - 2022\2000AD #2316 (2022).cbz,8994591,new,165.58,54.512,68.822,31.494,4,26,1
L:\Comic Archives\#\Series\2000 AD\2000 AD - 2022\2000AD #2317 (2022).cbz,8300530,new,185.328,61.383,71.322,27.708,4,28,1
L:\Comic Archives\#\Series\2000 AD\2000 AD - 2022\2000AD #2318 (2022).cbz,9826040,new,179.846,53.181,89.396,27.272,4,24,1
L:\Comic Archives\#\Series\2000 AD\2000 AD - 2022\2000AD #2319 (2022).cbz,10447109,new,433.253,57.512,90.63,277.292,4,28,1
L:\Comic Archives\#\Series\2000 AD\2000 AD - 2022\2000AD #2320 (2022).cbz,15735005,new,317.281,97.166,128.878,73.009,4,34,1
L:\Comic Archives\#\Series\2000 AD\2000 AD - 2022\2000AD #2321 (2022).cbz,9343217,new,266.563,54.685,101.538,38.382,4,28,1
L:\Comic Archives\#\Series\2000 AD\2000 AD - 2022\2000AD #2322 (2022).cbz,8848562,new,184.443,59.22,84.687,28.479,4,28,1
L:\Comic Archives\#\Series\2000 AD\2000 AD - 2022\2000AD #2323 (2022).cbz,8161376,new,171.439,45.604,73.603,45.139,4,26,1
L:\Comic Archives\#\Series\2000 AD\2000 AD - 2022\2000AD #2324 (2022).cbz,8148247,new,307.872,62.144,107.082,124.603,4,26,1
L:\Comic Archives\#\Series\2000 AD\2000 AD - 2022\2000AD #2325 (2022).cbz,8292108,new,210.279,58.308,81.891,28.304,4,26,1
L:\Comic Archives\#\Series\2000 AD\2000 AD - 2022\2000AD #2326 (2022).cbz,8604177,new,156.071,44.776,77.076,23.795,4,28,1
L:\Comic Archives\#\Series\2000 AD\2000 AD - 2022\2000AD #2327 (2022).cbz,8512668,new,191.353,65.247,83.676,29.205,4,28,1
L:\Comic Archives\#\Series\2000 AD\2000 AD - 2022\2000AD #2328 (2022).cbz,9055708,new,165.201,43.892,80.521,32.631,4,28,1
L:\Comic Archives\#\Series\2000 AD\2000 AD - 2022\2000AD #2329 (2022).cbz,8333703,new,212.526,72.521,83.381,30.704,4,28,1
L:\Comic Archives\#\Series\2000 AD\2000 AD - 2022\2000AD #2330 (2022).cbz,12031546,new,190.057,61.694,82.133,36.286,4,26,1
L:\Comic Archives\#\Series\2000 AD\2000 AD - 2022\2000AD #2331 (2022).cbz,8126489,new,180.913,53.706,84.263,30.426,4,26,1
L:\Comic Archives\#\Series\2000 AD\2000 AD - 2022\2000AD #2332 (2022).cbz,8072175,new,191.923,66.2,79.073,32.82,4,26,1
L:\Comic Archives\#\Series\2000 AD\2000 AD - 2022\2000AD #2333 (2022).cbz,7591660,new,217.496,57.828,91.67,60.875,4,26,1
L:\Comic Archives\#\Series\2000 AD\2000 AD - 2023\2000AD #2313 (2023).cbz,39551206,new,236.383,79.683,104.112,39.613,4,28,1
L:\Comic Archives\#\Series\2000 AD\2000 AD - 2023\2000AD #2314 (2023).cbz,38104185,new,221.359,63.716,108.507,30.831,4,30,1
L:\Comic Archives\#\Series\2000 AD\2000 AD - 2023\2000AD #2315 (2023).cbz,38797670,new,232.021,66.278,93.236,37.407,4,30,1
L:\Comic Archives\#\Series\2000 AD\2000 AD - 2023\2000AD #2316 (2023).cbz,40643113,new,236.471,49.194,117.519,57.856,4,32,1
L:\Comic Archives\#\Series\2000 AD\2000 AD - 2023\2000AD #2317 (2023).cbz,42867808,new,200.624,47.185,105.891,32.225,4,32,1
L:\Comic Archives\#\Series\2000 AD\2000 AD - 2023\2000AD #2318 (2023).cbz,44175888,new,272.639,71.293,133.231,55.694,4,34,1
L:\Comic Archives\#\Series\2000 AD\2000 AD - 2023\2000AD #2319 (2023).cbz,42491403,new,216.819,55.345,103.735,27.811,4,34,1
L:\Comic Archives\#\Series\2000 AD\2000 AD - 2023\2000AD #2320 (2023).cbz,44266238,new,206.579,36.996,105.81,55.988,4,30,1
L:\Comic Archives\#\Series\2000 AD\2000 AD - 2023\2000AD #2321 (2023).cbz,43198956,new,204.786,69.359,86.956,35.439,4,30,1
L:\Comic Archives\#\Series\2000 AD\2000 AD - 2023\2000AD #2322 (2023).cbz,45464326,new,229.389,30.777,155.498,35.282,4,30,1
L:\Comic Archives\#\Series\2000 AD\2000 AD - 2023\2000AD #2323 (2023).cbz,43474936,new,247.516,48.008,136.49,33.039,4,28,1
L:\Comic Archives\#\Series\2000 AD\2000 AD - 2023\2000AD #2324 (2023).cbz,40812017,new,238.193,82.287,109.17,29.549,4,27,1
L:\Comic Archives\#\Series\2000 AD\2000 AD - 2023\2000AD #2325 (2023).cbz,68544760,new,206.869,46.471,106.81,43.275,4,24,1
L:\Comic Archives\#\Series\2000 AD\2000 AD - 2023\2000AD #2326 (2023).cbz,42077610,new,206.875,22.609,146.635,30.131,4,28,1
L:\Comic Archives\#\Series\2000 AD\2000 AD - 2023\2000AD #2327 (2023).cbz,40496766,new,249.312,80.89,98.504,45.77,4,26,1
L:\Comic Archives\#\Series\2000 AD\2000 AD - 2023\2000AD #2328 (2023).cbz,40202733,new,222.075,57.629,112.021,40.328,4,28,1
L:\Comic Archives\#\Series\2000 AD\2000 AD - 2023\2000AD #2329 (2023).cbz,44204300,new,248.405,47.517,156.975,35.089,4,28,1
L:\Comic Archives\#\Series\2000 AD\2000 AD - 2023\2000AD #2330 (2023).cbz,35117572,new,405.834,49.586,93.688,247.995,4,30,1
L:\Comic Archives\#\Series\2000 AD\2000 AD - 2023\2000AD #2331 (2023).cbz,42774406,new,298.177,70.377,121.586,78.212,4,31,1
L:\Comic Archives\#\Series\2000 AD\2000 AD - 2023\2000AD #2332 (2023).cbz,40555334,new,322.907,137.788,135.681,36.515,4,28,1
L:\Comic Archives\#\Series\2000 AD\2000 AD - 2023\2000AD #2333 (2023).cbz,40551356,new,255.358,76.214,138.923,27.389,4,28,1
L:\Comic Archives\#\Series\2000 AD\2000 AD - 2023\2000AD #2334 (2023).cbz,39528125,new,230.093,52.77,119.249,48.94,4,28,1
L:\Comic Archives\#\Series\2000 AD\2000 AD - 2023\2000AD #2335 (2023).cbz,37001885,new,204.947,70.365,94.021,19.927,4,28,1
L:\Comic Archives\#\Series\2000 AD\2000 AD - 2023\2000AD #2336 (2023).cbz,66141719,new,174.239,34.553,100.794,29.807,4,29,1
L:\Comic Archives\#\Series\2000 AD\2000 AD - 2023\2000AD #2337 (2023).cbz,41255440,new,181.077,25.127,115.038,33.0,4,30,1
L:\Comic Archives\#\Series\2000 AD\2000 AD - 2023\2000AD #2338 (2023).cbz,44188241,new,205.633,49.752,112.283,32.272,4,30,1
L:\Comic Archives\#\Series\2000 AD\2000 AD - 2023\2000AD #2339 (2023).cbz,42731783,new,245.896,62.96,122.968,31.763,4,30,1
L:\Comic Archives\#\Series\2000 AD\2000 AD - 2023\2000AD #2340 (2023).cbz,45230880,new,246.099,49.543,144.472,42.775,4,28,1
L:\Comic Archives\#\Series\2000 AD\2000 AD - 2023\2000AD #2341 (2023).cbz,40622843,new,247.597,65.675,138.14,33.427,4,32,1
L:\Comic Archives\#\Series\2000 AD\2000 AD - 2023\2000AD #2342 (2023).cbz,42528840,new,224.522,47.057,105.329,39.245,4,28,1
L:\Comic Archives\#\Series\2000 AD\2000 AD - 2023\2000AD #2343 (2023).cbz,45069798,new,264.31,57.104,135.072,58.883,4,28,1
L:\Comic Archives\#\Series\2000 AD\2000 AD - 2023\2000AD #2344 (2023).cbz,46052970,new,320.879,110.708,137.436,56.927,4,28,1
L:\Comic Archives\#\Series\2000 AD\2000 AD - 2023\2000AD #2345 (2023).cbz,43584192,new,280.193,133.118,92.712,41.988,4,30,1
L:\Comic Archives\#\Series\2000 AD\2000 AD - 2023\2000AD #2346 (2023).cbz,69451590,new,172.393,23.177,96.621,35.013,4,25,1
L:\Comic Archives\#\Series\2000 AD\2000 AD - 2023\2000AD #2347 (2023).cbz,45269629,new,250.098,71.738,135.121,29.793,4,37,1
L:\Comic Archives\#\Series\2000 AD\2000 AD - 2023\2000AD #2348 (2023).cbz,41011704,new,213.563,40.985,123.037,41.506,4,28,1
L:\Comic Archives\#\Series\2000 AD\2000 AD - 2023\2000AD #2349 (2023).cbz,41794977,new,235.654,60.991,134.845,28.175,4,24,1
L:\Comic Archives\#\Series\2000 AD\2000 AD - 2023\2000AD #2350 (2023).cbz,79438065,new,269.973,63.928,142.537,31.667,4,30,1
L:\Comic Archives\#\Series\2000 AD\2000 AD - 2023\2000AD #2351 (2023).cbz,51419516,new,268.752,71.78,122.447,64.242,4,24,1
L:\Comic Archives\#\Series\2000 AD\2000 AD - 2023\2000AD #2352 (2023).cbz,48946737,new,183.133,38.127,100.976,33.167,4,28,1
L:\Comic Archives\#\Series\2000 AD\2000 AD - 2023\2000AD #2353 (2023).cbz,49429549,new,205.312,56.938,116.027,21.916,4,28,1
L:\Comic Archives\#\Series\2000 AD\2000 AD - 2023\2000AD #2354 (2023).cbz,47057726,new,199.698,31.192,105.123,35.894,4,28,1
L:\Comic Archives\#\Series\2000 AD\2000 AD - 2023\2000AD #2355 (2023).cbz,50114012,new,189.7,43.349,105.271,33.091,4,30,1
L:\Comic Archives\#\Series\2000 AD\2000 AD - 2023\2000AD #2356 (2023).cbz,65912781,new,347.024,61.412,212.41,48.757,4,24,1
L:\Comic Archives\#\Series\2000 AD\2000 AD - 2023\2000AD #2357 (2023).cbz,46357656,new,247.333,103.914,98.821,29.043,4,30,1
L:\Comic Archives\#\Series\2000 AD\2000 AD - 2023\2000AD #2358 (2023).cbz,48282870,new,215.489,42.855,111.663,30.591,4,28,1
L:\Comic Archives\#\Series\2000 AD\2000 AD - 2023\2000AD #2359 (2023).cbz,46801510,new,185.172,39.611,102.882,35.175,4,28,1
L:\Comic Archives\#\Series\2000 AD\2000 AD - 2023\2000AD #2360 (2023).cbz,51612204,new,421.248,40.626,130.446,239.857,4,28,1
L:\Comic Archives\#\Series\2000 AD\2000 AD - 2023\2000AD #2361 (2023).cbz,49630363,new,272.276,98.232,111.921,49.211,4,28,1
L:\Comic Archives\#\Series\2000 AD\2000 AD - 2023\2000AD #2362 (2023).cbz,149306701,new,281.098,63.518,167.228,30.426,4,47,1
L:\Comic Archives\#\Series\2000 AD\2000 AD - 2024\2000AD #2363 (2024).cbz,49897240,new,218.195,35.716,121.328,44.95,4,26,1
L:\Comic Archives\#\Series\2000 AD\2000 AD - 2024\2000AD #2364 (2024).cbz,48798332,new,279.064,81.673,133.763,33.304,4,30,1
L:\Comic Archives\#\Series\2000 AD\2000 AD - 2024\2000AD #2365 (2024).cbz,53599805,new,213.595,62.233,99.062,40.605,4,30,1
L:\Comic Archives\#\Series\2000 AD\2000 AD - 2024\2000AD #2366 (2024).cbz,49783189,new,246.679,67.058,129.01,33.312,4,32,1
L:\Comic Archives\#\Series\2000 AD\2000 AD - 2024\2000AD #2367 (2024).cbz,45167522,new,239.576,45.93,112.671,50.687,4,30,1
L:\Comic Archives\#\Series\2000 AD\2000 AD - 2024\2000AD #2368 (2024).cbz,42477987,new,229.849,58.739,118.511,35.753,4,30,1
L:\Comic Archives\#\Series\2000 AD\2000 AD - 2024\2000AD #2369 (2024).cbz,42732356,new,174.539,26.619,107.552,32.58,4,30,1
L:\Comic Archives\#\Series\2000 AD\2000 AD - 2024\2000AD #2370 (2024).cbz,42135755,new,201.575,68.202,98.94,21.224,4,28,1
L:\Comic Archives\#\Series\2000 AD\2000 AD - 2024\2000AD #2371 (2024).cbz,45653088,new,240.386,52.819,124.963,29.26,4,28,1
L:\Comic Archives\#\Series\2000 AD\2000 AD - 2024\2000AD #2372 (2024).cbz,45438605,new,240.835,55.688,121.848,49.877,4,28,1
L:\Comic Archives\#\Series\2000 AD\2000 AD - 2024\2000AD #2373 (2024).cbz,37948669,new,261.047,60.169,106.378,65.94,4,26,1
L:\Comic Archives\#\Series\2000 AD\2000 AD - 2024\2000AD #2374 (2024).cbz,46284970,new,214.283,49.831,113.783,40.741,4,26,1
L:\Comic Archives\#\Series\2000 AD\2000 AD - 2024\2000AD #2375 (2024).cbz,69585956,new,282.682,75.523,136.059,39.532,4,31,1
L:\Comic Archives\#\Series\2000 AD\2000 AD - 2024\2000AD #2376 (2024).cbz,39506066,new,271.798,46.312,142.738,72.336,4,29,1
L:\Comic Archives\#\Series\2000 AD\2000 AD - 2024\2000AD #2377 (2024).cbz,41195926,new,311.713,108.472,153.181,37.574,4,28,1
L:\Comic Archives\#\Series\2000 AD\2000 AD - 2024\2000AD #2378 (2024).cbz,42797081,new,181.352,21.893,111.742,40.02,4,28,1
L:\Comic Archives\#\Series\2000 AD\2000 AD - 2024\2000AD #2379 (2024).cbz,47124483,new,222.721,63.958,116.679,30.46,4,28,1
L:\Comic Archives\#\Series\2000 AD\2000 AD - 2024\2000AD #2380 (2024).cbz,41542555,new,206.357,36.686,117.817,28.754,4,28,1
L:\Comic Archives\#\Series\2000 AD\2000 AD - 2024\2000AD #2381 (2024).cbz,42731858,new,233.71,56.434,134.807,33.055,4,28,1
L:\Comic Archives\#\Series\2000 AD\2000 AD - 2024\2000AD #2382 (2024).cbz,36531590,new,214.885,60.339,94.703,44.186,4,28,1
L:\Comic Archives\#\Series\2000 AD\2000 AD - 2024\2000AD #2383 (2024).cbz,40782609,new,264.239,75.238,112.057,59.855,4,28,1
L:\Comic Archives\#\Series\2000 AD\2000 AD - 2024\2000AD #2384 (2024).cbz,36741079,new,221.413,69.352,92.563,34.322,4,28,1
L:\Comic Archives\#\Series\2000 AD\2000 AD - 2024\2000AD #2385 (2024).cbz,37430088,new,199.034,37.636,114.452,28.959,4,28,1
L:\Comic Archives\#\Series\2000 AD\2000 AD - 2024\2000AD #2386 (2024).cbz,64157704,new,212.952,31.494,143.85,26.745,4,38,1
L:\Comic Archives\#\Series\2000 AD\2000 AD - 2024\2000AD #2387 (2024).cbz,37611554,new,220.776,40.13,136.681,28.906,4,28,1
L:\Comic Archives\#\Series\2000 AD\2000 AD - 2024\2000AD #2388 (2024).cbz,45059825,new,226.383,60.904,97.488,41.249,4,29,1
L:\Comic Archives\#\Series\2000 AD\2000 AD - 2024\2000AD #2389 (2024).cbz,41820095,new,210.97,47.967,114.7,36.67,4,24,1
L:\Comic Archives\#\Series\2000 AD\2000 AD - 2024\2000AD #2390 (2024).cbz,40157093,new,484.948,30.52,117.674,320.589,4,28,1
L:\Comic Archives\#\Series\2000 AD\2000 AD - 2024\2000AD #2391 (2024).cbz,41772350,new,358.592,161.079,118.577,61.056,4,29,1
L:\Comic Archives\#\Series\2000 AD\2000 AD - 2024\2000AD #2392 (2024).cbz,38079990,new,227.737,42.271,104.828,48.605,4,28,1
L:\Comic Archives\#\Series\2000 AD\2000 AD - 2024\2000AD #2393 (2024).cbz,37158339,new,171.67,18.568,98.278,47.394,4,28,1
L:\Comic Archives\#\Series\2000 AD\2000 AD - 2024\2000AD #2394 (2024).cbz,35527616,new,220.984,56.45,102.237,46.615,4,28,1
L:\Comic Archives\#\Series\2000 AD\2000 AD - 2024\2000AD #2395 (2024).cbz,38149537,new,222.065,60.361,110.687,36.016,4,28,1
L:\Comic Archives\#\Series\2000 AD\2000 AD - 2024\2000AD #2396 (2024).cbz,70264520,new,195.526,46.055,95.667,39.043,4,28,1
L:\Comic Archives\#\Series\2000 AD\2000 AD - 2024\2000AD #2397 (2024).cbz,38941395,new,198.874,36.485,98.723,54.281,4,28,1
L:\Comic Archives\#\Series\2000 AD\2000 AD - 2024\2000AD #2398 (2024).cbz,38081290,new,272.628,67.563,138.162,54.248,4,28,1
L:\Comic Archives\#\Series\2000 AD\2000 AD - 2024\2000AD #2399 (2024).cbz,40272030,new,213.307,39.787,119.597,39.856,4,22,1
L:\Comic Archives\#\Series\2000 AD\2000 AD - 2024\2000AD #2400 (2024).cbz,81627682,new,287.951,64.711,120.424,69.675,4,32,1
L:\Comic Archives\#\Series\2000 AD\2000 AD - 2024\2000AD #2401 (2024).cbz,40625578,new,237.658,55.801,120.172,44.192,4,30,1
L:\Comic Archives\#\Series\2000 AD\2000 AD - 2024\2000AD #2402 (2024).cbz,40141252,new,214.161,52.716,105.522,40.952,4,28,1
L:\Comic Archives\#\Series\2000 AD\2000 AD - 2024\2000AD #2403 (2024).cbz,40447936,new,209.323,62.15,109.581,20.579,4,39,1
L:\Comic Archives\#\Series\2000 AD\2000 AD - 2024\2000AD #2404 (2024).cbz,41040638,new,254.914,52.23,143.684,27.094,4,28,1
L:\Comic Archives\#\Series\2000 AD\2000 AD - 2024\2000AD #2405 (2024).cbz,42292767,new,158.491,24.784,102.682,23.571,4,28,1
L:\Comic Archives\#\Series\2000 AD\2000 AD - 2024\2000AD #2406 (2024).cbz,71254182,new,252.904,52.856,149.301,39.927,4,36,1
L:\Comic Archives\#\Series\2000 AD\2000 AD - 2024\2000AD #2407 (2024).cbz,43360230,new,207.919,45.658,89.325,62.395,4,28,1
L:\Comic Archives\#\Series\2000 AD\2000 AD - 2024\2000AD #2408 (2024).cbz,44752431,new,246.296,52.115,129.51,36.989,4,28,1
L:\Comic Archives\#\Series\2000 AD\2000 AD - 2024\2000AD #2409 (2024).cbz,43255858,new,178.889,37.663,98.757,32.253,4,28,1
L:\Comic Archives\#\Series\2000 AD\2000 AD - 2024\2000AD #2410 (2024).cbz,42439929,new,247.888,47.771,131.046,59.644,4,28,1
L:\Comic Archives\#\Series\2000 AD\2000 AD - 2024\2000AD #2411 (2024).cbz,44002493,new,278.742,107.936,104.622,52.418,4,24,1
L:\Comic Archives\#\Series\2000 AD\2000 AD - 2024\2000AD #2412 (2024).cbz,40492773,new,262.408,51.552,139.716,58.807,4,22,1
L:\Comic Archives\#\Series\2000 AD\2000 AD - 2024\2000AD #2413 (2024).cbz,157647501,new,286.561,126.292,95.554,50.331,4,40,1
L:\Comic Archives\#\Series\2000 AD\2000 AD - 2025\2000AD #2414 (2025).cbz,56490798,new,364.188,36.001,253.952,65.367,4,34,1
L:\Comic Archives\#\Series\2000 AD\2000 AD - 2025\2000AD #2415 (2025).cbz,40063598,new,219.275,31.777,109.818,34.35,4,30,1
L:\Comic Archives\#\Series\2000 AD\2000 AD - 2025\2000AD #2416 (2025).cbz,42632639,new,295.615,82.514,159.655,42.809,4,30,1
L:\Comic Archives\#\Series\2000 AD\2000 AD - 2025\2000AD #2417 (2025).cbz,42765321,new,156.555,20.554,107.786,20.714,4,28,1
L:\Comic Archives\#\Series\2000 AD\2000 AD - 2025\2000AD #2418 (2025).cbz,38237405,new,198.814,38.159,133.135,20.133,4,28,1
L:\Comic Archives\#\Series\2000 AD\2000 AD - 2025\2000AD #2419 (2025).cbz,38804361,new,231.614,35.31,141.025,40.161,4,28,1
L:\Comic Archives\#\Series\2000 AD\2000 AD - 2025\2000AD #2420 (2025).cbz,40329085,new,609.783,70.351,170.719,350.139,4,28,1
L:\Comic Archives\#\Series\2000 AD\2000 AD - 2025\2000AD #2421 (2025).cbz,37733764,new,206.023,42.408,84.922,66.78,4,28,1
L:\Comic Archives\#\Series\2000 AD\2000 AD - 2025\2000AD #2422 (2025).cbz,38624287,new,217.885,13.006,145.952,39.002,4,28,1
L:\Comic Archives\#\Series\2000 AD\2000 AD - 2025\2000AD #2423 (2025).cbz,35468226,new,239.312,53.416,99.357,54.164,4,29,1
L:\Comic Archives\#\Series\2000 AD\2000 AD - 2025\2000AD #2424 (2025).cbz,36751409,new,222.89,50.418,109.769,48.497,4,24,1
L:\Comic Archives\#\Series\2000 AD\2000 AD - 2025\2000AD #2425 (2025).cbz,47487775,new,203.469,47.825,95.513,47.057,4,24,1
L:\Comic Archives\#\Series\2000 AD\2000 AD - 2025\2000AD #2426 (2025).cbz,74887065,new,263.445,54.063,135.264,63.649,4,24,1
L:\Comic Archives\#\Series\2000 AD\2000 AD - 2025\2000AD #2427 (2025).cbz,48128392,new,277.272,65.35,151.145,33.132,4,27,1
L:\Comic Archives\#\Series\2000 AD\2000 AD - 2025\2000AD #2428 (2025).cbz,45584380,new,206.805,60.027,102.244,34.99,4,26,1
L:\Comic Archives\#\Series\2000 AD\2000 AD - 2025\2000AD #2429 (2025).cbz,38821324,new,189.935,24.568,118.903,37.031,4,26,1
L:\Comic Archives\#\Series\2000 AD\2000 AD - 2025\2000AD #2430 (2025).cbz,40631429,new,156.565,24.947,96.301,28.273,4,26,1
L:\Comic Archives\#\Series\2000 AD\2000 AD - 2025\2000AD #2431 (2025).cbz,33706623,new,223.446,62.687,109.006,26.143,4,28,1
L:\Comic Archives\#\Series\2000 AD\2000 AD - 2025\2000AD #2432 (2025).cbz,35798869,new,219.051,79.988,99.681,23.941,4,34,1
L:\Comic Archives\#\Series\2000 AD\2000 AD - 2025\2000AD #2433 (2025).cbz,10336861,new,189.405,46.431,102.877,31.375,4,28,1
L:\Comic Archives\#\Series\2000 AD\2000 AD - 2025\2000AD #2434 (2025).cbz,10868884,new,189.768,26.354,117.847,38.126,4,28,1
L:\Comic Archives\#\Series\2000 AD\2000 AD - 2025\2000AD #2435 (2025).cbz,59422319,new,345.307,79.45,183.04,50.54,4,28,1
L:\Comic Archives\#\Series\2000 AD\2000 AD - 2025\2000AD #2436 (2025).cbz,9270429,new,263.169,84.815,107.225,58.236,4,28,1
L:\Comic Archives\#\Series\2000 AD\2000 AD - 2025\2000AD #2437 (2025).cbz,17390960,new,262.297,66.147,115.249,54.599,4,30,1
L:\Comic Archives\#\Series\2000 AD\2000 AD - 2025\2000AD #2438 (2025).cbz,114926282,new,378.616,49.733,262.646,42.549,4,28,1
L:\Comic Archives\#\Series\2000 AD\2000 AD - 2025\2000AD #2439 (2025).cbz,124518616,new,436.018,72.108,314.005,34.048,4,29,1
L:\Comic Archives\#\Series\2000 AD\2000 AD - 2025\2000AD #2440 (2025).cbz,114407302,new,419.652,91.823,278.725,35.58,4,28,1
L:\Comic Archives\#\Series\2000 AD\2000 AD - 2025\2000AD #2441 (2025).cbz,107545318,new,412.186,66.238,274.274,34.858,4,28,1
L:\Comic Archives\#\Series\2000 AD\2000 AD - 2025\2000AD #2442 (2025).cbz,120706837,new,454.388,57.007,346.994,38.153,4,28,1
L:\Comic Archives\#\Series\2000 AD\2000 AD - 2025\2000AD #2443 (2025).cbz,116139792,new,446.311,102.622,292.714,38.902,4,28,1
L:\Comic Archives\#\Series\2000 AD\2000 AD - 2025\2000AD #2444 (2025).cbz,122434697,new,477.968,83.433,296.564,82.303,4,28,1
L:\Comic Archives\#\Series\2000 AD\2000 AD - 2025\2000AD #2445 (2025).cbz,113970113,new,480.3,56.957,265.181,39.544,4,28,1
L:\Comic Archives\#\Series\2000 AD\2000 AD - 2025\2000AD #2446 (2025).cbz,132600751,new,419.978,79.5,280.645,44.438,4,30,1
L:\Comic Archives\#\Series\2000 AD\2000 AD - 2025\2000AD #2447 (2025).cbz,201865667,new,386.764,61.481,281.766,32.254,4,34,1
L:\Comic Archives\#\Series\2000 AD\2000 AD - 2025\2000AD #2448 (2025).cbz,121231879,new,471.307,75.46,337.975,43.765,4,24,1
L:\Comic Archives\#\Series\2000 AD\2000 AD - 2025\2000AD #2449 (2025).cbz,112197833,new,433.454,54.998,295.022,38.079,4,20,1
L:\Comic Archives\#\Series\2000 AD\2000 AD - 2025\2000AD #2450 (2025).cbz,177460650,new,473.306,102.317,319.787,36.622,4,30,1
L:\Comic Archives\#\Series\2000 AD\2000 AD - 2025\2000AD #2451 (2025).cbz,122592884,new,812.277,113.638,328.488,354.118,4,28,1
L:\Comic Archives\#\Series\2000 AD\2000 AD - 2025\2000AD #2452 (2025).cbz,119556202,new,476.308,82.359,311.203,65.351,4,28,1
L:\Comic Archives\#\Series\2000 AD\2000 AD - 2025\2000AD #2453 (2025).cbz,125098457,new,451.107,41.726,337.096,44.017,4,28,1
L:\Comic Archives\#\Series\2000 AD\2000 AD - 2025\2000AD #2454 (2025).cbz,121783745,new,420.693,66.822,298.574,43.54,4,28,1
L:\Comic Archives\#\Series\2000 AD\2000 AD - 2025\2000AD #2455 (2025).cbz,131934819,new,479.867,90.289,336.357,36.85,4,28,1
L:\Comic Archives\#\Series\2000 AD\2000 AD - 2025\2000AD #2456 (2025).cbz,187141487,new,457.023,78.561,308.547,52.349,4,37,1
L:\Comic Archives\#\Series\2000 AD\2000 AD - 2025\2000AD #2457 (2025).cbz,127332600,new,471.141,68.716,315.621,49.216,4,28,1
L:\Comic Archives\#\Series\2000 AD\2000 AD - 2025\2000AD #2458 (2025).cbz,42220457,new,232.581,66.739,116.115,39.68,4,28,1
L:\Comic Archives\#\Series\2000 AD\2000 AD - 2025\2000AD #2459 (2025).cbz,129002613,new,461.742,47.363,346.95,60.004,4,28,1
L:\Comic Archives\#\Series\2000 AD\2000 AD - 2025\2000AD #2460 (2025).cbz,102801342,new,352.314,53.279,246.772,42.327,4,26,1
L:\Comic Archives\#\Series\2000 AD\2000 AD - 2025\2000AD #2461 (2025).cbz,106081911,new,479.687,71.911,358.421,38.805,4,24,1
L:\Comic Archives\#\Series\2000 AD\2000 AD - 2025\2000AD #2462 (2025).cbz,114658643,new,420.478,101.264,259.813,47.861,4,25,1
L:\Comic Archives\#\Series\2000 AD\2000 AD - 2025\2000AD #2463 (2025).cbz,133191635,new,268.73,68.237,132.903,56.788,4,24,1
L:\Comic Archives\#\Series\2000 AD\2000 AD - 2026\2000AD #2464 (2026).cbz,115700707,new,112.916,28.807,26.83,21.322,4,27,1
L:\Comic Archives\#\Series\2000 AD\2000 AD - 2026\2000AD #2465 (2026).cbz,135930513,new,89.586,17.459,34.752,24.45,4,27,1
L:\Comic Archives\#\Series\2000 AD\2000 AD - 2026\2000AD #2466 (2026).cbz,124195957,new,114.647,23.367,24.454,33.237,4,27,1
L:\Comic Archives\#\Series\2000 AD\2000 AD - 2026\2000AD #2467 (2026).cbz,113357876,new,114.857,28.307,42.027,22.846,4,28,1
L:\Comic Archives\#\Series\2000 AD\2000 AD - 2026\2000AD #2468 (2026).cbz,40256090,new,404.164,99.755,228.67,52.541,4,62,1
L:\Comic Archives\#\Series\2000 AD\2000 AD - 2026\2000AD #2469 (2026).cbz,115308791,new,91.306,17.724,27.16,20.453,4,53,1
L:\Comic Archives\#\Series\2000 AD\2000 AD - 2026\2000AD #2470 (2026).cbz,108451083,new,123.442,28.564,33.275,32.889,4,30,1
L:\Comic Archives\#\Series\2000 AD\2000 AD - 2026\2000AD #2471 (2026).cbz,132510591,new,93.839,23.347,28.595,20.515,4,29,1
L:\Comic Archives\#\Series\2000 AD\2000 AD - 2026\2000AD #2472 (2026).cbz,105369257,new,77.526,15.098,30.164,16.022,4,25,1
L:\Comic Archives\#\Series\2000 AD\2000 AD - 2026\2000AD #2473 (2026).cbz,111579161,new,108.202,16.551,31.583,37.796,4,27,1
L:\Comic Archives\#\Series\2000 AD\2000 AD - 2026\2000AD #2474 (2026).cbz,115141058,new,140.826,45.565,29.037,23.447,4,29,1
L:\Comic Archives\#\Series\2000 AD\2000 AD - 2026\2000AD #2475 (2026).cbz,118130681,new,89.138,18.239,32.817,24.287,4,29,1
L:\Comic Archives\#\Series\2000 AD\2000 AD - 2026\2000AD #2476 (2026).cbz,186378215,new,66.218,15.388,15.787,27.258,4,29,1
L:\Comic Archives\#\Series\2000 AD\2000 AD - 2026\2000AD #2477 (2026).cbz,112633477,new,74.551,19.426,29.843,18.286,4,25,1
L:\Comic Archives\#\Series\2000 AD\2000 AD - 2026\2000AD #2478 (2026).cbz,102492251,new,558.163,95.378,400.71,35.061,4,28,1
L:\Comic Archives\#\Series\2000 AD\2000 AD - 2026\2000AD #2479 (2026).cbz,105600461,new,569.958,110.873,393.112,46.078,4,30,1
L:\Comic Archives\#\Series\2000 AD\2000 AD - 2026\2000AD #2480 (2026).cbz,106713438,new,536.963,92.547,393.622,38.224,4,8,1
L:\Comic Archives\#\Series\2000 AD\2000 AD - 2026\2000AD #2481 (2026).cbz,110701687,new,362.329,24.053,18.513,274.992,4,27,1
L:\Comic Archives\#\Series\2000 AD\2000 AD - 2026\2000AD #2482 (2026).cbz,98834815,new,148.017,27.834,33.16,59.897,4,27,1
L:\Comic Archives\#\Series\2000 AD\2000 AD - 2026\2000AD #2483 (2026).cbz,125266718,new,119.235,18.309,23.768,39.225,4,23,1
L:\Comic Archives\#\Series\2000 AD\2000 AD - 2026\2000AD #2484 (2026).cbz,110635280,new,122.134,31.313,31.646,30.803,4,27,1
L:\Comic Archives\#\Series\2000 AD\2000 AD - 2026\2000AD #2485 (2026).cbz,109396774,new,619.72,18.801,543.164,35.359,4,49,1
L:\Comic Archives\#\Series\2000 AD\2000 AD - 2026\2000AD #2486 (2026).cbz,117488302,new,520.441,40.221,403.126,38.772,4,48,1
L:\Comic Archives\#\Series\2000 AD\2000 AD - 2026\2000AD #2487 (2026).cbz,195359404,new,122.508,35.709,32.607,23.103,4,53,1
L:\Comic Archives\#\Series\2000 AD\2000 AD - 2026\2000AD #2488 (2026).cbz,109000711,new,443.452,19.625,342.714,46.095,4,48,1
L:\Comic Archives\#\Series\2000 AD\2000 AD - 2026\2000AD #2489 (2026).cbz,114427097,new,133.921,39.63,31.868,32.232,4,47,1
L:\Comic Archives\#\Series\2000 AD\2000 AD - 2026\2000AD #2490 (2026).cbz,113914646,new,122.526,25.392,34.978,34.614,4,47,1
L:\Comic Archives\#\Series\2000 AD\2000 AD - 2026\2000AD #2491 (2026).cbz,104930176,new,92.293,25.092,29.726,23.593,4,51,1
L:\Comic Archives\#\Series\30 Days of Night - Delux Editions\30 Days of Night - Deluxe Edition #1 (2023).cbz,862353528,new,332.241,70.465,213.716,34.307,4,23,1
L:\Comic Archives\#\Series\30 Days of Night - Delux Editions\30 Days of Night - Deluxe Edition #2 (2024).cbz,1659608842,new,362.655,97.586,188.631,56.366,4,36,1
L:\Comic Archives\#\Series\30 Days of Night - Delux Editions\30 Days of Night - Deluxe Edition #3 (2026).cbz,612297791,new,369.372,96.015,234.172,31.316,4,12,1
L:\Comic Archives\#\Series\30 Days of Night - Falling Sun (2025)\30 Days of Night - Falling Sun #1 (2025).cbz,108166376,new,412.662,71.496,296.79,37.618,4,14,1
L:\Comic Archives\#\Series\30 Days of Night - Falling Sun (2025)\30 Days of Night - Falling Sun #2 (2025).cbz,94098234,new,562.735,71.228,409.984,75.2,4,17,1
L:\Comic Archives\#\Series\30 Days of Night - Falling Sun (2025)\30 Days of Night - Falling Sun #3 (2026).cbz,110358631,new,419.226,81.653,283.305,45.175,4,14,1
L:\Comic Archives\#\Series\4 Horsemen [2000]\Four Horsemen - 1. Famine [2000].cbz,4923585,new,123.248,52.394,34.971,30.802,4,14,1
L:\Comic Archives\#\Series\4 Horsemen [2000]\Four Horsemen - 2. War [2000].cbz,5878641,new,123.493,51.134,40.894,25.376,4,12,1
L:\Comic Archives\#\Series\4 Horsemen [2000]\Four Horsemen - 3. Pestilence [2000].cbz,6130879,new,175.418,71.993,44.156,53.804,4,12,1
L:\Comic Archives\#\Series\4 Horsemen [2000]\Four Horsemen - 4. Death [2000].cbz,6046964,new,136.963,48.778,44.598,36.427,4,12,1
L:\Comic Archives\#\Series\4 Kids Walk Into A Bank v1 [2016]\4 Kids Walk Into A Bank #1 (2018).cbz,49872203,new,339.428,65.85,210.83,47.967,4,24,1
L:\Comic Archives\#\Series\4 Kids Walk Into A Bank v1 [2016]\4 Kids Walk Into A Bank #2 (2018).cbz,44656187,new,412.35,101.446,239.316,63.2,4,18,1
L:\Comic Archives\#\Series\4 Kids Walk Into A Bank v1 [2016]\4 Kids Walk Into A Bank #3 (2017).cbz,75682705,new,456.029,77.88,344.228,22.105,4,21,1
L:\Comic Archives\#\Series\4 Kids Walk Into A Bank v1 [2016]\4 Kids Walk Into A Bank #4 (2017).cbz,71762947,new,335.229,28.498,258.211,43.52,4,16,1
L:\Comic Archives\#\Series\4 Kids Walk Into A Bank v1 [2016]\4 Kids Walk Into A Bank #5 (2017).cbz,64157801,new,293.979,78.867,176.592,31.572,4,16,1
L:\Comic Archives\#\Series\47 Ronin [2012]\47 Ronin #1  - The Tale of the Loyal Retainers (2012).cbz,62179940,new,462.329,97.391,320.22,36.981,4,14,1
L:\Comic Archives\#\Series\47 Ronin [2012]\47 Ronin #2  - The Tale of the Loyal Retainers (2012).cbz,50927327,new,346.775,71.486,233.229,36.717,4,12,1
L:\Comic Archives\#\Series\47 Ronin [2012]\47 Ronin #3  - The Tale of the Loyal Retainers (2012).cbz,64605358,new,391.426,140.389,222.683,21.591,4,12,1
L:\Comic Archives\#\Series\47 Ronin [2012]\47 Ronin #4  - The Tale of the Loyal Retainers (2012).cbz,62400328,new,468.11,101.155,291.549,69.296,4,12,1
L:\Comic Archives\#\Series\47 Ronin [2012]\47 Ronin #5  - The Tale of the Loyal Retainers (2012).cbz,83039921,new,380.299,33.85,315.637,26.601,4,12,1
L:\Comic Archives\#\Singles\100 Scenes (2010)\100 Scenes #1 (2010).cbz,31025411,new,290.689,82.739,153.645,47.866,4,13,1
L:\Comic Archives\#\Singles\1000 Ways To Die  (2011)\1000 Ways To Die  (2011).cbz,211544917,new,270.715,115.205,107.357,40.587,4,12,1
L:\Comic Archives\#\Singles\101 Outstanding Graphic Novels\101 Outstanding Graphic Novels.cbz,7808126,new,131.615,66.266,31.96,25.15,4,14,1
L:\Comic Archives\#\Singles\101 Uses of Condom [1991]\101 Uses of Condom #1 (1991).cbz,49313171,new,181.697,54.837,96.389,24.539,4,13,1
L:\Comic Archives\#\Singles\110 Percent (2006)\110 Percent #1 (2006).cbz,87145748,new,205.881,59.68,124.793,16.752,4,8,1
L:\Comic Archives\#\Singles\12 (2022)\12 #1 (2022).cbz,172550019,new,136.536,56.873,44.564,30.409,4,13,1
L:\Comic Archives\#\Singles\14 (2022)\14 #1 (2022).cbz,216903202,new,191.756,63.18,101.059,20.416,4,14,1
L:\Comic Archives\#\Singles\1984 The Graphic Novel (2021)\1984 The Graphic Novel #1 (2021).cbz,447955570,new,784.144,67.527,410.134,298.763,4,16,1
L:\Comic Archives\#\Singles\20 km-h #1 (2023)\20 km-h #1 (2023).cbz,99011407,new,293.765,112.42,103.458,69.443,4,13,1
L:\Comic Archives\#\Singles\2000AD - Fiends of the Eastern Front (2013)\2000AD - Fiends of the Eastern Front (2013).cbz,92797589,new,206.063,73.173,90.03,28.491,4,26,1
L:\Comic Archives\#\Singles\2000AD - Survival Geeks (2017)\2000AD - Survival Geeks (2017).cbz,121427175,new,184.142,55.425,99.048,22.181,4,25,1
L:\Comic Archives\#\Singles\2000AD Dredd - Furies (2018)\2000AD Dredd - Furies (2018).cbz,55293541,new,283.758,68.777,167.201,20.959,4,21,1
L:\Comic Archives\#\Singles\2000AD Presents Sci-Fi Thrillers (2013)\2000AD Presents Sci-Fi Thrillers (2013).cbz,380217627,new,235.01,43.343,123.252,39.931,4,116,1
L:\Comic Archives\#\Singles\2000AD Summer Special (2015)\2000AD Summer Special (2015).cbz,57090651,new,260.04,81.556,96.808,46.411,4,52,1
L:\Comic Archives\#\Singles\2000AD Villains Special (2019)\2000AD Villains Special (2019).cbz,18380108,new,231.088,44.031,138.957,31.293,4,55,1
L:\Comic Archives\#\Singles\2000AD Winter Special (2005)\2000AD Winter Special (2005).cbz,26663414,new,180.766,47.436,93.681,28.003,4,31,1
L:\Comic Archives\#\Singles\2000AD Winter Special (2014)\2000AD Winter Special (2014).cbz,38741940,new,198.692,53.995,67.662,35.208,4,65,1
L:\Comic Archives\#\Singles\2085 - Imperium Contingency (2015)\2085 #1 - Imperium Contingency (2015).cbz,233043270,new,320.366,73.975,211.349,26.336,4,17,1
L:\Comic Archives\#\Singles\20XX - Transport (2022)\20XX - Transport (2022).cbz,32218314,new,272.968,61.071,172.969,32.818,4,21,1
L:\Comic Archives\#\Singles\21 - The Story of Roberto Clemente (2011)\21 #1 The Story of Roberto Clemente (2011).cbz,392889196,new,244.633,79.52,125.768,29.895,4,13,1
L:\Comic Archives\#\Singles\300 The Graphic Novel Adaptation [1998]\300 - The Graphic Novel [1999].cbz,133965011,new,259.782,65.33,129.97,50.828,4,24,1
L:\Comic Archives\#\Singles\365 Samurai and a Few Bowls of Rice (2009)\365 Samurai and a Few Bowls of Rice #1 (2009).cbz,229332609,new,256.211,75.115,136.563,39.364,4,17,1
L:\Comic Archives\#\Singles\39 Minutes (2013)\39 Minutes (2013).cbz,180774342,new,228.364,43.639,135.723,36.091,4,31,1
L:\Comic Archives\#\Singles\50 (2017)\50 #1 (2017).cbz,64345012,new,288.773,80.252,176.264,25.231,4,17,1
L:\Comic Archives\#\Singles\71 Yards (2014)\71 Yards (2014).cbz,55350588,new,379.897,102.139,232.919,38.389,4,13,1
L:\Comic Archives\#\Singles\86 Volts - The Dead Girl [2005]\86 Voltz - The Dead Girl [2005].cbz,33848864,new,307.032,73.286,174.818,42.113,4,41,1
L:\Comic Archives\#\Singles\920London (2020)\920London #1 (2020).cbz,139396382,new,250.877,102.061,93.267,45.774,4,17,1
L:\Comic Archives\#\Singles\The 100 Greatest Graphic Novels Of All Time (2016)\The 100 Greatest Graphic Novels Of All Time #1 (2016).cbz,100741284,new,221.856,72.98,100.579,31.812,4,13,1
L:\Comic Archives\#\Singles\The 120 Days Of Simon (2010)\The 120 Days Of Simon #1 (2010).cbz,65018881,new,197.836,68.516,93.081,30.659,4,17,1
L:\Comic Archives\#\Singles\The 13th Artifact (2016)\The 13th Artifact #1 (2016).cbz,104876626,new,381.875,51.269,276.79,43.732,4,23,1
L:\Comic Archives\A\Series\AL15 (2021)\AL15 #1 (2021).cbz,290145320,new,457.741,107.675,279.385,62.304,4,13,1
L:\Comic Archives\A\Series\AL15 (2021)\AL15 #2 (2021).cbz,393279754,new,454.81,62.384,360.254,24.136,4,12,1
L:\Comic Archives\A\Series\AL15 (2021)\AL15 #3 (2021).cbz,374775789,new,449.569,45.842,360.272,31.223,4,12,1
L:\Comic Archives\A\Series\Afro Samurai [2002]\Afro Samurai #1  [2022].cbz,362179106,new,553.644,120.644,388.379,39.075,4,13,1
L:\Comic Archives\A\Series\Afro Samurai [2002]\Afro Samurai #2  [2022].cbz,299379418,new,569.96,76.528,404.23,81.522,4,12,1
L:\Comic Archives\A\Series\After Death [2016]\A.D. After Death #1 (2016).cbz,140208993,new,604.501,137.512,421.565,36.353,4,14,1
L:\Comic Archives\A\Series\After Death [2016]\A.D. After Death #2 (2016).cbz,169999638,new,487.468,73.698,376.361,31.215,4,12,1
L:\Comic Archives\A\Series\After Death [2016]\A.D. After Death #3 (2016).cbz,156122306,new,458.715,111.81,314.917,23.81,4,12,1
L:\Comic Archives\A\Series\Akira [1985-2002]\Akira - Vol #1 (2000).cbz,49365007,new,150.388,91.021,26.301,27.09,4,13,1
L:\Comic Archives\A\Series\Akira [1985-2002]\Akira - Vol #2 (2000).cbz,54495626,new,113.179,50.342,36.214,22.213,4,12,1
L:\Comic Archives\A\Series\Akira [1985-2002]\Akira - Vol #3 (2000).cbz,44671885,new,137.107,61.264,33.986,37.399,4,12,1
L:\Comic Archives\A\Series\Akira [1985-2002]\Akira - Vol #4 (2000).cbz,35777976,new,134.213,71.555,28.149,28.966,4,12,1
L:\Comic Archives\A\Series\Akira [1985-2002]\Akira - Vol #5 (2000).cbz,165992359,new,160.295,58.78,41.44,53.335,4,12,1
L:\Comic Archives\A\Series\Akira [1985-2002]\Akira - Vol #6 (2000).cbz,157531486,new,121.098,42.027,43.102,29.755,4,12,1
L:\Comic Archives\A\Series\Aliens - Survival [1998]\Aliens - Survival #01 [1998].cbz,12968480,new,150.618,66.766,49.926,27.069,4,14,1
L:\Comic Archives\A\Series\Aliens - Survival [1998]\Aliens - Survival #02 [1998].cbz,12261808,new,140.445,60.335,46.27,26.381,4,12,1
L:\Comic Archives\A\Series\Aliens - Survival [1998]\Aliens - Survival #03 [1998].cbz,12425783,new,123.343,15.704,75.884,25.472,4,12,1
L:\Comic Archives\A\Series\Aliens - Xenogenesis [1999]\Aliens - Xenogenesis #01 [1999].cbz,8151202,new,406.431,58.527,25.998,312.548,4,17,1
L:\Comic Archives\A\Series\Aliens - Xenogenesis [1999]\Aliens - Xenogenesis #02 [1999].cbz,7311875,new,197.43,92.217,26.395,69.422,4,14,1
L:\Comic Archives\A\Series\Aliens - Xenogenesis [1999]\Aliens - Xenogenesis #03 [1999].cbz,7702371,new,113.19,48.144,26.689,28.392,4,14,1
L:\Comic Archives\A\Series\Aliens - Xenogenesis [1999]\Aliens - Xenogenesis #04 [1999].cbz,7537829,new,170.601,64.858,29.813,67.384,4,14,1
"L:\Comic Archives\A\Series\All Guts, No Glory [2022]\All Guts, No Glory #1 (2022).cbz",54631468,new,307.998,73.614,203.894,21.063,4,14,1
"L:\Comic Archives\A\Series\All Guts, No Glory [2022]\All Guts, No Glory #2 (2022).cbz",58158759,new,306.008,76.524,191.715,30.241,4,12,1
"L:\Comic Archives\A\Series\All Guts, No Glory [2022]\All Guts, No Glory #3 (2022).cbz",55550335,new,372.511,97.984,219.118,48.929,4,12,1
L:\Comic Archives\A\Series\Aristotle [2023]\Aristotle #1 (2023).cbz,95660647,new,221.282,71.019,118.905,22.161,4,14,1
L:\Comic Archives\A\Series\Aristotle [2023]\Aristotle #2 (2023).cbz,80399551,new,193.521,60.271,77.44,47.393,4,12,1
L:\Comic Archives\A\Series\Assassin Nation [2019]\Assassin Nation #01 [2019].cbz,35759484,new,276.736,73.712,164.887,29.573,4,14,1
L:\Comic Archives\A\Series\Assassin Nation [2019]\Assassin Nation #02 [2019].cbz,28078232,new,205.533,33.386,132.026,35.817,4,12,1
L:\Comic Archives\A\Series\Assassin Nation [2019]\Assassin Nation #03 [2019].cbz,33822478,new,212.261,52.604,126.798,26.974,4,12,1
L:\Comic Archives\A\Series\Assassin Nation [2019]\Assassin Nation #04 [2019].cbz,33761655,new,238.131,39.295,159.232,34.293,4,12,1
L:\Comic Archives\A\Series\Assassin Nation [2019]\Assassin Nation #05 [2019].cbz,38792358,new,268.69,66.173,168.949,28.257,4,12,1
L:\Comic Archives\A\Series\Assassin's Creed - Homecoming [2015]\Assassin's Creed - Homecoming #1 (2015).cbz,8368268,new,272.826,112.987,129.54,22.612,4,16,1
L:\Comic Archives\A\Series\Assassin's Creed - Homecoming [2015]\Assassin's Creed - Homecoming #2 (2015).cbz,9001732,new,235.233,45.177,146.651,29.532,4,14,1
L:\Comic Archives\A\Series\Assassin's Creed - Homecoming [2015]\Assassin's Creed - Homecoming #3 (2015).cbz,11591186,new,211.112,65.854,108.323,29.529,4,14,1
L:\Comic Archives\A\Series\Assassin's Creed - Homecoming [2015]\Assassin's Creed - Homecoming #4 (2015).cbz,12442974,new,242.275,57.521,146.538,28.39,4,14,1
L:\Comic Archives\A\Series\Assassin's Creed - Locus [2016]\Assassin's Creed Locus #1 (2016).cbz,7277472,new,231.097,60.782,127.613,37.13,4,13,1
L:\Comic Archives\A\Series\Assassin's Creed - Locus [2016]\Assassin's Creed Locus #2 (2016).cbz,7434442,new,200.075,49.938,105.757,36.767,4,12,1
L:\Comic Archives\A\Series\Assassin's Creed - Locus [2016]\Assassin's Creed Locus #3 (2016).cbz,6983156,new,203.456,50.825,107.029,36.979,4,12,1
L:\Comic Archives\A\Series\Assassin's Creed - Locus [2016]\Assassin's Creed Locus #4 (2016).cbz,6630109,new,188.22,49.474,103.616,28.081,4,12,1
L:\Comic Archives\A\Series\Assassin's Creed - Reflections [2017]\Assassin's Creed Reflections #1 (2017).cbz,8842900,new,188.966,44.234,112.133,26.451,4,13,1
L:\Comic Archives\A\Series\Assassin's Creed - Reflections [2017]\Assassin's Creed Reflections #2 (2017).cbz,7946805,new,249.352,63.995,144.188,33.933,4,12,1
L:\Comic Archives\A\Series\Assassin's Creed - Reflections [2017]\Assassin's Creed Reflections #3 (2017).cbz,7850076,new,238.39,63.596,127.786,40.702,4,12,1
L:\Comic Archives\A\Series\Assassin's Creed - Reflections [2017]\Assassin's Creed Reflections #4 (2017).cbz,7533815,new,221.819,50.804,121.149,43.619,4,12,1
L:\Comic Archives\A\Series\Assassin's Creed - Setting Sun [2015]\Assassin's Creed - Setting Sun #1 (2015).cbz,8089663,new,198.321,47.971,116.643,28.588,4,14,1
L:\Comic Archives\A\Series\Assassin's Creed - Setting Sun [2015]\Assassin's Creed - Setting Sun #2 (2015).cbz,8672450,new,189.423,43.041,116.896,24.832,4,14,1
L:\Comic Archives\A\Series\Assassin's Creed - Setting Sun [2015]\Assassin's Creed - Setting Sun #3 (2015).cbz,8641133,new,198.111,38.03,125.638,29.799,4,14,1
L:\Comic Archives\A\Series\Assassin's Creed - Setting Sun [2015]\Assassin's Creed - Setting Sun #4 (2015).cbz,8269743,new,223.305,59.961,113.771,41.981,4,14,1
L:\Comic Archives\A\Series\Assassin's Creed - Setting Sun [2015]\Assassin's Creed - Setting Sun #5 (2015).cbz,9331760,new,272.642,65.401,134.426,66.818,4,14,1
L:\Comic Archives\A\Series\Assassin's Creed - Templars - Black Cross [2016]\Assassin's Creed - Templars - Black Cross #1 (2016).cbz,6647652,new,313.07,119.139,127.502,56.42,4,14,1
L:\Comic Archives\A\Series\Assassin's Creed - Templars - Black Cross [2016]\Assassin's Creed - Templars - Black Cross #2 (2016).cbz,5420453,new,173.399,29.873,120.978,18.375,4,12,1
L:\Comic Archives\A\Series\Assassin's Creed - Templars - Black Cross [2016]\Assassin's Creed - Templars - Black Cross #3 (2016).cbz,5630491,new,173.283,30.726,113.52,19.729,4,12,1
L:\Comic Archives\A\Series\Assassin's Creed - Templars - Black Cross [2016]\Assassin's Creed - Templars - Black Cross #4 (2016).cbz,5549676,new,208.152,64.126,112.048,25.827,4,12,1
L:\Comic Archives\A\Series\Assassin's Creed - Templars - Black Cross [2016]\Assassin's Creed - Templars - Black Cross #5 (2016).cbz,4835506,new,181.971,26.105,120.389,31.282,4,12,1
L:\Comic Archives\A\Series\Assassin's Creed - Templars - Cross of War [2016]\Assassin's Creed - Templars - Cross of War #1 (2016).cbz,5891585,new,263.347,77.531,156.352,20.002,4,12,1
L:\Comic Archives\A\Series\Assassin's Creed - Templars - Cross of War [2016]\Assassin's Creed - Templars - Cross of War #2 (2016).cbz,5200860,new,156.546,30.0,102.323,20.037,4,12,1
L:\Comic Archives\A\Series\Assassin's Creed - Templars - Cross of War [2016]\Assassin's Creed - Templars - Cross of War #3 (2016).cbz,5369657,new,185.143,33.155,118.765,29.066,4,12,1
L:\Comic Archives\A\Series\Assassin's Creed - Templars - Cross of War [2016]\Assassin's Creed - Templars - Cross of War #4 (2016).cbz,4695183,new,186.517,48.891,104.548,27.513,4,12,1
L:\Comic Archives\A\Series\Assassin's Creed - Trial by Fire [2015]\Assassin's Creed - Trial by Fire #1 (2015).cbz,9639920,new,237.843,75.683,130.601,23.084,4,17,1
L:\Comic Archives\A\Series\Assassin's Creed - Trial by Fire [2015]\Assassin's Creed - Trial by Fire #2 (2015).cbz,8487037,new,247.843,52.67,134.508,44.807,4,16,1
L:\Comic Archives\A\Series\Assassin's Creed - Trial by Fire [2015]\Assassin's Creed - Trial by Fire #3 (2015).cbz,8563424,new,222.72,51.579,137.765,27.515,4,16,1
L:\Comic Archives\A\Series\Assassin's Creed - Trial by Fire [2015]\Assassin's Creed - Trial by Fire #4 (2015).cbz,8661851,new,206.539,60.266,113.629,25.01,4,16,1
L:\Comic Archives\A\Series\Assassin's Creed - Trial by Fire [2015]\Assassin's Creed - Trial by Fire #5 (2015).cbz,8250167,new,192.747,52.161,108.468,26.334,4,16,1
L:\Comic Archives\A\Series\The Ark [2016]\The Ark #1 (2016).cbz,56566664,new,275.959,38.303,199.329,33.806,4,13,1
L:\Comic Archives\A\Series\The Ark [2016]\The Ark #2 The Furrow (2016).cbz,125275198,new,403.46,74.261,84.315,238.698,4,12,1
L:\Comic Archives\A\Singles\A.R.C. [2023]\A.R.C. [2023].cbz,76027356,new,364.674,95.528,196.943,38.759,4,27,1
L:\Comic Archives\A\Singles\A33 (2013)\A33 (2013).cbz,75570830,new,333.728,100.702,198.341,27.076,4,17,1
L:\Comic Archives\A\Singles\Abbadon [2015]\Abbadon [2015].cbz,130928832,new,314.682,53.068,220.454,28.917,4,37,1
L:\Comic Archives\A\Singles\Above Snakes [2023]\Above Snakes [2023].cbz,109082874,new,221.706,70.039,117.321,22.831,4,24,1
L:\Comic Archives\A\Singles\Action Cats [2012]\Action Cats [2012].cbz,21687590,new,198.539,42.196,96.448,41.032,4,18,1
L:\Comic Archives\A\Singles\Action Philosophers! [2014]\Action Philosophers! [2014].cbz,427891463,new,255.557,81.922,135.79,26.691,4,17,1
L:\Comic Archives\A\Singles\Adastra in Africa [1999]\Adastra in Africa [1999].cbz,32220739,new,114.1,30.008,44.524,31.276,4,25,1
L:\Comic Archives\A\Singles\Adora and the Distance [2021]\Adora and the Distance [2021].cbz,169386197,new,297.885,60.811,185.011,37.373,4,24,1
L:\Comic Archives\A\Singles\Afar [2017]\Afar [2017].cbz,493986439,new,437.632,159.739,231.411,25.248,4,18,1
L:\Comic Archives\A\Singles\Afflicted [2012]\Afflicted [2012].cbz,107311047,new,271.825,128.716,89.965,40.743,4,24,1
L:\Comic Archives\A\Singles\Afraid of Everything [2020]\Afraid of Everything [2020].cbz,88474965,new,348.176,69.257,223.79,29.602,4,54,1
L:\Comic Archives\A\Singles\After Houdini [2018]\After Houdini [2018].cbz,200661682,new,313.562,77.858,191.124,34.348,4,20,1
L:\Comic Archives\A\Singles\After The Fire [2012]\After The Fire [2012].cbz,38372790,new,256.274,126.536,85.233,32.98,4,19,1
L:\Comic Archives\A\Singles\After the Rain [2021]\After the Rain [2021].cbz,230045488,new,407.087,60.487,268.374,70.537,4,17,1
L:\Comic Archives\A\Singles\AfterDark - A Horror Anthology [2021]\AfterDark - A Horror Anthology [2021].cbz,93855032,new,420.543,92.064,257.214,42.572,4,61,1
L:\Comic Archives\A\Singles\Afterlift [2020]\AFTERLIFT [2020].cbz,190963583,new,282.279,59.817,176.048,32.87,4,24,1
L:\Comic Archives\A\Singles\Age of the Wolf [2014]\Age of the Wolf [2014].cbz,85087783,new,239.425,116.117,90.127,27.526,4,18,1
L:\Comic Archives\A\Singles\Aion (2019)\Aion (2019).cbz,96097006,new,245.624,70.816,139.227,29.66,4,13,1
L:\Comic Archives\A\Singles\Al Capone (2022)\Al Capone (2022).cbz,401695435,new,504.866,69.47,385.785,42.356,4,14,1
L:\Comic Archives\A\Singles\Al Dente (2022)\Al Dente (2022).cbz,22473715,new,238.528,66.9,120.187,44.715,4,13,1
L:\Comic Archives\A\Singles\Aldo (2018)\Aldo (2018).cbz,59199214,new,247.505,74.088,139.51,24.332,4,17,1
L:\Comic Archives\A\Singles\Alena (2016)\Alena (2016).cbz,165569628,new,314.084,64.739,215.341,27.729,4,13,1
L:\Comic Archives\A\Singles\Alice On the Run - One Child's Journey Through the Rwandan Civil War (2022)\Alice On the Run - One Child's Journey Through the Rwandan Civil War (2022).cbz,178880737,new,254.011,78.74,137.137,31.677,4,13,1
L:\Comic Archives\A\Singles\Alice in Sunderland [2007]\Alice in Sunderland [2007].cbz,883375116,new,339.121,56.936,235.825,35.007,4,20,1
L:\Comic Archives\A\Singles\Alice in Wonderland [2013]\Alice in Wonderland [2013].cbz,53813052,new,173.456,73.48,55.157,36.796,4,17,1
L:\Comic Archives\A\Singles\Alien - The Illustrated Story [1979]\Alien - The Illustrated Story [1979].cbz,44551005,new,173.714,52.491,73.657,28.819,4,18,1
L:\Comic Archives\A\Singles\Alien 3 - By William Gibson [2019]\Alien 3 - By William Gibson [2019].cbz,179382308,new,235.335,66.967,120.557,37.95,4,28,1
L:\Comic Archives\A\Singles\Alien Jungle Girl (2017)\Alien Jungle Girl (2017).cbz,336020240,new,393.292,66.146,298.744,19.196,4,14,1
L:\Comic Archives\A\Singles\Alien Nation (2021)\Alien Nation (2021).cbz,73379529,new,199.915,83.161,77.432,31.284,4,13,1
L:\Comic Archives\A\Singles\Alienation (2019)\Alienation (2019).cbz,626974458,new,438.683,75.862,323.765,31.526,4,21,1
L:\Comic Archives\A\Singles\Aliens - Fast Track to Heaven (2011)\Aliens - Fast Track to Heaven (2011).cbz,79532863,new,296.908,79.502,173.932,36.868,4,18,1
L:\Comic Archives\A\Singles\Aliens - Stronghold [1996]\Aliens - Stronghold [1996].cbz,41752364,new,214.808,123.117,45.097,33.781,4,28,1
L:\Comic Archives\A\Singles\All Against All [2023]\All Against All [2023].cbz,343726252,new,222.52,46.76,130.902,27.974,4,21,1
L:\Comic Archives\A\Singles\All Eight Eyes [2023]\All Eight Eyes [2023].cbz,421722052,new,313.511,38.625,235.719,29.843,4,28,1
L:\Comic Archives\A\Singles\Almost American Girl - An Illustrated Memoir (2020)\Almost American Girl - An Illustrated Memoir (2020).cbz,468504329,new,235.481,76.455,130.034,21.658,4,14,1
L:\Comic Archives\A\Singles\Almost Completely Baxter - New and Selected Blurtings (2016)\Almost Completely Baxter - New and Selected Blurtings (2016).cbz,72617761,new,313.653,58.023,184.75,66.497,4,13,1
L:\Comic Archives\A\Singles\Always Never (2020)\Nevertheless #2 (2020).cbz,168565372,new,255.706,61.057,157.342,29.196,4,13,1
L:\Comic Archives\A\Singles\American Flagg! - The Definitive Edition [2008]\American Flagg! - The Definitive Edition [2008].cbz,527721920,new,473.282,63.464,109.682,287.209,4,41,1
L:\Comic Archives\A\Singles\American Jesus - Chosen (2009)\American Jesus - Chosen (2009).cbz,171472403,new,278.571,62.901,145.422,56.067,4,20,1
L:\Comic Archives\A\Singles\American Ronin [2021]\American Ronin  [2021].cbz,157967859,new,316.49,116.315,132.347,53.829,4,26,1
L:\Comic Archives\A\Singles\Amino Acidboy and the Chaos Order (2016) (tunafan)\Amino Acidboy and the Chaos Order (2016) (tunafan).cbz,164723553,new,379.514,130.109,193.358,47.351,4,19,1
L:\Comic Archives\A\Singles\An Angel's Temptation (2012)\An Angel's Temptation (2012).cbz,172127925,new,253.318,81.62,130.385,30.402,4,14,1
L:\Comic Archives\A\Singles\An Artist's Odyssey (2016)\An Artist's Odyssey (2016).cbz,227750598,new,316.177,59.001,231.432,22.134,4,8,1
L:\Comic Archives\A\Singles\An Enemy of the People (2022)\An Enemy of the People (2022).cbz,207687551,new,239.06,84.65,121.279,26.964,4,17,1
L:\Comic Archives\A\Singles\An Incredible Life (2018)\An Incredible Life (2018).cbz,161544495,new,281.722,91.643,155.824,25.499,4,8,1
L:\Comic Archives\A\Singles\An Intergalactic Fairytale (2015)\An Intergalactic Fairytale (2015).cbz,53707228,new,271.924,63.65,170.235,29.968,4,13,1
L:\Comic Archives\A\Singles\An Orgy of Playboy's Eldon Dedini (2006)\An Orgy of Playboy's Eldon Dedini (2006).cbz,329049112,new,387.47,147.497,181.705,50.181,4,13,1
L:\Comic Archives\A\Singles\Anaïs Nin - A Sea of Lies (2023)\Anaïs Nin - A Sea of Lies (2023).cbz,158913064,new,263.872,94.324,140.502,22.51,4,13,1
L:\Comic Archives\A\Singles\And Now I Spill the Family Secrets (2021)\And Now I Spill the Family Secrets (2021).cbz,205062412,new,181.108,68.866,79.376,24.395,4,13,1
L:\Comic Archives\A\Singles\Animal Castle (2022)\Animal Castle (2022).cbz,574190472,new,634.418,61.435,529.623,31.816,4,17,1
L:\Comic Archives\A\Singles\Anne - An Adaptation of Anne of Green Gables (Sort Of) (2022)\Anne - An Adaptation of Anne of Green Gables (Sort Of) (2022).cbz,386772964,new,255.044,92.343,134.695,23.892,4,8,1
L:\Comic Archives\A\Singles\Anno Domini 1000 (2023)\Anno Domini 1000 (2023).cbz,218462451,new,228.997,63.426,129.224,30.545,4,13,1
L:\Comic Archives\A\Singles\Antlers - The Holistic Comics Journal of Joseph Morris (2023)\Antlers - The Holistic Comics Journal of Joseph Morris (2023).cbz,31780578,new,222.864,53.918,136.771,24.019,4,13,1
L:\Comic Archives\A\Singles\Antonello in Venice (2015)\Antonello in Venice (2015).cbz,153305711,new,375.594,85.29,252.785,30.452,4,17,1
L:\Comic Archives\A\Singles\Anya's Ghost [2011]\Anya's Ghost [2011].cbz,205741235,new,214.812,84.625,93.881,27.37,4,17,1
L:\Comic Archives\A\Singles\Apache Delivery Service (2022)\Apache Delivery Service [2022].cbz,130532404,new,230.008,70.101,118.38,27.496,4,23,1
L:\Comic Archives\A\Singles\Apocalypse Dad (2016)\Apocalypse Dad (2016).cbz,10160019,new,162.521,59.648,71.758,25.521,4,13,1
L:\Comic Archives\A\Singles\Aquatlantic (2020)\Aquatlantic (2020).cbz,89741043,new,504.403,71.437,382.156,39.456,4,19,1
L:\Comic Archives\A\Singles\Arale (2018)\Arale (2018).cbz,113752774,new,231.577,78.367,103.356,41.817,4,18,1
L:\Comic Archives\A\Singles\Arca (2023)\Arca [2023].cbz,160654346,new,364.148,116.722,147.092,92.039,4,24,1
L:\Comic Archives\A\Singles\Archangel [2017]\Archangel [2017].cbz,233375716,new,346.195,102.911,196.052,25.471,4,45,1
L:\Comic Archives\A\Singles\Architecture of An Atom #1 (2017)\Architecture of An Atom (2017).cbz,264920357,new,217.444,59.281,116.53,28.482,4,13,1
L:\Comic Archives\A\Singles\Arclight (2017)\Arclight (2017).cbz,221633448,new,392.031,59.256,296.036,30.551,4,18,1
L:\Comic Archives\A\Singles\Area 10 [2010]\Area 10 [2010].cbz,79919853,new,194.088,95.023,60.541,29.624,4,22,1
L:\Comic Archives\A\Singles\Area 510 [2022]\Area 510 [2022].cbz,142694048,new,317.979,48.137,223.795,29.799,4,14,1
L:\Comic Archives\A\Singles\Arkham Asylum - A Serious House on Serious Earth [1990]\Arkham Asylum - A Serious House on Serious Earth [1990].cbz,55680290,new,245.076,51.713,132.605,52.905,4,20,1
L:\Comic Archives\A\Singles\Arkham Woods (2009)\Arkham Woods (2009).cbz,281727717,new,239.491,64.257,108.728,51.544,4,15,1
L:\Comic Archives\A\Singles\Art Comic (2018)\Art Comic (2018).cbz,129970564,new,237.177,82.565,103.069,41.314,4,19,1
L:\Comic Archives\A\Singles\As the Crow Flies (2017)\As the Crow Flies (2017).cbz,323115548,new,228.817,62.954,114.52,41.22,4,21,1
L:\Comic Archives\A\Singles\Ascender [2024]\Ascender [2024].cbz,1231557554,new,371.42,59.965,274.469,30.942,4,19,1
L:\Comic Archives\A\Singles\Ascent (2022)\Ascent (2022).cbz,49066529,new,323.517,151.853,134.44,27.011,4,19,1
L:\Comic Archives\A\Singles\Ashes (2023)\Ashes (2023).cbz,88413737,new,198.196,51.388,111.813,30.424,4,13,1
L:\Comic Archives\A\Singles\Asphalt Blues (2022)\Asphalt Blues (2022).cbz,176063727,new,199.202,42.945,118.354,32.311,4,19,1
L:\Comic Archives\A\Singles\Assassin's Apprentice [2023]\Assassin's Apprentice [2023].cbz,328388566,new,271.941,64.099,168.308,34.196,4,13,1
L:\Comic Archives\A\Singles\Assassins Creed Limited Edition Art Book #1 (2017)\Assassins Creed Limited Edition Art Book (2017).cbz,44088385,new,212.868,108.824,68.774,29.277,4,13,1
L:\Comic Archives\A\Singles\Assorted Crisis Events (2025)\Assorted Crisis Events #1 (2025).cbz,607295037,new,269.384,55.852,175.209,29.286,4,14,1
L:\Comic Archives\A\Singles\Asterix - Asterix and the Banquet [1979]\Asterix - Asterix and the Banquet [1979].cbz,52377923,new,130.183,62.109,36.611,24.055,4,18,1
L:\Comic Archives\A\Singles\Asterix - Asterix and the Golden Sickle [1975]\Asterix - Asterix and the Golden Sickle [1975].cbz,48694385,new,383.806,60.968,32.605,283.007,4,16,1
L:\Comic Archives\A\Singles\Asterix - Asterix and the Goths [1975]\Asterix - Asterix and the Goths [1975].cbz,48647429,new,194.71,100.653,32.789,51.521,4,16,1
L:\Comic Archives\A\Singles\Asterix - Asterix the Gaul [1969]\Asterix - Asterix the Gaul [1969].cbz,49960399,new,170.117,64.504,49.586,45.313,4,16,1
L:\Comic Archives\A\Singles\Asterix - Asterix the Gladiator [1969]\Asterix - Asterix the Gladiator [1969].cbz,51555285,new,187.716,77.1,45.632,52.91,4,16,1
L:\Comic Archives\A\Singles\At the Comics (2013)\At the Comics (2013).cbz,24816733,new,306.826,104.005,164.69,31.764,4,13,1
L:\Comic Archives\A\Singles\At the Shore (2016)\At the Shore (2016).cbz,327912819,new,387.767,81.735,270.441,30.169,4,16,1
L:\Comic Archives\A\Singles\Atar Gull or the Tale of a Model Slave #1 (2015)\Atar Gull or the Tale of a Model Slave (2015).cbz,72938000,new,191.107,88.06,72.314,23.84,4,14,1
L:\Comic Archives\A\Singles\Atomic Empire (2018)\Atomic Empire (2018).cbz,91062172,new,385.585,116.17,200.931,59.858,4,17,1
L:\Comic Archives\A\Singles\Atomic Sheep (2013)\Atomic Sheep (2013).cbz,151192126,new,426.704,128.479,229.076,59.352,4,17,1
L:\Comic Archives\A\Singles\August Moon (2012)\August Moon (2012).cbz,200747109,new,297.595,121.065,129.779,36.511,4,17,1
L:\Comic Archives\A\Singles\Automne [2012]\Automne (2012).cbz,69944307,new,361.869,61.42,257.462,34.937,4,13,1
L:\Comic Archives\A\Singles\Aux Heures Impaires [2008]\Aux Heures Impaires (2008).cbz,145238610,new,289.123,49.662,186.847,48.08,4,13,1
L:\Comic Archives\A\Singles\Aventuras de un Oficinista Japones [2011]\Aventuras de un Oficinista Japones (2011).cbz,170805374,new,338.406,80.975,198.418,50.798,4,13,1
L:\Comic Archives\A\Singles\Awkwood (2014)\Awkwood (2014).cbz,72213159,new,328.393,101.208,141.899,76.783,4,19,1
L:\Comic Archives\A\Singles\The Absence (2014)\The Absence (2014).cbz,314034183,new,311.267,100.142,176.552,28.025,4,8,1
"L:\Comic Archives\A\Singles\The Adventure Time Encyclopaedia - Inhabitants, Lore, Spells & Ancient Crypt Warnings of the Land of Ooo Circa 19.56 B.G.E~501 A.G.E (2013)\The Adventure Time Encyclopaedia - Inhabitants, Lore, Spells & Ancient Crypt Warnings of the Land of Ooo Circa 19.56 B.G.E~501 A.G.E (2013).cbz",187996578,new,313.789,127.362,160.563,18.786,4,14,1
L:\Comic Archives\A\Singles\The Adventure of the Thimblewitch v01 (2014)\The Adventure of the Thimblewitch v01 (2014).cbz,159850822,new,254.061,53.479,171.08,19.327,4,13,1
L:\Comic Archives\A\Singles\The Adventures Of Dr. McNinja - Night Powers [2011]\The Adventures Of Dr. McNinja - Night Powers [2011].cbz,186199610,new,164.254,61.41,76.162,20.118,4,18,1
L:\Comic Archives\A\Singles\The Adventures of Alexander Von Humboldt (2019)\The Adventures of Alexander Von Humboldt (2019).cbz,474974916,new,215.796,62.234,111.085,33.168,4,14,1
L:\Comic Archives\A\Singles\The Adventures of Dr. McNinja - Night Powers (2011)\The Adventures of Dr. McNinja - Night Powers (2011).cbz,186196103,new,189.927,62.818,78.374,40.601,4,17,1
L:\Comic Archives\A\Singles\The Adventures of Dr. McNinja Omnibus v01 (2013)\The Adventures of Dr. McNinja Omnibus v01 (2013).cbz,288538523,new,206.383,66.745,77.133,58.261,4,8,1
L:\Comic Archives\A\Singles\The Adventures of John Blake - Mystery of the Ghost Ship (2017)\The Adventures of John Blake - Mystery of the Ghost Ship (2017).cbz,99681203,new,286.915,76.292,127.396,72.824,4,18,1
L:\Comic Archives\A\Singles\The Adventures of Nilson Groundthumper and Hermy (2014)\The Adventures of Nilson Groundthumper and Hermy (2014).cbz,190655655,new,344.443,130.154,160.805,38.39,4,22,1
L:\Comic Archives\A\Singles\The Alchemist - A Graphic Novel [2010]\The Alchemist - A Graphic Novel (2010).cbz,275406019,new,278.786,79.296,156.211,32.952,4,18,1
L:\Comic Archives\A\Singles\The Altered History of Willow Sparks (2018)\The Altered History of Willow Sparks (2018).cbz,242788219,new,289.477,62.13,172.541,45.27,4,19,1
L:\Comic Archives\A\Singles\The Amateurs (2014)\The Amateurs (2014).cbz,93944066,new,336.151,117.066,174.746,31.136,4,17,1
L:\Comic Archives\A\Singles\The Amazing Camel Toe (2023)\The Amazing Camel Toe (2023).cbz,31343621,new,325.515,119.002,147.937,52.651,4,13,1
L:\Comic Archives\A\Singles\The Antler Boy and Other Stories (2012)\The Antler Boy and Other Stories (2012).cbz,145458725,new,331.804,139.778,154.695,28.847,4,17,1
L:\Comic Archives\A\Singles\The Art Of Howard Chaykin (2012)\The Art Of Howard Chaykin (2012).cbz,202139604,new,241.939,77.609,128.002,27.709,4,20,1
L:\Comic Archives\A\Singles\The Art of BioShock Infinite [2013]\The Art of BioShock Infinite [2013].cbz,521149746,new,371.195,62.883,277.255,26.168,4,13,1
L:\Comic Archives\A\Singles\The Art of Broken Age (2016)\The Art of Broken Age (2016).cbz,155701778,new,412.783,105.404,263.65,36.25,4,13,1
L:\Comic Archives\A\Singles\The Art of Charlie Chan Hock Chye [2015]\The Art of Charlie Chan Hock Chye (2015).cbz,470893232,new,223.85,100.574,73.908,42.976,4,17,1
L:\Comic Archives\A\Singles\The Art of Dying (2019)\The Art of Dying (2019).cbz,89061075,new,293.845,80.589,163.107,42.115,4,18,1
L:\Comic Archives\A\Singles\The Art of Judge Dredd - Featuring 35 Years of Zarjaz Covers (2012)\The Art of Judge Dredd - Featuring 35 Years of Zarjaz Covers (2012).cbz,374561300,new,350.142,124.69,109.275,53.354,4,218,1
"L:\Comic Archives\A\Singles\The Art of Love, Death   Robots [2022]\The Art of Love, Death   Robots [2022].cbz",46177199,new,269.854,79.886,136.809,44.96,4,13,1
L:\Comic Archives\A\Singles\The Art of Mastantuono (2010)\The Art of Mastantuono (2010).cbz,158960099,new,430.007,117.362,265.512,39.083,4,13,1
L:\Comic Archives\A\Singles\The Art of P. Craig Russell (2007)\The Art of P. Craig Russell (2007).cbz,115558380,new,250.963,91.911,125.512,26.396,4,17,1
L:\Comic Archives\A\Singles\The Art of Sin City (2002)\Frank Miller - The Art of Sin City (2002) (digital) (Minutemen-InnerDemons).cbz,44470601,new,256.026,90.185,114.9,45.245,4,14,1
L:\Comic Archives\A\Singles\The Art of Sushi (2021)\The Art of Sushi (2021).cbz,144846687,new,255.557,71.619,135.786,37.035,4,22,1
L:\Comic Archives\A\Singles\The Art of the Last of Us (2013)\The Art of the Last of Us (2013).cbz,137670098,new,581.619,80.974,103.138,391.201,4,14,1
L:\Comic Archives\A\Singles\The Artist Himself - A Rand Holmes Retrospective (2010)\The Artist Himself - A Rand Holmes Retrospective (2010).cbz,549641911,new,443.855,104.945,269.953,58.9,4,21,1
L:\Comic Archives\A\Singles\The Auteur (2013)\The Auteur (2013).cbz,200076815,new,392.224,122.647,211.242,43.722,4,24,1
L:\Comic Archives\A\Singles\The Awkward Yeti Presents - Heart and Brain (2015)\The Awkward Yeti Presents - Heart and Brain (2015).cbz,77861543,new,280.36,106.423,140.476,27.556,4,13,1
L:\Comic Archives\A\Singles\The Awkward Yeti Presents - Heart and Brain - Gut Instincts (2016)\The Awkward Yeti Presents - Heart and Brain - Gut Instincts (2016).cbz,52765158,new,239.238,75.979,116.591,39.103,4,16,1
L:\Comic Archives\A\Singles\The Complete Accident Man (2014)\The Complete Accident Man (2014).cbz,506966964,new,255.013,47.142,164.161,34.77,4,29,1
L:\Comic Archives\A\Singles\The Complete Adventures Of Cholly & Flytrap (2015)\The Complete Adventures Of Cholly & Flytrap (2015).cbz,486445776,new,346.905,73.363,231.466,38.473,4,7,1
L:\Comic Archives\A\Singles\The Complete Alice in Wonderland (2012)\The Complete Alice in Wonderland (2012).cbz,504733876,new,280.468,54.172,164.647,33.466,4,28,1
L:\Comic Archives\B\Series\Bad Break [2013]\Bad Break #1 (2013).cbz,122538171,new,362.636,130.774,200.536,25.475,4,13,1
L:\Comic Archives\B\Series\Bad Break [2013]\Bad Break #2 (2013).cbz,108233120,new,240.04,83.538,117.314,31.114,4,12,1
L:\Comic Archives\B\Series\Before the Incal [1988-1995]\Before the Incal #1 (2015).cbz,96146697,new,214.127,30.963,149.614,28.506,4,14,1
L:\Comic Archives\B\Series\Before the Incal [1988-1995]\Before the Incal #2 (2015).cbz,82888574,new,247.564,34.127,156.342,50.194,4,12,1
L:\Comic Archives\B\Series\Before the Incal [1988-1995]\Before the Incal #3 (2015).cbz,92434918,new,318.646,111.762,155.612,42.139,4,12,1
L:\Comic Archives\B\Series\Before the Incal [1988-1995]\Before the Incal #4 (2015).cbz,86221243,new,290.601,27.984,221.867,36.31,4,12,1
L:\Comic Archives\B\Series\Before the Incal [1988-1995]\Before the Incal #5 (2015).cbz,95551274,new,282.904,53.488,179.665,42.096,4,12,1
L:\Comic Archives\B\Series\Before the Incal [1988-1995]\Before the Incal #6 (2015).cbz,104859412,new,324.74,99.77,185.955,29.088,4,12,1
L:\Comic Archives\B\Series\Beneath the Trees Where Nobody Sees - Rite of Spring (2025)\Beneath the Trees Where Nobody Sees - Rite of Spring #1 (2025).cbz,97778574,new,334.742,45.336,215.123,46.137,4,13,1
L:\Comic Archives\B\Series\Beneath the Trees Where Nobody Sees - Rite of Spring (2025)\Beneath the Trees Where Nobody Sees - Rite of Spring #2 (2025).cbz,96429117,new,282.779,63.774,175.266,34.605,4,12,1
L:\Comic Archives\B\Series\Beneath the Trees Where Nobody Sees - Rite of Spring (2025)\Beneath the Trees Where Nobody Sees - Rite of Spring #3 (2025).cbz,105265145,new,331.142,56.575,211.106,53.324,4,12,1
L:\Comic Archives\B\Series\Beneath the Trees Where Nobody Sees - Rite of Spring (2025)\Beneath the Trees Where Nobody Sees - Rite of Spring #4 (2025).cbz,83848002,new,509.48,64.978,391.233,44.904,4,12,1
L:\Comic Archives\B\Series\Beneath the Trees Where Nobody Sees - Rite of Spring (2025)\Beneath the Trees Where Nobody Sees - Rite of Spring #5 (2026).cbz,106733392,new,388.783,159.297,181.699,41.593,4,12,1
L:\Comic Archives\B\Series\Beneath the Trees Where Nobody Sees - Rite of Spring (2025)\Beneath the Trees Where Nobody Sees - Rite of Spring #6 (2026).cbz,91563846,new,388.525,103.488,252.55,26.313,4,12,1
L:\Comic Archives\B\Series\Benjamin [2025]\Benjamin #1 (2025).cbz,59159598,new,280.66,98.96,148.553,25.783,4,14,1
L:\Comic Archives\B\Series\Benjamin [2025]\Benjamin #2 (2025).cbz,59672386,new,264.572,64.851,151.93,37.652,4,12,1
L:\Comic Archives\B\Series\Benjamin [2025]\Benjamin #3 (2025).cbz,53576698,new,244.39,74.138,125.962,35.04,4,12,1
L:\Comic Archives\B\Series\Black Sun [2003]\Black Sun #01 [2002].cbz,6814942,new,108.848,32.54,34.515,36.547,4,14,1
L:\Comic Archives\B\Series\Black Sun [2003]\Black Sun #02 [2002].cbz,5134352,new,195.416,69.646,47.295,54.759,4,12,1
L:\Comic Archives\B\Series\Black Sun [2003]\Black Sun #03 [2002].cbz,5633606,new,154.837,68.982,40.927,37.004,4,12,1
L:\Comic Archives\B\Series\Black Sun [2003]\Black Sun #04 [2002].cbz,9819825,new,140.239,40.692,52.901,42.118,4,12,1
L:\Comic Archives\B\Series\Black Sun [2003]\Black Sun #05 [2002].cbz,10733565,new,156.513,51.914,48.893,49.483,4,12,1
L:\Comic Archives\B\Series\Black Sun [2003]\Black Sun #06 [2002].cbz,11412430,new,148.399,46.792,63.122,32.32,4,12,1
L:\Comic Archives\B\Series\Black Tape [2023]\Black Tape #1 (2023).cbz,45674531,new,339.144,62.661,234.46,35.195,4,14,1
L:\Comic Archives\B\Series\Black Tape [2023]\Black Tape #2 (2023).cbz,43179016,new,466.742,93.045,329.602,36.919,4,12,1
L:\Comic Archives\B\Series\Black Tape [2023]\Black Tape #3 (2023).cbz,38857342,new,369.411,94.896,228.959,37.116,4,12,1
L:\Comic Archives\B\Series\Black Tape [2023]\Black Tape #4 (2023).cbz,42878882,new,321.912,57.204,228.484,28.453,4,12,1
L:\Comic Archives\B\Series\Blackthorne's Coven (2024-2025)\Blackthorne's Coven #1 (2024).cbz,32049246,new,398.087,117.489,207.091,45.279,4,8,1
L:\Comic Archives\B\Series\Blackthorne's Coven (2024-2025)\Blackthorne's Coven #2 (2025).cbz,38152151,new,359.31,125.48,201.794,25.16,4,8,1
L:\Comic Archives\B\Series\Blade Runner - 2019 [2019]\Blade Runner - 2019 #01 [2019].cbz,73799279,new,248.012,64.507,134.316,39.566,4,17,1
L:\Comic Archives\B\Series\Blade Runner - 2019 [2019]\Blade Runner - 2019 #02 [2019].cbz,50431680,new,258.043,55.449,148.481,47.153,4,14,1
L:\Comic Archives\B\Series\Blade Runner - 2019 [2019]\Blade Runner - 2019 #03 [2019].cbz,50875914,new,394.117,58.163,194.426,61.409,4,14,1
L:\Comic Archives\B\Series\Blade Runner - 2019 [2019]\Blade Runner - 2019 #04 [2019].cbz,61853700,new,320.319,58.451,212.815,38.735,4,14,1
L:\Comic Archives\B\Series\Blade Runner - 2019 [2019]\Blade Runner - 2019 #05 [2019].cbz,51392085,new,262.694,68.217,154.254,30.759,4,14,1
L:\Comic Archives\B\Series\Blade Runner - 2019 [2019]\Blade Runner - 2019 #06 [2019].cbz,38480405,new,355.01,62.569,244.665,39.313,4,14,1
L:\Comic Archives\B\Series\Blade Runner - 2019 [2019]\Blade Runner - 2019 #07 [2019].cbz,40327587,new,373.618,78.931,205.506,35.878,4,14,1
L:\Comic Archives\B\Series\Blade Runner - 2019 [2019]\Blade Runner - 2019 #08 [2019].cbz,48560510,new,271.424,64.213,169.91,26.792,4,14,1
L:\Comic Archives\B\Series\Blade Runner - 2019 [2019]\Blade Runner - 2019 #09 [2019].cbz,52977586,new,313.931,37.658,240.016,31.349,4,14,1
L:\Comic Archives\B\Series\Blade Runner - 2019 [2019]\Blade Runner - 2019 #10 [2019].cbz,48372711,new,305.915,76.874,188.919,31.708,4,14,1
L:\Comic Archives\B\Series\Blade Runner - 2019 [2019]\Blade Runner - 2019 #11 [2019].cbz,49876031,new,361.017,105.291,218.008,30.806,4,14,1
L:\Comic Archives\B\Series\Blade Runner - 2019 [2019]\Blade Runner - 2019 #12 [2019].cbz,46805176,new,272.971,51.017,191.266,22.245,4,14,1
L:\Comic Archives\B\Series\Blade Runner - 2029 [2021]\Blade Runner - 2029 #01 [2021].cbz,52457286,new,648.108,64.847,266.958,312.074,4,12,1
L:\Comic Archives\B\Series\Blade Runner - 2029 [2021]\Blade Runner - 2029 #02 [2021].cbz,47048371,new,520.89,75.75,319.658,62.508,4,12,1
L:\Comic Archives\B\Series\Blade Runner - 2029 [2021]\Blade Runner - 2029 #03 [2021].cbz,46848698,new,437.329,118.936,280.344,29.398,4,12,1
L:\Comic Archives\B\Series\Blade Runner - 2029 [2021]\Blade Runner - 2029 #04 [2021].cbz,46325728,new,435.72,112.785,277.581,39.807,4,12,1
L:\Comic Archives\B\Series\Blade Runner - 2029 [2021]\Blade Runner - 2029 #05 [2021].cbz,44307518,new,339.027,93.755,206.314,28.951,4,12,1
L:\Comic Archives\B\Series\Blade Runner - 2029 [2021]\Blade Runner - 2029 #06 [2021].cbz,42614844,new,402.932,69.433,266.634,22.301,4,12,1
L:\Comic Archives\B\Series\Blade Runner - 2029 [2021]\Blade Runner - 2029 #07 [2021].cbz,50253958,new,372.912,68.381,265.554,32.203,4,12,1
L:\Comic Archives\B\Series\Blade Runner - 2029 [2021]\Blade Runner - 2029 #08 [2021].cbz,41521757,new,287.621,67.315,178.022,34.255,4,12,1
L:\Comic Archives\B\Series\Blade Runner - 2029 [2021]\Blade Runner - 2029 #09 [2021].cbz,43087492,new,372.313,90.246,238.648,38.103,4,12,1
L:\Comic Archives\B\Series\Blade Runner - 2029 [2021]\Blade Runner - 2029 #10 [2021].cbz,40324289,new,328.494,74.221,200.401,45.934,4,12,1
L:\Comic Archives\B\Series\Blade Runner - 2029 [2021]\Blade Runner - 2029 #11 [2021].cbz,39697037,new,269.998,60.193,166.466,34.185,4,12,1
L:\Comic Archives\B\Series\Blade Runner - 2029 [2021]\Blade Runner - 2029 #12 [2021].cbz,45706152,new,355.336,102.089,209.452,38.561,4,12,1
L:\Comic Archives\B\Series\Blade Runner - 2039 [2023]\Blade Runner - 2039 #01 [2022].cbz,45288428,new,354.598,70.943,218.699,30.143,4,15,1
L:\Comic Archives\B\Series\Blade Runner - 2039 [2023]\Blade Runner - 2039 #02 [2022].cbz,51761184,new,316.083,50.156,213.83,43.926,4,14,1
L:\Comic Archives\B\Series\Blade Runner - 2039 [2023]\Blade Runner - 2039 #03 [2022].cbz,46535994,new,412.637,55.212,311.657,40.941,4,14,1
L:\Comic Archives\B\Series\Blade Runner - 2039 [2023]\Blade Runner - 2039 #04 [2022].cbz,43245516,new,313.814,86.585,184.25,36.065,4,14,1
L:\Comic Archives\B\Series\Blade Runner - 2039 [2023]\Blade Runner - 2039 #05 [2022].cbz,70942054,new,288.958,51.647,146.877,31.564,4,14,1
L:\Comic Archives\B\Series\Blade Runner - 2039 [2023]\Blade Runner - 2039 #06 [2022].cbz,88381942,new,322.176,55.929,226.588,28.461,4,14,1
L:\Comic Archives\B\Series\Blade Runner - 2039 [2023]\Blade Runner - 2039 #07 [2022].cbz,28589315,new,197.905,90.028,76.148,24.612,4,14,1
L:\Comic Archives\B\Series\Blade Runner - 2039 [2023]\Blade Runner - 2039 #08 [2022].cbz,24456224,new,198.041,61.274,96.165,34.558,4,14,1
L:\Comic Archives\B\Series\Blade Runner - Lotus [2022]\Blade Runner - Lotus #01 [2022].cbz,22749875,new,186.879,64.43,74.392,41.884,4,14,1
L:\Comic Archives\B\Series\Blade Runner - Lotus [2022]\Blade Runner - Lotus #02 [2022].cbz,42784613,new,262.083,51.533,164.95,35.65,4,12,1
L:\Comic Archives\B\Series\Blade Runner - Lotus [2022]\Blade Runner - Lotus #03 [2022].cbz,37761159,new,313.85,90.456,186.653,30.794,4,12,1
L:\Comic Archives\B\Series\Blade Runner - Lotus [2022]\Blade Runner - Lotus #04 [2022].cbz,41780667,new,445.977,107.368,294.453,37.911,4,12,1
L:\Comic Archives\B\Series\Blade Runner - Original [1982]\Blade Runner 01 [1982].cbz,8058528,new,181.204,84.9,50.931,33.519,4,16,1
L:\Comic Archives\B\Series\Blade Runner - Original [1982]\Blade Runner 2 1982.cbz,8470514,new,165.227,50.706,46.714,61.147,4,14,1
L:\Comic Archives\B\Series\Blade Runner - Origins [2022]\Blade Runner - Origins #01 [2022].cbz,43251450,new,338.128,49.062,231.053,46.34,4,16,1
L:\Comic Archives\B\Series\Blade Runner - Origins [2022]\Blade Runner - Origins #02 [2022].cbz,50771071,new,377.518,130.426,203.616,36.529,4,14,1
L:\Comic Archives\B\Series\Blade Runner - Origins [2022]\Blade Runner - Origins #03 [2022].cbz,43294802,new,308.632,55.095,197.885,49.608,4,14,1
L:\Comic Archives\B\Series\Blade Runner - Origins [2022]\Blade Runner - Origins #04 [2022].cbz,46860320,new,327.962,57.802,211.913,29.413,4,14,1
L:\Comic Archives\B\Series\Blade Runner - Origins [2022]\Blade Runner - Origins #05 [2022].cbz,50429627,new,296.989,56.717,206.527,28.458,4,14,1
L:\Comic Archives\B\Series\Blade Runner - Origins [2022]\Blade Runner - Origins #06 [2022].cbz,43705803,new,297.512,85.313,171.225,35.036,4,14,1
L:\Comic Archives\B\Series\Blade Runner - Origins [2022]\Blade Runner - Origins #07 [2022].cbz,44874980,new,337.593,82.376,213.743,34.966,4,14,1
L:\Comic Archives\B\Series\Blade Runner - Origins [2022]\Blade Runner - Origins #08 [2022].cbz,50549237,new,355.51,61.66,223.052,39.18,4,14,1
L:\Comic Archives\B\Series\Blade Runner - Origins [2022]\Blade Runner - Origins #09 [2022].cbz,51326171,new,455.362,145.607,273.143,30.52,4,14,1
L:\Comic Archives\B\Series\Blade Runner - Origins [2022]\Blade Runner - Origins #10 [2022].cbz,43203871,new,305.803,61.424,209.588,30.083,4,14,1
L:\Comic Archives\B\Series\Blade Runner - Origins [2022]\Blade Runner - Origins #11 [2022].cbz,40782304,new,308.36,64.221,208.508,25.006,4,14,1
L:\Comic Archives\B\Series\Blade Runner - Origins [2022]\Blade Runner - Origins #12 [2022].cbz,46305198,new,448.079,64.181,320.639,57.127,4,14,1
L:\Comic Archives\B\Series\Blubber [2015]\Blubber #01 [2015].cbz,22651364,new,284.988,84.276,163.256,29.269,4,13,1
L:\Comic Archives\B\Series\Blubber [2015]\Blubber #02 [2015].cbz,28245091,new,329.647,106.331,186.622,29.964,4,12,1
L:\Comic Archives\B\Series\Blubber [2015]\Blubber #03 [2015].cbz,24804575,new,347.197,109.223,188.509,43.944,4,12,1
L:\Comic Archives\B\Series\Blubber [2015]\Blubber #04 [2015].cbz,32086441,new,278.957,77.499,161.759,32.102,4,12,1
L:\Comic Archives\B\Series\Blueberry [1973-1974]\Blueberry - Angel Face #03 [1989].cbz,57171350,new,206.525,114.453,53.93,30.131,4,14,1
L:\Comic Archives\B\Series\Blueberry [1973-1974]\Blueberry - Ballad for a Coffin #02 [1989].cbz,82291844,new,173.9,47.562,87.225,33.158,4,12,1
L:\Comic Archives\B\Series\Blueberry [1973-1974]\Blueberry - Chihuahua Pearl #01 [1989].cbz,76383525,new,188.743,49.337,95.293,37.895,4,12,1
L:\Comic Archives\B\Series\Borderlands - Moxxi's Mysterious Memento [2024]\Borderlands - Moxxi's Mysterious Memento #01 [2024].cbz,63578667,new,289.948,70.959,147.705,64.413,4,14,1
L:\Comic Archives\B\Series\Borderlands - Moxxi's Mysterious Memento [2024]\Borderlands - Moxxi's Mysterious Memento #02 [2024].cbz,70335160,new,353.168,103.401,209.239,32.506,4,12,1
L:\Comic Archives\B\Series\Borderlands - Moxxi's Mysterious Memento [2024]\Borderlands - Moxxi's Mysterious Memento #03 [2024].cbz,68342682,new,298.265,79.95,174.541,39.055,4,12,1
L:\Comic Archives\B\Series\Borderlands - Moxxi's Mysterious Memento [2024]\Borderlands - Moxxi's Mysterious Memento #04 [2024].cbz,117855494,new,351.572,109.537,208.355,24.502,4,12,1
L:\Comic Archives\B\Series\Borderlands - Origins [2012]\Borderlands - Origins #01 [2012].cbz,33658735,new,313.908,67.425,140.607,38.842,4,14,1
L:\Comic Archives\B\Series\Borderlands - Origins [2012]\Borderlands - Origins #02 [2012].cbz,32014501,new,443.687,52.931,133.562,251.402,4,12,1
L:\Comic Archives\B\Series\Borderlands - Origins [2012]\Borderlands - Origins #03 [2012].cbz,36635999,new,313.231,73.319,152.379,79.76,4,12,1
L:\Comic Archives\B\Series\Borderlands - Origins [2012]\Borderlands - Origins #04 [2012].cbz,38261257,new,265.801,60.448,165.159,34.093,4,12,1
L:\Comic Archives\B\Series\Borderlands - The Fall of Fyrestone [2014]\Borderlands - The Fall of Fyrestone #01 [2014].cbz,44826921,new,272.183,65.645,158.222,40.063,4,12,1
L:\Comic Archives\B\Series\Borderlands - The Fall of Fyrestone [2014]\Borderlands - The Fall of Fyrestone #02 [2014].cbz,37691447,new,289.049,98.545,158.462,25.205,4,12,1
L:\Comic Archives\B\Series\The Boys - Omnibus [2019]\The Boys - Omnibus #01 [2019].cbz,588850272,new,284.337,82.982,158.537,34.836,4,13,1
L:\Comic Archives\B\Series\The Boys - Omnibus [2019]\The Boys - Omnibus #02 [2019].cbz,678558404,new,313.223,61.869,204.149,42.416,4,12,1
L:\Comic Archives\B\Singles\A Bulletproof Coffin [2017]\Bulletproof Coffin - The 1000 Yard Stare [2017].cbz,41312612,new,245.917,81.86,132.499,24.78,4,16,1
L:\Comic Archives\B\Singles\BUZZ! - Color Edition (2025)\BUZZ! - Color Edition (2025).cbz,285052047,new,306.766,36.768,221.003,42.939,4,17,1
L:\Comic Archives\B\Singles\Babybel Wax Bodysuit (2016)\Babybel Wax Bodysuit (2016).cbz,38706359,new,286.828,28.972,207.735,31.225,4,17,1
L:\Comic Archives\B\Singles\Back in the Day (2011)\Back in the Day (2011).cbz,43624041,new,212.665,72.87,100.677,28.388,4,16,1
L:\Comic Archives\B\Singles\Bacon and Other Monstrous Tales (2021)\Bacon and Other Monstrous Tales (2021).cbz,225652302,new,279.996,63.358,175.153,31.472,4,27,1
L:\Comic Archives\B\Singles\Bad Blood (2014)\Bad Blood (2014).cbz,235616467,new,277.614,70.424,170.545,27.2,4,18,1
L:\Comic Archives\B\Singles\Ballad for Sophie (2021)\Ballad for Sophie (2021).cbz,566235423,new,404.946,67.306,276.796,47.486,4,29,1
L:\Comic Archives\B\Singles\Baloney (2008)\Baloney (2008).cbz,40310478,new,223.79,112.867,63.914,38.855,4,13,1
L:\Comic Archives\B\Singles\Barbarella [1964]\Barbarella [1968].cbz,38329092,new,153.675,63.094,56.363,25.827,4,13,1
L:\Comic Archives\B\Singles\Barbarian Lord (2014)\Barbarian Lord (2014).cbz,48946770,new,126.66,36.842,30.757,51.046,4,19,1
L:\Comic Archives\B\Singles\Bardin the Superrealist (2006)\Bardin the Superrealist (2006).cbz,80588714,new,208.679,75.631,92.896,31.917,4,13,1
L:\Comic Archives\B\Singles\Barrier - The Collected Edition [2018]\Barrier - The Collected Edition [2018].cbz,115052121,new,144.503,37.615,60.692,39.256,4,21,1
L:\Comic Archives\B\Singles\Bastard (2018)\Bastard (2018).cbz,158601320,new,251.362,53.485,153.431,37.496,4,19,1
L:\Comic Archives\B\Singles\Batman - The Killing Joke Deluxe (New Edition) [2019]\Batman - The Killing Joke The Deluxe Edition [2019].cbz,100579251,new,222.488,34.525,146.425,35.172,4,22,1
L:\Comic Archives\B\Singles\Batman - The Killing Joke [1988]\Batman - The Killing Joke [1988].cbz,22865222,new,180.352,79.745,47.27,38.784,4,26,1
L:\Comic Archives\B\Singles\Batman Arkham Asylum - Tales of Madness [1998]\Batman Arkham Asylum - Tales of Madness [1998].cbz,18477613,new,197.144,53.774,93.548,38.517,4,26,1
L:\Comic Archives\B\Singles\Bea Wolf (2023)\Bea Wolf (First Second 2023).cbz,231992580,new,231.314,55.87,128.883,41.103,4,16,1
L:\Comic Archives\B\Singles\Beanworld Omnibus v01 (2018)\Beanworld Omnibus v01 (2018).cbz,813758702,new,305.605,47.674,227.678,25.037,4,17,1
L:\Comic Archives\B\Singles\Bear (2023)\Bear (2023).cbz,66777386,new,214.453,83.061,97.863,27.923,4,13,1
L:\Comic Archives\B\Singles\Bear King (2015)\Bear King (2015).cbz,224057609,new,256.393,53.596,161.488,35.522,4,13,1
L:\Comic Archives\B\Singles\Beatles with an A - Birth of a Band (2014)\Beatles with an A - Birth of a Band (2014).cbz,118722012,new,214.971,36.302,134.638,38.376,4,16,1
L:\Comic Archives\B\Singles\Becoming Horses (2020)\Becoming Horses (2020).cbz,149757578,new,169.178,80.712,56.601,21.275,4,21,1
L:\Comic Archives\B\Singles\Becoming Unbecoming (2016)\Becoming Unbecoming (2016).cbz,83860155,new,220.633,59.748,113.656,41.336,4,15,1
L:\Comic Archives\B\Singles\Beef With Tomato (2016)\Beef With Tomato (2016).cbz,100327474,new,285.665,61.0,163.516,52.935,4,13,1
L:\Comic Archives\B\Singles\Been Bit (2014)\Been Bit (2014).cbz,15815022,new,334.761,91.989,205.512,27.428,4,14,1
L:\Comic Archives\B\Singles\Before Jane Eyre (2018)\Before Jane Eyre (2018).cbz,80784656,new,240.119,85.06,110.363,37.459,4,13,1
L:\Comic Archives\B\Singles\Behind the Curtain (2022)\Behind the Curtain (2022).cbz,88716561,new,173.317,41.647,84.877,39.306,4,18,1
L:\Comic Archives\B\Singles\Beirut Won't Cry (2017)\Beirut Won't Cry (2017).cbz,239444360,new,289.439,51.99,191.758,40.421,4,17,1
L:\Comic Archives\B\Singles\Belle - Annual [2022]\Belle Annual [2022].cbz,103400279,new,336.596,52.088,245.096,26.682,4,26,1
L:\Comic Archives\B\Singles\Belonging - A German Reckons with History and Home (2018)\Belonging (2018).cbz,267602303,new,264.32,81.029,138.577,37.301,4,19,1
L:\Comic Archives\B\Singles\Beneath the Trees Where Nobody Sees [2024]\Beneath the Trees Where Nobody Sees (2024).cbz,597936908,new,317.161,54.992,239.287,16.733,4,12,1
L:\Comic Archives\B\Singles\Benjamin Bear In Bright Ideas (2023)\Benjamin Bear In Bright Ideas (2023).cbz,27977180,new,222.565,89.902,95.85,31.928,4,13,1
L:\Comic Archives\B\Singles\Benjamin Bear In Fuzzy Thinking (2023)\Benjamin Bear In Fuzzy Thinking (2023).cbz,14213939,new,164.164,60.904,61.332,36.407,4,12,1
L:\Comic Archives\B\Singles\Berlin - The Seven Dwarves (2012)\Berlin - The Seven Dwarves (2012).cbz,28469119,new,197.715,68.084,94.186,30.93,4,7,1
L:\Comic Archives\B\Singles\Best Wishes (2017)\Best Wishes (2017).cbz,360896619,new,486.228,72.185,173.896,231.474,4,21,1
L:\Comic Archives\B\Singles\Beta Testing The Apocalypse (2012)\Beta Testing The Apocalypse (2012).cbz,115649222,new,422.326,98.358,253.14,34.556,4,13,1
L:\Comic Archives\B\Singles\Beta Testing the Ongoing Apocalypse (2022)\Beta Testing the Ongoing Apocalypse (2022).cbz,197936845,new,336.955,103.097,191.518,33.702,4,20,1
L:\Comic Archives\B\Singles\Betty Blues (2013)\Betty Blues (2013).cbz,120188326,new,351.935,71.103,215.011,53.444,4,22,1
L:\Comic Archives\B\Singles\Beware the Eye of Odin [2022]\Beware the Eye of Odin [2022].cbz,201410717,new,263.348,84.762,132.628,32.608,4,24,1
L:\Comic Archives\B\Singles\Big Guy & Rusty the Boy Robot [2015]\Big Guy & Rusty the Boy Robot [2015].cbz,187565114,new,432.177,98.59,281.869,40.888,4,27,1
L:\Comic Archives\B\Singles\Big Scoop of Ice Cream (2022)\Big Scoop of Ice Cream (2022).cbz,152496329,new,310.859,110.58,166.457,25.988,4,13,1
L:\Comic Archives\B\Singles\Big Ugly (2023)\Big Ugly (2023).cbz,87936605,new,439.215,97.368,289.774,44.795,4,13,1
L:\Comic Archives\B\Singles\Bigg Time [2002]\Bigg Time [2002].cbz,67497403,new,195.699,110.458,46.765,28.349,4,19,1
L:\Comic Archives\B\Singles\Billi 99 (2002)\Billi 99 (2002).cbz,54779843,new,131.616,43.101,55.56,26.682,2,7,1
L:\Comic Archives\B\Singles\Billionaire Island [2020]\Billionaire Island v1 [2020].cbz,181757225,new,422.453,102.635,226.26,68.528,4,22,1
L:\Comic Archives\B\Singles\Binary (2013)\Binary (2013).cbz,262591141,new,297.277,76.692,175.741,36.737,4,22,1
L:\Comic Archives\B\Singles\Bioripple (2021)\Bioripple (2021).cbz,916426908,new,394.303,123.459,218.338,42.675,4,13,1
L:\Comic Archives\B\Singles\Bit Torment (2006)\Bit Torment (2006).cbz,63848622,new,104.437,54.478,20.83,24.082,4,14,1
L:\Comic Archives\B\Singles\Black (2016)\Black (2016).cbz,60997047,new,358.293,59.856,260.342,26.989,4,33,1
L:\Comic Archives\B\Singles\Black Crown (2018)\Black Crown (2018).cbz,385191478,new,310.333,95.537,139.842,63.82,4,20,1
L:\Comic Archives\B\Singles\Black Dog. The Dreams of Paul Nash [2016]\Black Dog - The Dreams of Paul Nash [2016].cbz,232260325,new,427.002,107.268,282.294,28.28,4,16,1
L:\Comic Archives\B\Singles\Black Eyes (2015)\Black Eyes (2015).cbz,92734950,new,280.737,78.774,178.935,16.615,4,17,1
L:\Comic Archives\B\Singles\Black Fire (2011)\Black Fire (2011).cbz,630388608,new,396.941,45.401,271.285,69.277,4,19,1
L:\Comic Archives\B\Singles\Black Mass Rising [2021]\Black Mass Rising [2021].cbz,73206884,new,220.418,82.239,78.598,48.256,4,18,1
L:\Comic Archives\B\Singles\Black Orchid v1 Annual [1993]\Black Orchid Annual (1993).cbz,32739923,new,140.096,53.44,43.455,28.025,4,36,1
L:\Comic Archives\B\Singles\Black Paradise (2019)\Black Paradise (2019).cbz,148333568,new,183.837,22.386,105.997,50.284,4,17,1
L:\Comic Archives\B\Singles\Black Science - Compendium [2023]\Black Science - Compendium [2023].cbz,953766754,new,270.92,111.945,100.372,45.87,4,31,1
L:\Comic Archives\B\Singles\Blackjacked and Pistol Whipped - A Crime Does Not Pay Primer [2011]\Blackjacked and Pistol-Whipped (2011).cbz,312327468,new,204.017,66.274,89.72,26.633,4,40,1
L:\Comic Archives\B\Singles\Blacklung (2012)\Blacklung (2012).cbz,254269094,new,247.818,48.509,161.124,30.94,4,17,1
L:\Comic Archives\B\Singles\Blade Runner - Souvenir Magazine [1982]\Blade Runner - Souvenir Magazine [1982].cbz,197671955,new,189.819,68.141,81.917,32.493,4,13,1
L:\Comic Archives\B\Singles\Blame This on the Boogie (2018)\Blame This on the Boogie (2018).cbz,219059053,new,259.174,70.898,151.45,31.362,4,13,1
L:\Comic Archives\B\Singles\Blankets [English] [2003]\Blankets [English] [2003].cbz,55804468,new,156.251,61.334,55.783,31.908,4,13,1
"L:\Comic Archives\B\Singles\Blessed Be - A Flowertown, USA Adventure (2024)\Blessed Be - A Flowertown, USA Adventure (2024).cbz",231920354,new,255.681,41.895,178.7,30.56,4,13,1
L:\Comic Archives\B\Singles\Blessed Thistle (2011)\Blessed Thistle (2011).cbz,49658477,new,255.355,124.798,93.339,31.219,4,13,1
L:\Comic Archives\B\Singles\Blood (2016)\Blood (2016).cbz,189182717,new,266.662,35.305,198.611,25.738,4,22,1
L:\Comic Archives\B\Singles\Blood Song - A Silent Ballad (2009)\Blood Song - A Silent Ballad (2009).cbz,145804315,new,221.977,52.283,124.308,40.721,4,13,1
L:\Comic Archives\B\Singles\Bloodletter (2025)\Bloodletter (2025).cbz,74671117,new,344.031,41.684,255.617,28.138,4,24,1
L:\Comic Archives\B\Singles\Bloodrik [2024]\Bloodrik [2024].cbz,524999179,new,382.069,91.965,239.196,41.432,4,21,1
L:\Comic Archives\B\Singles\Bloodshot World  (2024)\Bloodshot World (2024).cbz,129264531,new,277.412,77.596,159.48,32.125,4,13,1
L:\Comic Archives\B\Singles\Bloody Mary (2025)\Bloody Mary (2025).cbz,179141120,new,171.252,66.905,73.781,24.016,4,13,1
L:\Comic Archives\B\Singles\Blossoms and Bones - Drawing a Life Back Together (2020)\Blossoms and Bones (2020).cbz,101057392,new,217.554,54.376,123.858,34.858,4,13,1
L:\Comic Archives\B\Singles\Blue In Green [2020]\Blue In Green [2022].cbz,297778397,new,252.081,73.914,133.571,28.927,4,24,1
L:\Comic Archives\B\Singles\Bolero [2022]\Bolero [2022].cbz,822325218,new,608.299,68.016,234.61,296.578,4,20,1
L:\Comic Archives\B\Singles\Bolivar (2017)\Bolivar (2017).cbz,813431503,new,457.331,73.774,319.897,54.02,4,17,1
L:\Comic Archives\B\Singles\Bone - Coda - 25th Anniversary [2016]\Bone - Coda - 25th Anniversary [2016].cbz,114075975,new,381.765,81.419,222.646,70.107,4,17,1
L:\Comic Archives\B\Singles\Bone - More Tall Tales [2023]\Bone - More Tall Tales [2023].cbz,342374283,new,419.142,104.871,274.933,25.419,4,24,1
L:\Comic Archives\B\Singles\Bone - Tall Tales [2010]\Bone - Tall Tales [2010].cbz,71392676,new,239.634,85.72,112.613,30.661,4,20,1
L:\Comic Archives\B\Singles\Bone Adventures - Finders Keepers + Smiley's Dream [2020]\Bone Adventures (2020).cbz,129896759,new,263.786,33.392,198.97,25.283,4,22,1
L:\Comic Archives\B\Singles\Border Worlds (2017)\Border Worlds (2017).cbz,367558730,new,259.46,99.887,123.863,28.456,4,17,1
L:\Comic Archives\B\Singles\Borderlands - Moxxi's Mysterious Memento (2025)\Borderlands - Moxxi's Mysterious Memento (2025).cbz,1131325138,new,693.643,46.533,611.089,30.804,4,12,1
L:\Comic Archives\B\Singles\Boulet's Notes - Back in Time (2024)\Boulet's Notes Back in Time (2024).cbz,330839598,new,310.716,109.643,169.246,25.075,4,12,1
L:\Comic Archives\B\Singles\Brain Damage (2025)\Brain Damage (2025).cbz,295827858,new,355.063,40.374,240.773,71.03,2,7,1
L:\Comic Archives\B\Singles\Breathers (2023)\Breathers (2023).cbz,495568306,new,379.932,118.577,185.202,28.976,4,17,1
L:\Comic Archives\B\Singles\Breathtaker [1994]\Breathtaker (1994).cbz,81694605,new,169.326,60.444,64.708,32.272,4,25,1
L:\Comic Archives\B\Singles\Bridge Planet Nine (2025)\Bridge Planet Nine (2025).cbz,274825160,new,211.01,43.905,125.649,36.994,4,13,1
L:\Comic Archives\B\Singles\Brigada (2013)\Brigada (2013).cbz,94785694,new,212.533,63.639,104.441,33.402,4,15,1
L:\Comic Archives\B\Singles\Brik [2017]\Brik [2017].cbz,589963953,new,492.195,65.957,383.054,31.076,4,28,1
L:\Comic Archives\B\Singles\Britten And Brülightly [2008]\Britten And Brülightly (2008).cbz,82214777,new,236.738,86.031,115.523,30.15,4,13,1
L:\Comic Archives\B\Singles\Brutal Nature (2016)\Brutal Nature (2016).cbz,150712347,new,373.434,52.215,271.187,41.516,4,23,1
L:\Comic Archives\B\Singles\Brutal Nature Omnibus (2023)\Brutal Nature Omnibus (2023).cbz,351541439,new,304.534,77.195,196.195,24.65,4,14,1
L:\Comic Archives\B\Singles\Bucko (2012)\Bucko (2012).cbz,148064666,new,264.903,108.734,117.555,31.301,4,17,1
L:\Comic Archives\B\Singles\Buffalo Runner  (2016)\Buffalo Runner (2016).cbz,55847438,new,165.529,60.861,66.965,29.48,4,13,1
L:\Comic Archives\B\Singles\Bugged (2013)\Bugged (2013).cbz,94405864,new,263.563,61.395,161.012,30.96,4,18,1
L:\Comic Archives\B\Singles\Buja's Diary (2005)\Buja's Diary (2005).cbz,617935311,new,599.957,96.335,460.622,33.141,4,17,1
"L:\Comic Archives\B\Singles\Buried Long, Long Ago (2025)\Buried Long, Long Ago (2025).cbz",423158527,new,415.146,102.795,263.236,38.365,4,14,1
L:\Comic Archives\B\Singles\Buster Book [1979]\Buster Book - Book 1979 [1979].cbz,128710616,new,201.67,63.608,93.533,37.299,4,12,1
"L:\Comic Archives\B\Singles\Butcher Baker, The Righteous Maker [2012]\Butcher Baker - The Righteous Maker (2012).cbz",394167373,new,289.315,66.574,178.745,37.526,4,18,1
L:\Comic Archives\B\Singles\Button Pusher (2022)\Button Pusher (2022).cbz,194559338,new,269.118,109.856,122.459,29.352,4,13,1
L:\Comic Archives\B\Singles\Buzzkill [2017]\Buzzkill [2017].cbz,404834709,new,335.02,56.972,223.341,38.283,4,26,1
L:\Comic Archives\B\Singles\The Backwards Folding Mirror(2014)\The Backwards Folding Mirror (2014).cbz,42197638,new,288.567,105.489,148.71,27.222,4,17,1
L:\Comic Archives\B\Singles\The Bad Guy (2013)\The Bad Guy (2013).cbz,121854458,new,288.696,49.114,199.058,34.146,4,17,1
L:\Comic Archives\B\Singles\The Bakers - Do These Toys Belong Somewhere (2006)\The Bakers - Do These Toys Belong Somewhere (2006).cbz,25886906,new,197.867,94.116,60.462,36.111,4,18,1
L:\Comic Archives\B\Singles\The Bark of Things (2018)\The Bark of Things (2018).cbz,78336714,new,198.21,33.614,123.488,36.491,4,13,1
L:\Comic Archives\B\Singles\The Bawk-ness Monster (Cryptid Kids) (2023)\The Bawk-ness Monster (Cryptid Kids) (2023).cbz,92185774,new,195.508,51.423,96.043,38.739,4,18,1
L:\Comic Archives\B\Singles\The Beatles in Comics (2018)\The Beatles in Comics (2018).cbz,147995403,new,190.697,71.506,75.459,30.905,4,36,1
L:\Comic Archives\B\Singles\The Beauty - Book #1 (2026)\The Beauty - Book #1 (2026).cbz,567030111,new,347.516,68.171,225.839,43.191,4,17,1
L:\Comic Archives\B\Singles\The Best We Could Do (2017)\The Best We Could Do (2017).cbz,482356622,new,347.509,130.194,175.188,35.252,4,13,1
L:\Comic Archives\B\Singles\The Best of Milligan & McCarthy [2013]\The Best of Milligan & McCarthy [2013].cbz,907629838,new,319.66,120.456,163.217,24.957,4,23,1
L:\Comic Archives\B\Singles\The Big Empty Life of Alphonse Tabouret (2018)\The Big Empty Life of Alphonse Tabouret (2018).cbz,116775017,new,205.883,42.441,125.953,30.738,4,21,1
L:\Comic Archives\B\Singles\The Bigger Bang (2012)\The Bigger Bang (2012).cbz,263159863,new,344.37,60.924,240.72,34.495,4,14,1
L:\Comic Archives\B\Singles\The Biggest Bang (2016)\The Biggest Bang (2016).cbz,367773436,new,411.979,89.074,294.503,19.135,4,18,1
L:\Comic Archives\B\Singles\The Black Hood - The Bullet's Kiss [2017]\The Black Hood - The Bullet's Kiss [2015].cbz,612889998,new,648.605,81.424,209.772,337.701,4,38,1
L:\Comic Archives\B\Singles\The Black Sinister (2017)\The Black Sinister (2017).cbz,332939520,new,455.742,149.737,247.631,44.944,4,25,1
L:\Comic Archives\B\Singles\The Blackbeard Legacy Omnibus (2014)\The Blackbeard Legacy Omnibus (2014).cbz,379779949,new,399.514,161.388,188.47,32.695,4,27,1
L:\Comic Archives\B\Singles\The Blighted Eye (2014)\The Blighted Eye (2014).cbz,574083856,new,460.82,101.878,320.903,32.715,4,13,1
L:\Comic Archives\B\Singles\The Bomb (2008)\The Bomb (2008).cbz,257248695,new,357.061,101.083,210.345,38.315,4,13,1
L:\Comic Archives\B\Singles\The Bomb - The Weapon That Changed the World (2023)\The Bomb - The Weapon That Changed the World (2023).cbz,306167412,new,213.905,86.585,63.17,30.368,4,23,1
L:\Comic Archives\B\Singles\The Boogeyman (2008)\The Boogeyman (2008).cbz,33801047,new,164.023,40.299,93.464,25.775,4,13,1
L:\Comic Archives\B\Singles\The Book of Five Rings - A Graphic Novel (2013)\The Book of Five Rings - A Graphic Novel (2013).cbz,178909466,new,289.428,72.865,149.901,58.673,4,17,1
L:\Comic Archives\B\Singles\The Book of Secrets (2020)\The Book of Secrets (2020).cbz,63011729,new,261.954,123.285,66.486,62.224,4,14,1
L:\Comic Archives\B\Singles\The Bowerbird (2013)\The Bowerbird (2013).cbz,40392814,new,312.507,58.075,216.018,32.798,4,13,1
L:\Comic Archives\B\Singles\The Boys of Sheriff Street (2016)\The Boys of Sheriff Street (2016).cbz,160910756,new,305.859,72.376,193.442,32.078,4,18,1
L:\Comic Archives\B\Singles\The Bully's Bully (2014)\The Bully's Bully v01 (2014).cbz,146632912,new,347.928,102.991,172.748,63.207,4,22,1
L:\Comic Archives\B\Singles\The Burning City (2015)\The Burning City (2015).cbz,155007555,new,304.191,84.123,150.542,58.841,4,17,1
L:\Comic Archives\B\Singles\The Butcher of Paris (2020)\The Butcher of Paris (2020).cbz,179105538,new,370.634,105.161,177.549,72.424,4,24,1
L:\Comic Archives\B\Singles\The Complete Bad Company (2011)\The Complete Bad Company (2011).cbz,229054798,new,226.41,84.162,102.566,28.409,4,34,1
L:\Comic Archives\C\Series\Casanova [2014 - 2015]\Casanova - The Complete Edition #1 [2014].cbz,250211175,new,226.17,65.039,124.531,27.931,4,16,1
L:\Comic Archives\C\Series\Casanova [2014 - 2015]\Casanova - The Complete Edition #2 [2015].cbz,265482688,new,244.443,49.081,160.515,29.287,4,14,1
L:\Comic Archives\C\Series\Casanova [2014 - 2015]\Casanova - The Complete Edition #3 [2015].cbz,178983808,new,312.524,47.665,224.955,34.354,4,14,1
L:\Comic Archives\C\Series\Castle Waiting [2013]\Castle Waiting #1 (2013).cbz,927401683,new,427.831,73.606,324.364,23.912,4,13,1
L:\Comic Archives\C\Series\Castle Waiting [2013]\Castle Waiting #2 (2013).cbz,604515931,new,297.394,53.385,211.825,27.91,4,12,1
L:\Comic Archives\C\Series\Castle [2011 - 2012]\Castle #1 Richard Castle's Deadly Storm (2011).cbz,38512923,new,156.141,82.589,39.775,26.361,4,17,1
L:\Comic Archives\C\Series\Castle [2011 - 2012]\Castle #2 Richard Castle's Storm Season (2012).cbz,34003511,new,140.803,48.466,51.646,36.027,4,14,1
L:\Comic Archives\C\Series\Centaurus (2018 - 2019)\Centaurus #1 - Promised Land (2018).cbz,102962115,new,321.474,55.909,221.473,36.6,4,16,1
L:\Comic Archives\C\Series\Centaurus (2018 - 2019)\Centaurus #2 - Strange Lands (2018).cbz,101818614,new,319.781,60.908,215.725,38.274,4,14,1
L:\Comic Archives\C\Series\Centaurus (2018 - 2019)\Centaurus #3 - Land of Madness (2019).cbz,108425959,new,333.407,65.826,214.911,41.685,4,14,1
L:\Comic Archives\C\Series\Centaurus (2018 - 2019)\Centaurus #4 - Earth of Anguish (2019).cbz,87461929,new,271.991,41.54,188.063,37.792,4,14,1
L:\Comic Archives\C\Series\Centaurus (2018 - 2019)\Centaurus #5 - Land of Death (2019).cbz,16073051,new,151.341,61.582,52.275,27.358,4,14,1
L:\Comic Archives\C\Series\Chester 5000 [2011 - 2016]\Chester 5000 #1 (2011).cbz,66854982,new,114.963,20.074,63.363,27.27,4,13,1
L:\Comic Archives\C\Series\Chester 5000 [2011 - 2016]\Chester 5000 #2 (2016).cbz,250258896,new,279.123,68.157,162.052,39.656,4,12,1
L:\Comic Archives\C\Series\Copperhead [2015 - 2018]\Copperhead #1 [2015].cbz,198746541,new,320.564,59.058,229.04,22.134,4,13,1
L:\Comic Archives\C\Series\Copperhead [2015 - 2018]\Copperhead #2 [2015].cbz,201963125,new,355.026,81.673,252.921,15.7,4,12,1
L:\Comic Archives\C\Series\Copperhead [2015 - 2018]\Copperhead #3 [2017].cbz,336015172,new,322.068,56.873,226.201,33.94,4,12,1
L:\Comic Archives\C\Series\Copperhead [2015 - 2018]\Copperhead #4 [2018].cbz,136146950,new,289.793,80.509,141.359,61.921,4,12,1
L:\Comic Archives\C\Series\Criminal - Volume 1 [2006]\Criminal - Vol 1 #1 (2006).cbz,15097397,new,220.453,108.964,64.844,35.753,4,13,1
L:\Comic Archives\C\Series\Criminal - Volume 1 [2006]\Criminal - Vol 1 #10 (2006).cbz,12758067,new,198.236,61.05,71.219,57.902,4,12,1
L:\Comic Archives\C\Series\Criminal - Volume 1 [2006]\Criminal - Vol 1 #2 (2006).cbz,13444688,new,178.189,71.357,66.894,32.38,4,12,1
L:\Comic Archives\C\Series\Criminal - Volume 1 [2006]\Criminal - Vol 1 #3 (2006).cbz,15062953,new,165.241,38.786,58.471,63.768,4,12,1
L:\Comic Archives\C\Series\Criminal - Volume 1 [2006]\Criminal - Vol 1 #4 (2006).cbz,14218329,new,179.713,60.872,71.717,37.702,4,12,1
L:\Comic Archives\C\Series\Criminal - Volume 1 [2006]\Criminal - Vol 1 #5 (2006).cbz,12518240,new,163.31,59.045,59.55,36.282,4,12,1
L:\Comic Archives\C\Series\Criminal - Volume 1 [2006]\Criminal - Vol 1 #6 (2006).cbz,14769144,new,181.739,64.193,65.57,43.095,4,12,1
L:\Comic Archives\C\Series\Criminal - Volume 1 [2006]\Criminal - Vol 1 #7 (2006).cbz,13549935,new,155.958,41.644,81.97,27.295,4,12,1
L:\Comic Archives\C\Series\Criminal - Volume 1 [2006]\Criminal - Vol 1 #8 (2006).cbz,10137357,new,182.246,52.862,69.005,55.942,4,12,1
L:\Comic Archives\C\Series\Criminal - Volume 1 [2006]\Criminal - Vol 1 #9 (2006).cbz,12306953,new,151.774,55.834,66.34,20.868,4,12,1
L:\Comic Archives\C\Series\Criminal - Volume 2 [2019]\Criminal - Vol 2 #1 (2019).cbz,62850414,new,220.442,34.246,141.606,39.365,4,15,1
L:\Comic Archives\C\Series\Criminal - Volume 2 [2019]\Criminal - Vol 2 #10 (2019).cbz,52281767,new,485.189,63.614,157.556,255.946,4,14,1
L:\Comic Archives\C\Series\Criminal - Volume 2 [2019]\Criminal - Vol 2 #11 (2019).cbz,54166958,new,315.417,86.055,177.426,43.334,4,14,1
L:\Comic Archives\C\Series\Criminal - Volume 2 [2019]\Criminal - Vol 2 #12 (2019).cbz,43526212,new,262.061,61.17,153.774,39.886,4,14,1
L:\Comic Archives\C\Series\Criminal - Volume 2 [2019]\Criminal - Vol 2 #2 (2019).cbz,48058678,new,377.692,131.533,168.351,73.178,4,14,1
L:\Comic Archives\C\Series\Criminal - Volume 2 [2019]\Criminal - Vol 2 #3 (2019).cbz,46490312,new,261.613,64.335,150.545,38.156,4,14,1
L:\Comic Archives\C\Series\Criminal - Volume 2 [2019]\Criminal - Vol 2 #4 (2019).cbz,44784950,new,256.423,49.798,143.455,54.928,4,14,1
L:\Comic Archives\C\Series\Criminal - Volume 2 [2019]\Criminal - Vol 2 #5 (2019).cbz,43899913,new,285.644,114.903,128.947,30.881,4,14,1
L:\Comic Archives\C\Series\Criminal - Volume 2 [2019]\Criminal - Vol 2 #6 (2019).cbz,50877067,new,198.085,19.348,138.931,34.967,4,14,1
L:\Comic Archives\C\Series\Criminal - Volume 2 [2019]\Criminal - Vol 2 #7 (2019).cbz,50818379,new,231.326,37.025,151.858,37.342,4,14,1
L:\Comic Archives\C\Series\Criminal - Volume 2 [2019]\Criminal - Vol 2 #8 (2019).cbz,54008916,new,262.204,53.585,160.725,36.638,4,14,1
L:\Comic Archives\C\Series\Criminal - Volume 2 [2019]\Criminal - Vol 2 #9 (2019).cbz,49733355,new,296.848,69.155,185.806,31.555,4,14,1
L:\Comic Archives\C\Series\Cyberarchy (2025)\Cyberarchy #1 (2025).cbz,63849533,new,462.62,88.496,342.43,24.923,4,13,1
L:\Comic Archives\C\Series\Cyberarchy (2025)\Cyberarchy #2 (2026).cbz,58228864,new,555.361,124.712,383.756,39.333,4,12,1
L:\Comic Archives\C\Series\Cyberarchy (2025)\Cyberarchy #3 (2026).cbz,56553717,new,436.683,26.085,324.266,81.407,4,12,1
L:\Comic Archives\C\Series\Cyberarchy (2025)\Cyberarchy #4 (2026).cbz,42223690,new,353.074,98.604,218.233,26.86,4,12,1
L:\Comic Archives\C\Series\Cyberpunk 2077 - Blackout [2022]\Cyberpunk 2077 - Blackout #01 [2022].cbz,54695854,new,347.519,80.362,226.326,33.987,4,14,1
L:\Comic Archives\C\Series\Cyberpunk 2077 - Blackout [2022]\Cyberpunk 2077 - Blackout #02 [2022].cbz,59108786,new,388.078,154.192,192.222,34.141,4,12,1
L:\Comic Archives\C\Series\Cyberpunk 2077 - Blackout [2022]\Cyberpunk 2077 - Blackout #03 [2022].cbz,60003066,new,512.621,83.428,382.755,41.393,4,12,1
L:\Comic Archives\C\Series\Cyberpunk 2077 - Blackout [2022]\Cyberpunk 2077 - Blackout #04 [2022].cbz,50398548,new,343.175,70.281,218.895,48.935,4,12,1
L:\Comic Archives\C\Series\Cyberpunk 2077 - Chrome (2026)\Cyberpunk 2077 - Chrome #1  (2026).cbz,90719074,new,396.395,63.778,294.374,32.423,4,13,1
L:\Comic Archives\C\Series\Cyberpunk 2077 - Chrome (2026)\Cyberpunk 2077 - Chrome #2  (2026).cbz,169865997,new,618.849,55.644,515.829,43.118,4,12,1
L:\Comic Archives\C\Series\Cyberpunk 2077 - Chrome (2026)\Cyberpunk 2077 - Chrome #3 (2026).cbz,160888273,new,536.753,62.141,447.1,23.159,4,8,1
L:\Comic Archives\C\Series\Cyberpunk 2077 - Kickdown [2025]\Cyberpunk 2077 - Kickdown #01 [2024].cbz,60781369,new,308.02,93.53,156.508,49.677,4,14,1
L:\Comic Archives\C\Series\Cyberpunk 2077 - Kickdown [2025]\Cyberpunk 2077 - Kickdown #02 [2024].cbz,98364676,new,254.717,119.576,93.475,33.63,4,12,1
L:\Comic Archives\C\Series\Cyberpunk 2077 - Kickdown [2025]\Cyberpunk 2077 - Kickdown #03 [2024].cbz,69247695,new,215.128,24.036,147.889,39.1,4,12,1
L:\Comic Archives\C\Series\Cyberpunk 2077 - Kickdown [2025]\Cyberpunk 2077 - Kickdown #04 [2024].cbz,76332738,new,260.551,35.045,149.25,68.491,4,12,1
L:\Comic Archives\C\Series\Cyberpunk 2077 - Psycho Squad [2025]\Cyberpunk 2077 - Psycho Squad #01 [2025].cbz,56406251,new,275.938,38.582,156.695,43.73,4,31,1
L:\Comic Archives\C\Series\Cyberpunk 2077 - Psycho Squad [2025]\Cyberpunk 2077 - Psycho Squad #02 [2025].cbz,83719625,new,300.918,101.916,165.104,21.995,4,22,1
L:\Comic Archives\C\Series\Cyberpunk 2077 - Psycho Squad [2025]\Cyberpunk 2077 - Psycho Squad #03 [2025].cbz,84134035,new,274.041,18.018,219.813,32.111,4,12,1
L:\Comic Archives\C\Series\Cyberpunk 2077 - Psycho Squad [2025]\Cyberpunk 2077 - Psycho Squad #04 [2025].cbz,82617610,new,280.405,95.87,148.175,30.418,4,12,1
L:\Comic Archives\C\Series\The Color Trilogy (2009)\Color Trilogy #1 The Color of Earth (2009).cbz,394868759,new,488.941,63.383,386.567,33.023,4,13,1
L:\Comic Archives\C\Series\The Color Trilogy (2009)\Color Trilogy #2 The Color of Water (2009).cbz,366184927,new,450.005,55.536,344.332,45.956,4,12,1
L:\Comic Archives\C\Series\The Color Trilogy (2009)\Color Trilogy #3 The Color of Heaven (2009).cbz,382809423,new,502.864,71.093,386.41,38.479,4,12,1
L:\Comic Archives\C\Singles\A Castle in England (2017)\A Castle in England (2017).cbz,316220208,new,372.125,91.159,193.396,80.05,4,17,1
L:\Comic Archives\C\Singles\A Christmas Carol - A Ghost Story (2022)\A Christmas Carol - A Ghost Story (2022).cbz,71046445,new,419.113,189.175,167.616,52.533,4,13,1
L:\Comic Archives\C\Singles\A Cockeyed Menagerie - The Drawings (2021)\A Cockeyed Menagerie - The Drawings (2021).cbz,595860976,new,570.321,152.326,381.953,31.889,4,8,1
L:\Comic Archives\C\Singles\A Complete Lowlife (2001)\A Complete Lowlife (2001).cbz,19590841,new,188.586,91.674,46.507,43.735,4,12,1
L:\Comic Archives\C\Singles\CODEX - Seraphinianus\CODEX - Seraphinianus.cbz,380488936,new,164.859,86.298,21.782,49.386,4,13,1
L:\Comic Archives\C\Singles\Caballistics Inc. (2016)\Caballistics Inc. (2016).cbz,474425827,new,286.818,63.93,180.78,33.714,4,12,1
L:\Comic Archives\C\Singles\Cage! (2017)\Cage! (2017).cbz,242872481,new,272.45,95.587,136.565,34.592,4,14,1
L:\Comic Archives\C\Singles\Cain (2023)\Cain (2023).cbz,182292037,new,388.332,52.905,295.006,35.269,4,13,1
L:\Comic Archives\C\Singles\Can I Pet Your Werewolf (2017)\Can I Pet Your Werewolf (2017).cbz,138119932,new,286.444,105.358,132.209,22.465,4,60,1
L:\Comic Archives\C\Singles\Candles (2021)\Candles (2021).cbz,54327557,new,159.873,78.855,54.328,20.177,4,13,1
L:\Comic Archives\C\Singles\Cankor (2020)\Cankor (2020).cbz,157983730,new,217.011,61.054,123.491,27.958,4,13,1
L:\Comic Archives\C\Singles\Canopy (2016)\Canopy (2016).cbz,63466175,new,267.387,62.292,161.657,36.229,4,13,1
L:\Comic Archives\C\Singles\Caped (2009)\Caped (2009).cbz,114891997,new,305.061,120.486,129.227,40.493,4,20,1
L:\Comic Archives\C\Singles\Capote in Kansas (2005)\Capote in Kansas (2005).cbz,29817487,new,376.222,68.124,53.543,243.793,4,13,1
L:\Comic Archives\C\Singles\Captain Action Cat (2014)\Captain Action Cat (2014).cbz,47332612,new,298.215,75.546,162.894,48.587,4,14,1
L:\Comic Archives\C\Singles\Carbon Grey Omnibus [2016]\Carbon Grey Omnibus (2016).cbz,1062718995,new,403.004,86.38,271.234,35.548,4,32,1
L:\Comic Archives\C\Singles\Carry Me (2014)\Carry Me (2014).cbz,25466881,new,263.775,104.465,120.129,32.644,4,13,1
L:\Comic Archives\C\Singles\Cartoon Clouds (2017)\Cartoon Clouds (2017).cbz,169499467,new,239.417,60.264,138.256,30.919,4,13,1
L:\Comic Archives\C\Singles\Casanova's Last Stand (1993)\Casanova's Last Stand (1993).cbz,79724903,new,255.449,51.438,160.34,29.709,4,13,1
L:\Comic Archives\C\Singles\Casati - The Selfish Muse (2015)\Casati - The Selfish Muse (2015).cbz,94004696,new,206.459,69.623,95.697,32.435,4,13,1
L:\Comic Archives\C\Singles\Casey at the Bat and Other Diamond Tales (2015)\Casey at the Bat and Other Diamond Tales (2015).cbz,21403095,new,204.585,63.115,82.197,50.32,4,14,1
L:\Comic Archives\C\Singles\Cast Away on the Letter A (1972)\Cast Away on the Letter A (1972).cbz,70386326,new,455.631,57.811,351.045,41.228,4,13,1
L:\Comic Archives\C\Singles\Cast No Shadow (2017)\Cast No Shadow (2017).cbz,205415249,new,353.961,67.725,239.025,37.574,4,14,1
L:\Comic Archives\C\Singles\Cat 'n' Bat (2018)\Cat 'n' Bat (2018).cbz,60149586,new,292.756,79.353,156.477,47.415,4,17,1
L:\Comic Archives\C\Singles\Cat Suit (2008)\Cat Suit (2008).cbz,55758371,new,338.843,98.009,201.937,29.926,4,13,1
L:\Comic Archives\C\Singles\Catalyst Comix (2014)\Catalyst Comix (2014).cbz,532514860,new,305.768,108.166,163.398,29.894,4,12,1
"L:\Comic Archives\C\Singles\Cecile & Lemoine - Clara (2012,2016)\Clara (2016).cbz",66153535,new,431.185,131.532,266.707,24.315,4,18,1
L:\Comic Archives\C\Singles\Cell Block Earth and Other Stories (2018)\Cell Block Earth and Other Stories (2018).cbz,177294947,new,246.929,52.414,153.27,29.723,4,37,1
L:\Comic Archives\C\Singles\Cemetery Beach [2019]\Cemetery Beach (2019).cbz,254191718,new,223.726,33.561,147.897,36.573,4,18,1
L:\Comic Archives\C\Singles\Centralia (2023)\Centralia (2023).cbz,175839245,new,287.019,63.166,180.901,34.697,4,13,1
L:\Comic Archives\C\Singles\Chaland Anthology (2003)\Chaland Anthology (2003).cbz,135656285,new,308.129,105.671,123.713,72.984,4,13,1
L:\Comic Archives\C\Singles\Challenger Deep (2009)\Challenger Deep (2009).cbz,111381364,new,364.577,85.203,221.586,34.677,4,17,1
L:\Comic Archives\C\Singles\Change [2013]\Change (2013).cbz,186222466,new,254.241,77.831,125.273,37.168,4,26,1
L:\Comic Archives\C\Singles\Charlie Brown and Friends (2014)\Charlie Brown and Friends (2014).cbz,196473736,new,224.053,47.069,121.668,50.878,4,13,1
L:\Comic Archives\C\Singles\Charly 9 (2015)\Charly 9 (2015).cbz,192181596,new,310.387,79.395,180.899,41.781,4,13,1
L:\Comic Archives\C\Singles\Chartwell Manor (2021)\Chartwell Manor (2021).cbz,500793300,new,280.633,82.639,153.211,34.401,4,19,1
L:\Comic Archives\C\Singles\Cheech & Chong's Chronicles - A Brief History of Weed (2022)\Cheech & Chong's Chronicles - A Brief History of Weed (2022).cbz,65661722,new,195.967,71.864,45.278,70.545,4,17,1
L:\Comic Archives\C\Singles\Cherry Deluxe (1998)\Cherry Deluxe (1998).cbz,12750742,new,140.715,61.323,29.239,38.673,4,19,1
L:\Comic Archives\C\Singles\Cherubs! (2013)\Cherubs! (2013).cbz,569495024,new,299.94,71.916,190.137,29.275,4,17,1
L:\Comic Archives\C\Singles\Chew - Bad Apples [2013]\Chew - Bad Apples [2013].cbz,202093286,new,329.348,102.31,151.131,61.177,4,25,1
L:\Comic Archives\C\Singles\Chew - Blood Puddin' [2015]\Chew - Blood Puddin' [2015].cbz,186017719,new,402.48,133.407,235.571,24.405,4,16,1
L:\Comic Archives\C\Singles\Chew - Chicken Tenders [2015]\Chew - Chicken Tenders [2015].cbz,251524758,new,367.401,79.253,259.131,22.888,4,22,1
L:\Comic Archives\C\Singles\Chew - Family Recipes [2014]\Chew - Family Recipes [2014].cbz,210513944,new,304.556,82.887,176.47,37.067,4,22,1
L:\Comic Archives\C\Singles\Chew - Flambé [2011]\Chew - Flambé [2011].cbz,138137589,new,303.254,111.133,153.486,32.695,4,14,1
L:\Comic Archives\C\Singles\Chew - International Flavor [2010]\Chew - International Flavor [2010].cbz,141682539,new,266.613,63.676,154.614,39.248,4,26,1
L:\Comic Archives\C\Singles\Chew - Just Desserts [2010]\Chew - Just Desserts [2010].cbz,141553984,new,347.566,124.44,159.516,52.665,4,22,1
L:\Comic Archives\C\Singles\Chew - Major League Chew [2012]\Chew - Major League Chew [2012].cbz,191032173,new,351.229,103.366,191.563,46.225,4,22,1
L:\Comic Archives\C\Singles\Chew - Sour Grapes [2017]\Chew - Sour Grapes [2017].cbz,279630513,new,396.987,86.266,243.356,60.783,4,18,1
L:\Comic Archives\C\Singles\Chew - Space Cakes [2012]\Chew - Space Cakes [2012].cbz,253990125,new,297.374,70.173,176.794,34.472,4,25,1
L:\Comic Archives\C\Singles\Chew - Taster's Choice [2009]\Chew - Taster's Choice [2009].cbz,297668968,new,312.682,105.482,156.012,43.608,4,20,1
L:\Comic Archives\C\Singles\Chew - The Last Suppers [2016]\Chew - The Last Suppers [2016].cbz,212518287,new,369.908,135.093,201.529,24.853,4,16,1
L:\Comic Archives\C\Singles\Chew and Outer Darkness - Universes Collide [2020]\Chew and Outer Darkness - Universes Collide [2020].cbz,140113745,new,316.912,91.635,167.682,47.574,4,25,1
L:\Comic Archives\C\Singles\Chicacabra (2014)\Chicacabra (2014).cbz,186044194,new,366.912,106.704,187.852,63.727,4,19,1
L:\Comic Archives\C\Singles\Chicago (2015)\Chicago (2015).cbz,326558236,new,386.992,61.864,287.05,31.242,4,16,1
L:\Comic Archives\C\Singles\Children of the Grave (2007)\Children of the Grave (2007).cbz,154890191,new,517.312,87.038,180.081,237.904,4,22,1
L:\Comic Archives\C\Singles\Cicatrix (2022)\Cicatrix (2022).cbz,24484436,new,273.527,97.455,127.144,39.437,4,13,1
L:\Comic Archives\C\Singles\Cici's Journal. The Adventures of a Writer-in-Training (2017)\Cici's Journal. The Adventures of a Writer-in-Training (2017).cbz,71654489,new,125.553,36.988,48.201,34.081,4,20,1
L:\Comic Archives\C\Singles\Cigarettes. A Filterless Report (2019)\Cigarettes. A Filterless Report (2019).cbz,150816325,new,201.865,56.461,102.947,33.452,4,18,1
L:\Comic Archives\C\Singles\Cindy and Biscuit - We Love Trouble (2023)\Cindy and Biscuit - We Love Trouble (2023).cbz,150312601,new,232.354,46.036,144.309,31.762,4,13,1
L:\Comic Archives\C\Singles\Cinegeek (2017)\Cinegeek (2017).cbz,74519131,new,228.756,57.391,135.764,30.219,4,15,1
L:\Comic Archives\C\Singles\City of Illusion (2021)\City of Illusion (2021).cbz,135427347,new,154.921,61.471,58.668,27.449,4,17,1
L:\Comic Archives\C\Singles\City of Secrets (2020)\City of Secrets (2020).cbz,130415551,new,176.3,41.193,74.971,41.458,4,20,1
L:\Comic Archives\C\Singles\CityZen (2022)\CityZen (2022).cbz,120844057,new,260.703,63.196,114.303,65.193,4,31,1
L:\Comic Archives\C\Singles\Ciudad (2014)\Ciudad (2014).cbz,202536767,new,245.334,64.844,137.169,30.483,4,22,1
L:\Comic Archives\C\Singles\Class Photo (2015)\Class Photo (2015).cbz,106571290,new,321.975,54.323,226.869,33.564,4,17,1
L:\Comic Archives\C\Singles\Clean Cartoonists’ Dirty Drawings (2007)\Clean Cartoonists’ Dirty Drawings (2007).cbz,159349826,new,578.317,96.574,386.963,29.472,4,178,1
L:\Comic Archives\C\Singles\Climate Changed - A Personal Journey Through the Science (2014)\Climate Changed - A Personal Journey Through the Science (2014).cbz,563367386,new,330.367,108.024,183.651,34.686,4,8,1
L:\Comic Archives\C\Singles\Clockwork Angels - The Graphic Novel [2015]\Clockwork Angels - The Graphic Novel (2015).cbz,302164336,new,382.154,111.867,221.567,38.157,4,19,1
L:\Comic Archives\C\Singles\Cloud Hotel (2018)\Cloud Hotel (2018).cbz,158353099,new,262.16,50.618,162.347,42.732,4,17,1
L:\Comic Archives\C\Singles\Cloud Town (2022)\Cloud Town (2022).cbz,315232054,new,327.3,114.28,179.937,25.779,4,14,1
L:\Comic Archives\C\Singles\Clown (2014)\Clown (2014).cbz,27722183,new,303.989,115.89,161.211,18.347,4,18,1
L:\Comic Archives\C\Singles\Clown Fatale (2014)\Clown Fatale (2014).cbz,164243180,new,365.927,60.344,251.613,45.764,4,20,1
L:\Comic Archives\C\Singles\Clown Town (2012)\Clown Town (2012).cbz,209100883,new,322.186,101.946,177.537,36.246,4,14,1
L:\Comic Archives\C\Singles\Clue (2018)\Clue (2018).cbz,190985226,new,313.798,112.486,131.434,58.621,4,24,1
L:\Comic Archives\C\Singles\Cluster [2016]\Cluster (2016).cbz,325079198,new,387.373,113.47,222.751,34.614,4,30,1
L:\Comic Archives\C\Singles\Clyde (2019)\Clyde (2019).cbz,46420986,new,247.377,77.522,109.953,50.366,4,17,1
L:\Comic Archives\C\Singles\Cocaine Coast (2021)\Cocaine Coast (2021).cbz,90027589,new,220.602,84.932,99.924,24.029,4,14,1
L:\Comic Archives\C\Singles\Codeflesh - The Definitive Edition (2009)\Codeflesh - The Definitive Edition (2009).cbz,131940720,new,267.609,51.501,166.529,42.9,4,19,1
L:\Comic Archives\C\Singles\Cold Dead War [2021]\Cold Dead War (2021).cbz,353894340,new,407.635,114.296,246.384,28.45,4,30,1
L:\Comic Archives\C\Singles\Cold Front (2023)\Cold Front (2023).cbz,110642167,new,170.791,57.844,78.156,27.542,4,17,1
L:\Comic Archives\C\Singles\Colder - Omnibus [2017]\Colder - Omnibus (2017).cbz,1625706396,new,409.584,65.518,292.951,37.696,4,30,1
L:\Comic Archives\C\Singles\Collider (2013)\Collider (2013).cbz,43318075,new,291.32,94.248,128.802,61.474,4,14,1
L:\Comic Archives\C\Singles\Colonus (2016)\Colonus (2016).cbz,107983664,new,288.938,111.125,122.332,42.464,4,21,1
L:\Comic Archives\C\Singles\Colony (2012)\Colony (2012).cbz,276399200,new,278.176,64.991,153.354,40.728,4,30,1
L:\Comic Archives\C\Singles\Color of Rage (2008)\Color of Rage (2008).cbz,245468753,new,222.07,138.018,47.166,27.03,4,21,1
L:\Comic Archives\C\Singles\Colored - The Unsung Life of Claudette Colvin (2019)\Colored - The Unsung Life of Claudette Colvin (2019).cbz,65454469,new,224.809,66.421,120.835,30.133,4,17,1
L:\Comic Archives\C\Singles\Colorful Dreams (2019)\Colorful Dreams (2019).cbz,258650753,new,529.303,29.872,445.944,36.065,4,18,1
L:\Comic Archives\C\Singles\Combustion (1999)\Chris Lanier - Combustion (1999).cbz,48076381,new,148.8,85.297,23.901,34.589,4,13,1
L:\Comic Archives\C\Singles\Come back to me again (2015)\Come back to me again (2015).cbz,72314140,new,240.161,66.586,123.397,38.053,4,12,1
L:\Comic Archives\C\Singles\Comeback (2013)\Comeback (2013).cbz,153396520,new,243.528,61.469,131.617,36.393,4,19,1
L:\Comic Archives\C\Singles\Comic Arf (2008)\Comic Arf (2008).cbz,216523954,new,501.601,58.182,398.045,41.115,4,12,1
L:\Comic Archives\C\Singles\Comics Unmasked - Art and Anarchy in the UK (2014)\Comics Unmasked - Art and Anarchy in the UK (2014).cbz,136020681,new,234.827,77.465,121.243,31.975,2,7,1
L:\Comic Archives\C\Singles\Conan The Rogue (1991)\Conan The Rogue (1991).cbz,114899577,new,546.446,68.224,215.963,250.357,4,23,1
L:\Comic Archives\C\Singles\Condo Heartbreak Disco (2017)\Condo Heartbreak Disco (2017).cbz,65973259,new,265.967,76.378,111.256,66.534,4,18,1
L:\Comic Archives\C\Singles\Confetti (2015)\Confetti (2015).cbz,130419151,new,245.284,71.162,125.318,38.079,4,13,1
L:\Comic Archives\C\Singles\Conspiracy of Ravens (2018)\Conspiracy of Ravens (2018).cbz,244942346,new,275.375,65.226,147.336,47.564,4,22,1
"L:\Comic Archives\C\Singles\Constantin de Chamberly - Barbarian, Aesthete and Philanthropist (2023)\Constantin de Chamberly - Barbarian, Aesthete and Philanthropist (2023).cbz",48022748,new,192.835,45.433,101.617,36.397,4,14,1
L:\Comic Archives\C\Singles\Cork High and Bottle Deep (2014)\Cork High and Bottle Deep (2014).cbz,40244895,new,275.306,79.61,158.584,30.882,4,12,1
L:\Comic Archives\C\Singles\Cornboy (2019)\Cornboy (2019).cbz,187757497,new,359.293,104.518,208.463,39.169,4,17,1
L:\Comic Archives\C\Singles\Cosmo the Merry Martian - The Complete Series (2013)\Cosmo the Merry Martian - The Complete Series (2013).cbz,228409941,new,261.942,70.457,142.905,43.327,4,14,1
L:\Comic Archives\C\Singles\Costume Quest - Invasion of Candy Snatchers (2014)\Costume Quest - Invasion of Candy Snatchers (2014).cbz,89994701,new,273.981,55.304,165.954,40.603,4,19,1
L:\Comic Archives\C\Singles\Cover Girls (2012)\Cover Girls (2012).cbz,41853032,new,231.666,135.138,54.72,35.031,4,17,1
L:\Comic Archives\C\Singles\Covers & Stories (2012)\Covers & Stories (2012).cbz,258301862,new,483.089,66.596,383.601,25.094,4,13,1
L:\Comic Archives\C\Singles\Cowboy Ninja Viking Deluxe Edition (2013)\Cowboy Ninja Viking (2013).cbz,444575091,new,289.358,84.272,168.5,26.212,4,23,1
L:\Comic Archives\C\Singles\Crabapple Trouble (2020)\Crabapple Trouble (2020).cbz,54918587,new,182.305,74.286,63.184,35.978,4,21,1
L:\Comic Archives\C\Singles\Cradlegrave (2011)\Cradlegrave (2011).cbz,56278631,new,188.341,84.318,50.784,43.533,4,16,1
L:\Comic Archives\C\Singles\Crash Site (2021)\Crash Site (2021).cbz,148538725,new,289.117,70.942,163.563,43.965,4,21,1
L:\Comic Archives\C\Singles\Crashing (2023)\Crashing (2023).cbz,125241745,new,277.803,110.415,132.233,27.526,4,14,1
L:\Comic Archives\C\Singles\Creation (2019)\Creation (2019).cbz,129294614,new,272.459,60.922,147.427,51.715,4,21,1
L:\Comic Archives\C\Singles\Creepshow - Tales of Suspense and Horror [2023]\Creepshow - Tales of Suspense and Horror (2023).cbz,311132499,new,325.99,66.048,219.589,30.495,4,14,1
L:\Comic Archives\C\Singles\Creepy (2022)\Creepy (2022).cbz,6486561,new,193.493,105.457,51.588,27.823,4,18,1
L:\Comic Archives\C\Singles\Cretaceous (2019)\Cretaceous (2019).cbz,425963927,new,256.705,63.873,154.407,30.405,4,17,1
L:\Comic Archives\C\Singles\Crimson Flower [2021]\Crimson Flower (2021).cbz,202736055,new,256.512,61.333,143.287,37.622,4,24,1
L:\Comic Archives\C\Singles\Critical Role - The Mighty Nein Origins - Mollymauk Tealeaf (2023)\Critical Role - The Mighty Nein Origins - Mollymauk Tealeaf (2023).cbz,103619774,new,278.451,62.601,171.727,27.739,4,25,1
L:\Comic Archives\C\Singles\Crocodile Black [2024]\Crocodile Black (2024).cbz,364372545,new,454.804,137.668,273.369,25.536,4,38,1
L:\Comic Archives\C\Singles\Crogans Vengeance (2008)\Crogans Vengeance (2008).cbz,41782747,new,173.39,75.168,63.655,27.349,4,13,1
L:\Comic Archives\C\Singles\Crown of Thorns (2015)\Crown of Thorns (2015).cbz,29419545,new,278.587,75.244,175.323,18.631,4,21,1
L:\Comic Archives\C\Singles\Cruel Biology (2015)\Cruel Biology (2015).cbz,50538620,new,199.816,63.354,101.126,27.711,4,20,1
L:\Comic Archives\C\Singles\Cry Yourself To Sleep (2006)\Cry Yourself To Sleep (2006).cbz,22283812,new,138.734,51.669,51.109,28.962,4,17,1
L:\Comic Archives\C\Singles\Cthulhu Tales Omnibus - Delirium (2011) HD\Cthulhu Tales Omnibus - Delirium (2011).cbz,237028859,new,265.406,51.487,137.855,32.76,4,122,1
L:\Comic Archives\C\Singles\Cthulhu Tales Omnibus Madness (2011)\Cthulhu Tales Omnibus Madness (2011).cbz,363988195,new,311.991,88.293,179.953,33.264,4,18,1
L:\Comic Archives\C\Singles\Cuba - My Revolution (2011)\Cuba - My Revolution (2011).cbz,126242727,new,228.008,104.148,84.795,32.261,4,13,1
L:\Comic Archives\C\Singles\Cult of the Ibis (2019)\Cult of the Ibis (2019).cbz,351964230,new,269.494,50.099,177.575,35.391,4,21,1
L:\Comic Archives\C\Singles\Curse of the Wendigo (2011)\Curse of the Wendigo (2011).cbz,90049667,new,272.379,76.084,166.303,22.935,4,21,1
L:\Comic Archives\C\Singles\Curtain Call (2018)\Curtain Call (2018).cbz,180622974,new,290.452,70.723,179.435,24.546,4,18,1
L:\Comic Archives\C\Singles\Cut (2007)\Cut (2007).cbz,132370056,new,239.35,98.251,99.652,29.36,4,18,1
L:\Comic Archives\C\Singles\Cutting Edge (2021)\Cutting Edge (2021).cbz,267334387,new,240.091,63.619,135.316,34.483,4,18,1
L:\Comic Archives\C\Singles\Cyberpunk 2077 - Big City Dreams (2022)\Cyberpunk 2077 - Big City Dreams (2022).cbz,487566312,new,628.361,29.83,551.984,40.764,4,16,1
L:\Comic Archives\C\Singles\Cyberpunk 2077 - Where's Johnny [2021]\Cyberpunk 2077 - Where's Johnny (2021).cbz,854059400,new,725.605,61.403,626.565,25.141,4,22,1
L:\Comic Archives\C\Singles\Cyberpunk 2077 - XOXO (2024)\Cyberpunk 2077 - XOXO (2024).cbz,481158570,new,344.227,79.542,240.74,18.213,4,13,1
L:\Comic Archives\C\Singles\Cyberpunk 2077 - You Have My Word [2021]\Cyberpunk 2077 - You Have My Word (2021).cbz,249829937,new,492.772,96.163,156.237,230.281,4,22,1
L:\Comic Archives\C\Singles\Cyberpunk 2077 - Your Voice [2021]\Cyberpunk 2077 - Your Voice (2021).cbz,291989703,new,358.658,72.924,200.75,67.895,4,32,1
L:\Comic Archives\C\Singles\Cyberpunk 2077 Trauma Team [2021]\Cyberpunk 2077 Trauma Team (2021).cbz,159321460,new,322.237,70.17,208.75,34.91,4,18,1
L:\Comic Archives\C\Singles\The CBLDF Presents Liberty (2014)\The CBLDF Presents Liberty (2014).cbz,316837921,new,240.16,55.947,132.822,26.83,4,57,1
L:\Comic Archives\C\Singles\The Cabbie (1987)\The Cabbie (1987).cbz,76651607,new,164.643,32.466,109.514,18.366,4,13,1
L:\Comic Archives\C\Singles\The Cabinet (2015)\Christian Sager & Kelly Williams - The Cabinet (2015).cbz,183918415,new,297.116,59.41,210.121,21.935,4,14,1
L:\Comic Archives\C\Singles\The Cage (2013)\The Cage (2013).cbz,161682948,new,456.594,77.073,313.014,55.005,4,19,1
L:\Comic Archives\C\Singles\The Call Of Cthulhu (2015)\The Call Of Cthulhu (2015).cbz,134680282,new,316.371,64.477,183.407,56.734,4,16,1
L:\Comic Archives\C\Singles\The Carter Family - Don't Forget This Song (2012)\The Carter Family - Don't Forget This Song (2012).cbz,299862096,new,308.996,98.743,164.749,33.753,4,26,1
L:\Comic Archives\C\Singles\The Case of Alan Turing - The Extraordinary and Tragic Story of the Legendary Codebreaker (2016)\The Case of Alan Turing - The Extraordinary and Tragic Story of the Legendary Codebreaker (2016).cbz,87448767,new,272.062,106.074,128.08,35.034,2,7,1
L:\Comic Archives\C\Singles\The Cat With a Really Big Head (2002)\The Cat With a Really Big Head (2002).cbz,14462159,new,138.725,45.526,47.757,37.122,4,21,1
L:\Comic Archives\C\Singles\The Cat from the Kimono (2023)\The Cat from the Kimono (2023).cbz,95799844,new,196.784,36.259,130.917,22.767,4,13,1
L:\Comic Archives\C\Singles\The Chair (2008)\The Chair (2008).cbz,44732261,new,164.585,67.381,57.124,30.807,4,26,1
L:\Comic Archives\C\Singles\The Children (2018)\The Children (2018).cbz,91140585,new,209.126,58.116,109.098,36.357,4,17,1
L:\Comic Archives\C\Singles\The City Between - The Better to Find You With (2017)\The City Between - The Better to Find You With (2017).cbz,70010569,new,222.834,64.131,123.088,25.193,4,12,1
L:\Comic Archives\C\Singles\The Closet (2022)\The Closet (2022).cbz,217273104,new,412.904,58.032,316.381,24.793,4,21,1
L:\Comic Archives\C\Singles\The Cloud (2016)\The Cloud (2016).cbz,306845904,new,296.064,92.91,160.668,26.222,4,18,1
L:\Comic Archives\C\Singles\The Cloven - Book One (2020)\The Cloven - Book One (2020).cbz,154083347,new,395.628,55.635,305.161,27.917,4,14,1
L:\Comic Archives\C\Singles\The Collector (2014)\The Collector (2014).cbz,451146519,new,297.947,70.129,196.609,23.467,4,20,1
L:\Comic Archives\C\Singles\The Colony (2020)\The Colony (2020).cbz,62520758,new,298.416,110.226,147.557,31.108,4,19,1
L:\Comic Archives\C\Singles\The Comic Book Story of Beer (2015)\The Comic Book Story of Beer (2015).cbz,180376481,new,198.351,64.923,96.673,26.593,4,23,1
L:\Comic Archives\C\Singles\The Council of the Trees (2016)\The Council of the Trees (2016).cbz,49415174,new,198.503,66.21,99.07,24.568,4,13,1
L:\Comic Archives\C\Singles\The Court Charade (2022)\The Court Charade (2022).cbz,123661621,new,248.332,56.13,133.962,50.618,4,24,1
L:\Comic Archives\C\Singles\The Courtyard [2004]\Alan Moore's The Courtyard - Alan Moore's The Courtyard (2004).cbz,88317540,new,312.301,55.522,206.928,39.68,4,13,1
L:\Comic Archives\C\Singles\The Coyote and the Snake (2022)\The Coyote and the Snake (2022).cbz,175441016,new,241.665,88.013,107.739,38.516,4,23,1
L:\Comic Archives\C\Singles\The Creep (2013)\The Creep (2013).cbz,247220356,new,296.386,42.9,172.032,69.533,4,18,1
L:\Comic Archives\C\Singles\The Crimson Cage (2022)\The Crimson Cage (2022).cbz,194792414,new,255.172,71.523,133.176,37.264,4,22,1
L:\Comic Archives\C\Singles\The Crippler's Son (2013)\The Crippler's Son (2013).cbz,34751960,new,269.862,70.795,133.103,57.692,4,13,1
L:\Comic Archives\C\Singles\The Crow - Pestilence (2014)\The Crow - Pestilence (2014).cbz,209669579,new,301.618,110.944,143.501,26.842,4,34,1
L:\Comic Archives\C\Singles\The Curse Of Dracula (2013)\The Curse Of Dracula (2013).cbz,111651533,new,155.441,42.175,77.924,29.123,4,19,1
L:\Comic Archives\C\Singles\The Czech Coup (2018)\The Czech Coup (2018).cbz,118948395,new,180.13,29.687,117.284,27.259,4,18,1
L:\Comic Archives\D\Series\Dali [2023 - 2024]\Dalí #1 Before Gala (2023).cbz,119455620,new,239.249,49.53,157.783,23.52,4,14,1
L:\Comic Archives\D\Series\Dali [2023 - 2024]\Dalí #2 Gala (2024).cbz,48546808,new,197.848,66.693,100.863,25.287,4,12,1
L:\Comic Archives\D\Series\Dark Kingdom [2008]\Dark Kingdom #1 (2008).cbz,18307902,new,720.237,581.005,58.846,49.509,4,13,1
L:\Comic Archives\D\Series\Dark Kingdom [2008]\Dark Kingdom #2 (2008).cbz,18211675,new,150.888,63.185,52.396,30.453,4,12,1
L:\Comic Archives\D\Series\Dark Kingdom [2008]\Dark Kingdom #3 (2008).cbz,18658856,new,115.371,32.319,52.303,26.596,4,12,1
L:\Comic Archives\D\Series\Dark Kingdom [2008]\Dark Kingdom #4 (2008).cbz,17700198,new,190.121,71.174,62.222,51.617,4,12,1
L:\Comic Archives\D\Series\Dawnrunner [2024]\Dawnrunner #1 (2024).cbz,112760409,new,239.427,63.115,144.835,25.319,4,13,1
L:\Comic Archives\D\Series\Dawnrunner [2024]\Dawnrunner #2 (2024).cbz,115885312,new,456.374,18.272,180.448,253.432,4,12,1
L:\Comic Archives\D\Series\Dawnrunner [2024]\Dawnrunner #3 (2024).cbz,111592459,new,280.563,84.338,134.407,53.799,4,12,1
L:\Comic Archives\D\Series\Dawnrunner [2024]\Dawnrunner #4 (2024).cbz,81895582,new,307.143,105.072,170.737,24.673,4,12,1
L:\Comic Archives\D\Series\Dawnrunner [2024]\Dawnrunner #5 (2024).cbz,86280084,new,207.302,20.13,151.328,31.563,4,12,1
L:\Comic Archives\D\Series\Days Missing (2010)\Days Missing - Vol #1 (2010).cbz,91709533,new,138.429,44.3,61.29,23.727,4,12,1
L:\Comic Archives\D\Series\Days Missing (2010)\Days Missing - Vol #2 (2011).cbz,94103509,new,156.545,18.377,98.441,35.599,4,12,1
L:\Comic Archives\D\Series\Dead Or Alive - A Cyberpunk Western [1998]\Dead or Alive - A Cyberpunk Western #1 (1998).cbz,27330981,new,165.259,53.66,84.232,21.557,4,13,1
L:\Comic Archives\D\Series\Dead Or Alive - A Cyberpunk Western [1998]\Dead or Alive - A Cyberpunk Western #2 (1998).cbz,34258022,new,174.904,55.132,89.454,25.26,4,12,1
L:\Comic Archives\D\Series\Dead Or Alive - A Cyberpunk Western [1998]\Dead or Alive - A Cyberpunk Western #3 (1998).cbz,32384130,new,214.361,23.694,129.856,56.627,4,12,1
L:\Comic Archives\D\Series\Dead Or Alive - A Cyberpunk Western [1998]\Dead or Alive - A Cyberpunk Western #4 (1998).cbz,39904538,new,164.681,45.409,89.929,24.823,4,12,1
L:\Comic Archives\D\Series\Dead Space [2008]\Dead Space #1 (2008).cbz,13142034,new,185.22,67.915,73.292,33.799,4,13,1
L:\Comic Archives\D\Series\Dead Space [2008]\Dead Space #2 (2008).cbz,8377109,new,200.494,77.408,69.365,32.406,4,12,1
L:\Comic Archives\D\Series\Dead Space [2008]\Dead Space #3 (2008).cbz,11005780,new,188.745,54.016,58.523,70.48,4,12,1
L:\Comic Archives\D\Series\Dead Space [2008]\Dead Space #4 (2008).cbz,10241175,new,173.16,77.824,57.956,31.37,4,12,1
L:\Comic Archives\D\Series\Dead Space [2008]\Dead Space #5 (2008).cbz,17164624,new,188.6,57.834,96.022,27.874,4,12,1
L:\Comic Archives\D\Series\Dead Space [2008]\Dead Space #6 (2008).cbz,10449910,new,190.312,48.666,105.337,29.225,4,12,1
L:\Comic Archives\D\Series\Deadly Tales of the Gunslinger (2024)\Deadly Tales of the Gunslinger #1 (2024).cbz,161452225,new,330.343,71.42,221.377,30.351,4,13,1
L:\Comic Archives\D\Series\Deadly Tales of the Gunslinger (2024)\Deadly Tales of the Gunslinger #2 (2024).cbz,98971941,new,305.395,90.088,181.217,25.904,4,12,1
L:\Comic Archives\D\Series\Deadly Tales of the Gunslinger (2024)\Deadly Tales of the Gunslinger #3 (2024).cbz,94924027,new,257.546,46.878,161.637,28.242,4,12,1
L:\Comic Archives\D\Series\Deadly Tales of the Gunslinger (2024)\Deadly Tales of the Gunslinger #4 (2024).cbz,114422637,new,223.362,23.819,158.948,36.413,4,12,1
L:\Comic Archives\D\Series\Deadly Tales of the Gunslinger (2024)\Deadly Tales of the Gunslinger #5 (2024).cbz,105706655,new,289.541,67.085,180.72,31.137,4,12,1
L:\Comic Archives\D\Series\Deadly Tales of the Gunslinger (2024)\Deadly Tales of the Gunslinger #6 (2024).cbz,105466360,new,272.719,19.437,213.867,35.163,4,12,1
L:\Comic Archives\D\Series\Deadly Tales of the Gunslinger (2024)\Deadly Tales of the Gunslinger #7 (2024).cbz,100289206,new,335.816,71.789,220.216,32.993,4,12,1
L:\Comic Archives\D\Series\Deadpool Kills the Marvel Universe [2012]\Deadpool Kills the Marvel Universe #1 (2012).cbz,36894346,new,288.874,92.163,163.481,27.009,4,12,1
L:\Comic Archives\D\Series\Deadpool Kills the Marvel Universe [2012]\Deadpool Kills the Marvel Universe #2 (2012).cbz,38745159,new,273.48,44.686,190.435,26.08,4,12,1
L:\Comic Archives\D\Series\Deadpool Kills the Marvel Universe [2012]\Deadpool Kills the Marvel Universe #3 (2012).cbz,34284453,new,245.997,38.137,180.238,23.509,4,12,1
L:\Comic Archives\D\Series\Deadpool Kills the Marvel Universe [2012]\Deadpool Kills the Marvel Universe #4 (2012).cbz,36803399,new,295.028,54.494,206.8,23.713,4,12,1
L:\Comic Archives\D\Series\Death - The High Cost Of Living [1993]\Death The High Cost of Living #1 (1993).cbz,7566430,new,189.742,106.92,45.187,30.754,4,13,1
L:\Comic Archives\D\Series\Death - The High Cost Of Living [1993]\Death The High Cost of Living #2 (1993).cbz,7232387,new,137.197,56.54,47.412,27.936,4,12,1
L:\Comic Archives\D\Series\Death - The High Cost Of Living [1993]\Death The High Cost of Living #3 (1993).cbz,7194592,new,152.176,56.417,43.718,45.659,4,12,1
L:\Comic Archives\D\Series\Deep Dark Fears [2015]\Fran Krause - Deep Dark Fears 1 (2015).cbz,36238499,new,162.409,77.197,42.209,32.3,4,13,1
L:\Comic Archives\D\Series\Deep Dark Fears [2015]\Fran Krause - Deep Dark Fears 2 (2017).cbz,43018945,new,133.052,55.897,41.707,31.015,4,12,1
L:\Comic Archives\D\Series\Desination Kill (2026)\Destination Kill #1 (2026).cbz,106449942,new,295.429,46.658,193.183,28.85,4,31,1
L:\Comic Archives\D\Series\Desination Kill (2026)\Destination Kill #2 (2026).cbz,91248181,new,296.974,41.777,205.726,30.743,4,29,1
L:\Comic Archives\D\Series\Deus Ex - Human Revolution [2011]\Deus Ex - Human Evolution #1 (2011).cbz,19828222,new,181.962,59.868,86.339,28.683,4,12,1
L:\Comic Archives\D\Series\Deus Ex - Human Revolution [2011]\Deus Ex - Human Evolution #2 (2011).cbz,11518721,new,190.027,73.263,62.617,48.699,4,12,1
L:\Comic Archives\D\Series\Deus Ex - Human Revolution [2011]\Deus Ex - Human Evolution #3 (2011).cbz,11770306,new,171.84,68.373,51.16,28.361,4,12,1
L:\Comic Archives\D\Series\Deus Ex - Human Revolution [2011]\Deus Ex - Human Evolution #4 (2011).cbz,10929082,new,114.851,35.101,45.197,30.427,4,12,1
L:\Comic Archives\D\Series\Deus Ex - Human Revolution [2011]\Deus Ex - Human Evolution #5 (2011).cbz,11022844,new,198.2,54.582,87.57,49.377,4,12,1
L:\Comic Archives\D\Series\Deus Ex - Human Revolution [2011]\Deus Ex - Human Evolution #6 (2011).cbz,9441566,new,143.974,61.147,43.034,30.607,4,12,1
L:\Comic Archives\D\Series\Deus Ex Children's Crusade [2016]\Deus Ex - Children's Crusade #1 (2016).cbz,47674953,new,331.383,53.928,226.559,45.279,4,14,1
L:\Comic Archives\D\Series\Deus Ex Children's Crusade [2016]\Deus Ex - Children's Crusade #2 (2016).cbz,47000016,new,395.69,145.715,202.743,39.343,4,12,1
L:\Comic Archives\D\Series\Deus Ex Children's Crusade [2016]\Deus Ex - Children's Crusade #3 (2016).cbz,47957473,new,296.944,53.123,198.743,40.924,4,12,1
L:\Comic Archives\D\Series\Deus Ex Children's Crusade [2016]\Deus Ex - Children's Crusade #4 (2016).cbz,46209329,new,355.5,78.381,228.964,42.694,4,12,1
L:\Comic Archives\D\Series\Deus Ex Children's Crusade [2016]\Deus Ex - Children's Crusade #5 (2016).cbz,47690877,new,616.583,111.347,246.238,251.102,4,12,1
L:\Comic Archives\D\Series\Dirk Gently - A Spoon Too Short [2016]\Dirk Gently's Holistic Detective Agency A Spoon Too Short #1 (2016).cbz,54185117,new,398.246,93.123,246.415,50.839,4,13,1
L:\Comic Archives\D\Series\Dirk Gently - A Spoon Too Short [2016]\Dirk Gently's Holistic Detective Agency A Spoon Too Short #2 (2016).cbz,49147364,new,301.396,76.548,177.633,30.518,4,12,1
L:\Comic Archives\D\Series\Dirk Gently - A Spoon Too Short [2016]\Dirk Gently's Holistic Detective Agency A Spoon Too Short #3 (2016).cbz,55224642,new,305.474,108.801,149.943,40.927,4,12,1
L:\Comic Archives\D\Series\Dirk Gently - A Spoon Too Short [2016]\Dirk Gently's Holistic Detective Agency A Spoon Too Short #4 (2016).cbz,54724755,new,297.246,107.966,154.667,28.971,4,12,1
L:\Comic Archives\D\Series\Dirk Gently - A Spoon Too Short [2016]\Dirk Gently's Holistic Detective Agency A Spoon Too Short #5 (2016).cbz,53725392,new,288.694,24.955,229.951,29.547,4,12,1
L:\Comic Archives\D\Series\Dirk Gently - The Salmon of Doubt 001 [2016]\Dirk Gently's Holistic Detective Agency - The Salmon of Doubt #1 (2016).cbz,55918113,new,272.016,42.325,194.709,25.559,4,15,1
L:\Comic Archives\D\Series\Dirk Gently - The Salmon of Doubt 001 [2016]\Dirk Gently's Holistic Detective Agency - The Salmon of Doubt #2 (2016).cbz,57376757,new,313.164,31.442,241.075,35.91,4,14,1
L:\Comic Archives\D\Series\Dirk Gently - The Salmon of Doubt 001 [2016]\Dirk Gently's Holistic Detective Agency - The Salmon of Doubt #3 (2016).cbz,51751667,new,413.509,75.849,291.235,38.882,4,14,1
L:\Comic Archives\D\Series\Dirk Gently - The Salmon of Doubt 001 [2016]\Dirk Gently's Holistic Detective Agency - The Salmon of Doubt #4 (2016).cbz,48896123,new,396.886,69.951,279.093,41.971,4,14,1
L:\Comic Archives\D\Series\Dirk Gently - The Salmon of Doubt 001 [2016]\Dirk Gently's Holistic Detective Agency - The Salmon of Doubt #5 (2016).cbz,74182142,new,396.95,52.608,294.354,35.921,4,14,1
L:\Comic Archives\D\Series\Dirk Gently - The Salmon of Doubt 001 [2016]\Dirk Gently's Holistic Detective Agency - The Salmon of Doubt #6 (2016).cbz,45373933,new,362.236,67.623,224.977,58.119,4,14,1
L:\Comic Archives\D\Series\Dirk Gently - The Salmon of Doubt 001 [2016]\Dirk Gently's Holistic Detective Agency - The Salmon of Doubt #7 (2016).cbz,48271878,new,369.918,63.618,255.98,39.326,4,14,1
L:\Comic Archives\D\Series\Dirk Gently - The Salmon of Doubt 001 [2016]\Dirk Gently's Holistic Detective Agency - The Salmon of Doubt #8 (2016).cbz,51234500,new,333.961,77.197,198.323,50.786,4,14,1
L:\Comic Archives\D\Series\Dirk Gently - The Salmon of Doubt 001 [2016]\Dirk Gently's Holistic Detective Agency - The Salmon of Doubt #9 (2016).cbz,82090213,new,362.096,58.315,239.762,58.339,4,14,1
L:\Comic Archives\D\Series\Dirk Gently's Holistic Detective Agency [2015]\Dirk Gently's Holistic Detective Agency - The Interconnectedness of All Kings #1 (2015).cbz,41134375,new,342.015,92.463,217.43,25.898,4,13,1
L:\Comic Archives\D\Series\Dirk Gently's Holistic Detective Agency [2015]\Dirk Gently's Holistic Detective Agency - The Interconnectedness of All Kings #2 (2015).cbz,39770795,new,326.998,73.705,197.901,22.613,4,12,1
L:\Comic Archives\D\Series\Dirk Gently's Holistic Detective Agency [2015]\Dirk Gently's Holistic Detective Agency - The Interconnectedness of All Kings #3 (2015).cbz,40332846,new,315.501,83.612,195.443,29.595,4,12,1
L:\Comic Archives\D\Series\Dirk Gently's Holistic Detective Agency [2015]\Dirk Gently's Holistic Detective Agency - The Interconnectedness of All Kings #4 (2015).cbz,31685499,new,345.426,102.92,214.476,22.037,4,12,1
L:\Comic Archives\D\Series\Dirk Gently's Holistic Detective Agency [2015]\Dirk Gently's Holistic Detective Agency - The Interconnectedness of All Kings #5 (2015).cbz,38259313,new,266.334,75.717,156.201,28.882,4,12,1
L:\Comic Archives\D\Series\Do Androids Dream of Electric Sheep [2009]\Do Androids Dream of Electric Sheep #1 (2009).cbz,215806044,new,370.455,55.638,276.158,30.817,4,14,1
L:\Comic Archives\D\Series\Do Androids Dream of Electric Sheep [2009]\Do Androids Dream of Electric Sheep #2 (2010).cbz,184711052,new,348.82,47.703,254.796,40.724,4,12,1
L:\Comic Archives\D\Series\Dreadnoughts [2020]\Dreadnoughts - Breaking Ground #1 (2021).cbz,85736638,new,212.863,67.843,100.421,35.545,4,12,1
L:\Comic Archives\D\Series\Dreadnoughts [2020]\Dreadnoughts - Breaking Ground #2 (2021).cbz,68325212,new,188.454,30.286,116.012,37.952,4,12,1
L:\Comic Archives\D\Series\Dreadnoughts [2020]\Dreadnoughts - Breaking Ground #3 (2021).cbz,103825268,new,191.185,53.328,87.048,41.543,4,12,1
"L:\Comic Archives\D\Series\Dune [2020-2024]\Dune - The Graphic Novel, Book 1 (2020).cbz",236185100,new,220.949,43.84,113.418,53.182,4,20,1
"L:\Comic Archives\D\Series\Dune [2020-2024]\Dune - The Graphic Novel, Book 2 (2022).cbz",238345284,new,195.793,72.045,79.408,32.417,4,16,1
"L:\Comic Archives\D\Series\Dune [2020-2024]\Dune - The Graphic Novel, Book 3 (2024).cbz",214899946,new,223.634,45.48,132.803,37.669,4,16,1
L:\Comic Archives\D\Series\The Dark Judges - The Fall of Deadworld\The Dark Judges - The Fall of Deadworld - Book 1 (2017).cbz,172238146,new,239.789,66.594,107.069,55.944,4,19,1
L:\Comic Archives\D\Series\The Dark Judges - The Fall of Deadworld\The Dark Judges - The Fall of Deadworld - Book 2 (2019).cbz,111318250,new,213.269,56.103,102.873,47.694,4,17,1
L:\Comic Archives\D\Series\The Dark Judges - The Fall of Deadworld\The Dark Judges - The Fall of Deadworld - Book 3 (2021).cbz,190186668,new,240.144,50.471,140.33,40.702,4,15,1
L:\Comic Archives\D\Series\The Dresden Files - Dog Men [2017]\The Dresden Files - Dog Men #1 (2017).cbz,41550995,new,271.12,57.563,166.219,23.878,4,14,1
L:\Comic Archives\D\Series\The Dresden Files - Dog Men [2017]\The Dresden Files - Dog Men #2 (2017).cbz,41889577,new,223.086,36.385,162.445,19.999,4,12,1
L:\Comic Archives\D\Series\The Dresden Files - Dog Men [2017]\The Dresden Files - Dog Men #3 (2017).cbz,41849617,new,216.521,22.177,150.517,39.651,4,12,1
L:\Comic Archives\D\Series\The Dresden Files - Dog Men [2017]\The Dresden Files - Dog Men #4 (2017).cbz,39866117,new,255.549,59.222,160.757,29.738,4,12,1
L:\Comic Archives\D\Series\The Dresden Files - Dog Men [2017]\The Dresden Files - Dog Men #5 (2017).cbz,40324317,new,309.804,60.308,166.701,74.549,4,12,1
L:\Comic Archives\D\Series\The Dresden Files - Dog Men [2017]\The Dresden Files - Dog Men #6 (2017).cbz,41265886,new,285.755,62.765,171.655,43.321,4,12,1
L:\Comic Archives\D\Series\To Drink and to Eat (2019-2021)\To Drink and to Eat #1 (2019).cbz,98592461,new,245.116,52.752,146.342,36.216,4,13,1
L:\Comic Archives\D\Series\To Drink and to Eat (2019-2021)\To Drink and to Eat #2 (2021).cbz,131349489,new,329.161,40.947,237.811,42.488,4,12,1
L:\Comic Archives\D\Singles\A Difficult Thing The Importance Of Admitting Mistakes (2022)\A Difficult Thing The Importance Of Admitting Mistakes (2022).cbz,24589685,new,171.103,68.115,65.217,32.074,4,14,1
L:\Comic Archives\D\Singles\A Dream of Earth (2023)\A Dream of Earth (2023).cbz,131614023,new,173.973,30.815,107.538,28.697,4,21,1
L:\Comic Archives\D\Singles\DKW - Ditko Kirby Woods (2014)\Ditko Kirby Woods (2014).cbz,61981007,new,244.054,57.552,152.309,24.485,4,17,1
L:\Comic Archives\D\Singles\DODO (2018)\DODO (2018).cbz,79553570,new,248.294,54.155,145.177,32.957,4,20,1
L:\Comic Archives\D\Singles\Daddy's Little Girl (2011)\Daddy's Little Girl (2011).cbz,51291614,new,204.545,69.055,94.258,30.899,4,21,1
L:\Comic Archives\D\Singles\Daisy (2022)\Daisy (2022).cbz,296593175,new,497.799,44.524,168.894,255.762,4,27,1
L:\Comic Archives\D\Singles\Dames in the Atomic Age (2012)\Dames in the Atomic Age (2012).cbz,78110783,new,304.143,60.733,139.326,79.125,4,55,1
L:\Comic Archives\D\Singles\Damn Nation (2005)\Damn Nation (2005).cbz,85063384,new,184.977,79.157,58.928,35.131,4,13,1
L:\Comic Archives\D\Singles\Dancing with Jack Ketch (2014)\Dancing with Jack Ketch (2014).cbz,52601997,new,238.978,72.906,129.856,28.621,4,17,1
L:\Comic Archives\D\Singles\Danger Club - Vol (2012)\Danger Club - Vol (2012).cbz,136872477,new,247.565,28.306,182.512,27.343,4,18,1
L:\Comic Archives\D\Singles\Danger Tours (2012)\Danger Tours (2012).cbz,118367809,new,280.936,98.076,143.588,29.367,4,18,1
L:\Comic Archives\D\Singles\Danger Unlimited (2009)\Danger Unlimited (2009).cbz,324164532,new,206.357,26.303,125.054,47.065,4,25,1
L:\Comic Archives\D\Singles\Dante [2017]\Dante [2017].cbz,79205788,new,320.602,51.327,201.715,54.475,4,23,1
L:\Comic Archives\D\Singles\Dare to Disappoint - Growing Up in Turkey\Dare to Disappoint - Growing Up in Turkey (2015).cbz,203141969,new,262.307,81.176,105.913,66.84,4,13,1
L:\Comic Archives\D\Singles\Daredevil - Black Widow (1993)\Daredevil - Black Widow (1993).cbz,50313211,new,238.385,56.829,135.103,39.307,4,18,1
L:\Comic Archives\D\Singles\Dark Ages (2015)\Dark Ages (2015).cbz,128030699,new,248.536,34.147,160.856,46.175,4,18,1
L:\Comic Archives\D\Singles\Dark Engine - The Art of Destruction [2014]\Dark Engine - The Art of Destruction [2014].cbz,255922175,new,344.135,107.981,169.898,49.75,4,23,1
L:\Comic Archives\D\Singles\Dark Mists - Collected Edition (2007)\Dark Mists (2007).cbz,117459461,new,322.12,67.758,206.537,34.41,4,20,1
L:\Comic Archives\D\Singles\Dark Night - A True Batman Story [2016]\Dark Night - A True Batman Story [2016].cbz,119497543,new,305.368,75.088,179.684,41.232,4,21,1
L:\Comic Archives\D\Singles\Dark Rain - A New Orleans Story [2010]\Dark Rain - A New Orleans Story [2010].cbz,94515077,new,215.982,89.051,71.382,47.473,4,16,1
L:\Comic Archives\D\Singles\Darkly She Goes (2023)\Darkly She Goes (2023).cbz,75027930,new,225.541,62.036,100.305,52.319,4,14,1
L:\Comic Archives\D\Singles\Darlin' (2021)\Darlin' (2021).cbz,23090527,new,195.718,60.802,78.148,48.903,4,13,1
L:\Comic Archives\D\Singles\Darth Vader Annual [2016]\Darth Vader - Annual [2016].cbz,45782451,new,345.069,51.182,245.043,34.506,4,25,1
L:\Comic Archives\D\Singles\Daubigny's Garden (2017)\Daubigny's Garden (2017).cbz,35077884,new,245.532,90.061,115.164,29.872,4,18,1
L:\Comic Archives\D\Singles\Daughters of Snow and Cinders (2023)\Daughters of Snow and Cinders (2023).cbz,430303765,new,197.742,43.302,128.372,21.521,4,13,1
L:\Comic Archives\D\Singles\David Bowie in Comics! (2022)\David Bowie in Comics! (2022).cbz,250548594,new,218.428,59.629,107.919,29.108,4,57,1
L:\Comic Archives\D\Singles\Daytripper - The Deluxe Edition 2011\Daytripper - The Deluxe Edition [2011].cbz,374289243,new,239.288,25.421,161.27,45.591,4,26,1
L:\Comic Archives\D\Singles\Dead Air (1989)\Dead Air (1989).cbz,82625996,new,270.107,43.8,190.772,21.633,4,20,1
L:\Comic Archives\D\Singles\Dead Dog's Bite (2021)\Dead Dog's Bite (2021).cbz,184363831,new,267.571,111.818,108.108,38.094,4,19,1
L:\Comic Archives\D\Singles\Dead Inside (2017)\Dead Inside (2017).cbz,657429783,new,355.256,77.196,211.399,54.896,4,17,1
L:\Comic Archives\D\Singles\Dead Roots - The Anthology (2014)\Dead Roots - The Anthology (2014).cbz,268634621,new,335.459,81.115,153.745,47.892,4,137,1
L:\Comic Archives\D\Singles\Deadline (2013)\Deadline (2013).cbz,75178855,new,294.686,93.805,156.4,34.715,4,17,1
L:\Comic Archives\D\Singles\Deadly Hands of Kung Fu Out Of The Past - Out Of The Past [2014]\Deadly Hands of Kung Fu - Out Of The Past [2014].cbz,461960405,new,255.037,84.753,118.481,36.876,4,35,1
L:\Comic Archives\D\Singles\Deadtown Prologue (2013)\Deadtown Prologue (2013).cbz,13051307,new,238.071,62.349,121.334,36.666,4,27,1
L:\Comic Archives\D\Singles\Death By Chocolate (2007)\Death By Chocolate (2007).cbz,130358085,new,214.944,65.211,109.087,32.524,4,15,1
L:\Comic Archives\D\Singles\Death Follows (2016)\Death Follows (2016).cbz,215488411,new,248.022,48.145,159.811,31.618,4,24,1
L:\Comic Archives\D\Singles\Death Head (2016)\Death Head (2016).cbz,244300469,new,344.271,51.599,249.116,32.173,4,26,1
L:\Comic Archives\D\Singles\Death Orb (2019)\Death Orb (2019).cbz,227736146,new,251.228,68.482,142.176,28.423,4,20,1
L:\Comic Archives\D\Singles\Death Ratio'd [2024]\Death Ratio'd [2024].cbz,97756012,new,334.225,55.13,239.272,27.538,4,27,1
L:\Comic Archives\D\Singles\Death in Oaxaca 001 (2014)\Death in Oaxaca (2014).cbz,52322253,new,297.133,94.026,171.407,22.552,4,16,1
L:\Comic Archives\D\Singles\Death of Love (2018)\Death of Love (2018).cbz,156414008,new,519.09,66.941,132.286,287.992,4,28,1
L:\Comic Archives\D\Singles\Death of the Horror Anthology (2020)\Death of the Horror Anthology (2020).cbz,115401143,new,416.136,128.894,194.484,66.203,4,48,1
L:\Comic Archives\D\Singles\Debris (2013)\Debris (2013).cbz,207490605,new,325.23,71.206,210.17,29.6,4,20,1
L:\Comic Archives\D\Singles\Decelerate Blue (2017)\Decelerate Blue (2017).cbz,206151063,new,356.657,77.493,237.838,30.359,4,18,1
L:\Comic Archives\D\Singles\Deep Beyond [2021]\Deep Beyond [2021].cbz,199317294,new,377.431,160.855,180.751,25.967,4,21,1
L:\Comic Archives\D\Singles\Deep Gravity (2015)\Deep Gravity (2015).cbz,223372575,new,340.397,114.496,180.348,32.037,4,32,1
L:\Comic Archives\D\Singles\Defrost (2012)\Defrost (2012).cbz,37254444,new,305.957,117.993,141.048,36.327,4,17,1
L:\Comic Archives\D\Singles\Dementia 21 (2018)\Dementia 21 (2018).cbz,368925659,new,294.354,85.973,172.327,27.997,4,17,1
L:\Comic Archives\D\Singles\Dept. of Monsterology - The Trouble With Harry (2014)\Dept. of Monsterology - The Trouble With Harry (2014).cbz,40436385,new,355.223,58.303,225.575,57.681,4,19,1
L:\Comic Archives\D\Singles\Descender [2024]\Descender - Compendium [2024].cbz,361833881,new,289.642,140.177,93.701,46.917,4,18,1
L:\Comic Archives\D\Singles\Deus Ex The Dawning Darkness [2016]\Deus Ex - The Dawning Darkness [2016].cbz,49210813,new,353.674,56.012,243.577,42.705,4,14,1
L:\Comic Archives\D\Singles\Devil Girl (2025)\Devil Girl (2025).cbz,25065802,new,263.289,80.282,132.039,37.133,4,22,1
L:\Comic Archives\D\Singles\Dhampire - Stillborn [1996]\Dhampire - Stillborn [1996].cbz,17594635,new,154.636,74.381,39.932,30.487,4,19,1
L:\Comic Archives\D\Singles\Dia de los Muertos (2013)\Dia de los Muertos (2013).cbz,199888530,new,306.328,57.509,192.234,35.247,4,41,1
L:\Comic Archives\D\Singles\Diagnostics (spanish)\Diagnostics (2013).cbz,78715229,new,492.829,123.451,319.681,39.691,4,14,1
L:\Comic Archives\D\Singles\Diana - Princess of the Amazons (2020)\Diana - Princess of the Amazons (2020).cbz,113370294,new,239.616,65.533,118.368,43.765,4,25,1
L:\Comic Archives\D\Singles\Diana and the Hero's Journey (2023)\Diana and the Hero's Journey (2023).cbz,408652125,new,261.955,64.443,153.256,28.296,4,25,1
L:\Comic Archives\D\Singles\Did You Hear What Eddie Gein Done (2021)\Did You Hear What Eddie Gein Done (2021).cbz,361549483,new,241.621,64.208,144.963,25.748,4,15,1
L:\Comic Archives\D\Singles\Die Book 1 (2022)\Die (2022).cbz,879062349,new,178.448,75.722,57.488,36.609,4,21,1
"L:\Comic Archives\D\Singles\Different Ugliness, Different Madness (2005)\Different Ugliness, Different Madness (2005).cbz",84069599,new,164.291,57.465,57.824,41.626,4,17,1
L:\Comic Archives\D\Singles\Dimanche\Dimanche (2012).cbz,33843536,new,440.839,64.086,293.471,74.268,4,12,1
L:\Comic Archives\D\Singles\Dino Pai - Dear Beloved Stranger (2013)\Dino Pai - Dear Beloved Stranger (2013).cbz,202222077,new,296.846,78.529,168.517,41.463,4,13,1
L:\Comic Archives\D\Singles\Dinomania - The Lost Art of Winsor McCay (2015)\Dinomania - The Lost Art of Winsor McCay (2015).cbz,598809890,new,451.279,116.902,266.426,56.873,4,18,1
L:\Comic Archives\D\Singles\Dirk Gently's Holistic Detective Agency - The Interconnectedness of All Kings  (2016)\Dirk Gently's Holistic Detective Agency - The Interconnectedness of All Kings  (2016).cbz,196267593,new,361.383,94.368,225.932,31.352,4,14,1
L:\Comic Archives\D\Singles\Dirtbag Rapture (2022)\Dirtbag Rapture (2022).cbz,118891385,new,298.461,79.268,170.59,40.779,4,19,1
L:\Comic Archives\D\Singles\Discworld - The Colour of Magic (1991)\Discworld - The Colour of Magic (1991).cbz,39708560,new,281.152,134.765,104.921,35.172,4,17,1
L:\Comic Archives\D\Singles\Discworld - The Light Fantastic (2008)\Discworld - The Light Fantastic (2008).cbz,23899136,new,215.728,100.371,83.203,19.922,4,15,1
L:\Comic Archives\D\Singles\Dishonored - The Dunwall Archives (2014)\Dishonored - The Dunwall Archives (2014).cbz,132921074,new,141.354,52.4,58.669,25.903,4,13,1
L:\Comic Archives\D\Singles\Disillusioned Illusions (2015)\Disillusioned Illusions (2015).cbz,216189404,new,270.366,71.028,150.659,41.515,4,17,1
L:\Comic Archives\D\Singles\Displacement (2020)\Displacement (2020).cbz,178538894,new,331.027,122.244,168.976,28.058,4,21,1
L:\Comic Archives\D\Singles\Distance Mover (2014)\Distance Mover (2014).cbz,152946606,new,289.65,82.335,149.035,50.779,4,21,1
L:\Comic Archives\D\Singles\Distorted [2022]\Distorted [2022].cbz,111132830,new,213.508,51.493,121.908,31.416,4,14,1
L:\Comic Archives\D\Singles\Diva Satanica (2025)\Diva Satanica (2025).cbz,113521735,new,355.474,49.457,253.201,34.901,4,18,1
L:\Comic Archives\D\Singles\Djeliya (2021)\Djeliya (2021).cbz,189648105,new,280.545,73.497,164.805,33.961,4,21,1
L:\Comic Archives\D\Singles\Do a Powerbomb (2023)\Do a Powerbomb (2023).cbz,524347378,new,347.255,99.984,190.302,47.029,4,21,1
L:\Comic Archives\D\Singles\Dogs of War (2013)\Dogs of War (2013).cbz,285989591,new,272.678,113.561,110.412,36.536,4,21,1
L:\Comic Archives\D\Singles\Doing Time (GN) (2013)\Doing Time (2013).cbz,125099334,new,215.185,19.531,149.882,36.016,4,28,1
L:\Comic Archives\D\Singles\Dolores [1991]\Dolores (1991).cbz,70135384,new,230.16,50.35,136.865,32.84,4,19,1
L:\Comic Archives\D\Singles\Dominion (2008)\Dominion (2008).cbz,167854964,new,596.979,47.849,224.042,314.03,4,21,1
L:\Comic Archives\D\Singles\Domovoi (2013)\Domovoi (2013).cbz,171568117,new,277.699,63.069,164.098,45.172,4,17,1
L:\Comic Archives\D\Singles\Dope (2017)\Sax Rohmer's Dope (2017).cbz,110574341,new,335.554,121.107,162.219,42.289,4,13,1
L:\Comic Archives\D\Singles\Double 7 (2018)\Double 7 (2018).cbz,118292603,new,285.26,106.41,133.295,33.806,4,20,1
L:\Comic Archives\D\Singles\Double Walker (2021)\Double Walker (2021).cbz,285020928,new,254.789,44.503,165.944,35.267,4,16,1
L:\Comic Archives\D\Singles\Down Set Fight! (2014)\Down Set Fight! (2014).cbz,133123230,new,190.949,36.957,90.571,44.089,4,23,1
L:\Comic Archives\D\Singles\Dr. Herbert West and Astounding Tales of Medical Malpractice (2019)\Dr. Herbert West and Astounding Tales of Medical Malpractice (2019).cbz,73521188,new,217.833,42.617,136.215,23.371,4,22,1
L:\Comic Archives\D\Singles\Dr. Werthless (2025)\Dr. Werthless (2025).cbz,1056971102,new,505.698,55.113,417.802,27.172,4,12,1
L:\Comic Archives\D\Singles\Dr.Horrible and Other Horrible Stories[2010]\Dr. Horrible Stories - And Other Horrible #01 [2010].cbz,45979317,new,147.446,50.967,60.133,22.261,4,43,1
L:\Comic Archives\D\Singles\Drafted - The Essential Edition (2011)\Drafted - The Essential Edition (2011) (Idw).cbz,196243351,new,192.78,71.771,66.958,40.514,4,30,1
L:\Comic Archives\D\Singles\Drama On the Cliff (2001)\Drama On the Cliff (2001).cbz,88203338,new,261.666,62.977,147.743,37.783,4,17,1
L:\Comic Archives\D\Singles\Drawing Down the Moon (2012)\Drawing Down the Moon (2012).cbz,84536368,new,140.556,47.331,52.308,35.404,4,17,1
L:\Comic Archives\D\Singles\Drawing on the Edge (2022)\Drawing on the Edge (2022).cbz,81815191,new,180.691,38.103,101.312,31.741,4,17,1
L:\Comic Archives\D\Singles\Drawn Onward (2015)\Drawn Onward (2015).cbz,41461174,new,273.272,63.836,167.617,33.459,4,18,1
L:\Comic Archives\D\Singles\Dream Logic (2014)\Dream Logic (2014).cbz,501673572,new,434.296,131.562,265.916,28.071,4,16,1
L:\Comic Archives\D\Singles\Drive (2016)\Drive (2016).cbz,183745858,new,354.74,76.277,223.224,40.308,4,27,1
L:\Comic Archives\D\Singles\Driving Short Distances (2017)\Driving Short Distances (2017).cbz,81610197,new,206.019,71.005,95.551,33.679,4,13,1
L:\Comic Archives\D\Singles\Drome (2025)\Drome (2025).cbz,127422502,new,198.099,29.103,114.658,50.137,4,12,1
L:\Comic Archives\D\Singles\Drones (2015)\Drones (2015).cbz,133486264,new,261.097,54.77,164.774,30.082,4,19,1
L:\Comic Archives\D\Singles\Drowned Girl (1990)\Drowned Girl (1990).cbz,21644023,new,141.268,48.844,50.878,31.165,4,17,1
L:\Comic Archives\D\Singles\Drums (2016)\Drums (2016).cbz,196556472,new,330.364,64.924,224.488,29.352,4,26,1
L:\Comic Archives\D\Singles\Dry (2021)\Dry (2021).cbz,131704632,new,220.627,67.639,116.433,26.839,4,17,1
L:\Comic Archives\D\Singles\Duckman (1990)\Duckman (1990).cbz,7735704,new,150.467,30.137,51.253,63.929,4,17,1
L:\Comic Archives\D\Singles\Dull Margaret (2018)\Dull Margaret (2018).cbz,114811770,new,262.354,55.262,152.394,43.953,4,20,1
L:\Comic Archives\D\Singles\Dumped (2002)\Dumped (2002).cbz,24544097,new,203.677,113.657,55.081,25.285,4,17,1
L:\Comic Archives\D\Singles\Dusk - Poor Tom (2000)\Dusk - Poor Tom (2000).cbz,21142987,new,181.471,61.774,74.995,39.257,4,13,1
L:\Comic Archives\D\Singles\Dust (2014)\Dust (2014).cbz,340960544,new,288.867,67.261,166.65,45.576,4,17,1
L:\Comic Archives\D\Singles\Dust - Withered Earth (2013)\Dust - Withered Earth (2013).cbz,333891676,new,347.468,80.68,210.933,43.586,4,22,1
L:\Comic Archives\D\Singles\Dwellings  - They Know and Second Tongue (2023)\Dwellings  - They Know and Second Tongue (2023).cbz,149096717,new,250.339,52.969,138.022,49.732,4,17,1
L:\Comic Archives\D\Singles\Dying is Easy (2020)\Dying is Easy (2020).cbz,206443749,new,330.737,31.967,243.166,48.783,4,13,1
L:\Comic Archives\D\Singles\The Dancing Plague (2021)\The Dancing Plague (2021).cbz,378908676,new,387.977,77.473,257.605,40.11,4,17,1
L:\Comic Archives\D\Singles\The Dandy Annual [1979]\The Dandy Annual (1979).cbz,102607785,new,322.077,94.029,191.299,30.876,4,13,1
L:\Comic Archives\D\Singles\The Dark (2019)\The Dark (2019).cbz,249815539,new,333.862,104.461,186.352,32.1,4,25,1
L:\Comic Archives\D\Singles\The Dark Horse Book of Horror (2021)\The Dark Horse Book of Horror (2021).cbz,512748256,new,269.488,36.238,123.951,73.056,4,121,1
L:\Comic Archives\D\Singles\The Daughters of Ys (2020)\The Daughters of Ys (2020).cbz,136266042,new,271.074,125.32,92.652,40.25,4,22,1
L:\Comic Archives\D\Singles\The Day the Klan Came to Town (2021)\The Day the Klan Came to Town (2021).cbz,89979340,new,214.815,60.886,120.216,26.411,4,14,1
L:\Comic Archives\D\Singles\The Dead Boy Detectives (2006)\The Dead Boy Detectives (2006).cbz,105988463,new,147.504,38.179,79.913,24.131,4,18,1
L:\Comic Archives\D\Singles\The Dead Cell (2010)\The Dead Cell (2010).cbz,26017671,new,408.197,61.466,60.432,277.65,4,18,1
L:\Comic Archives\D\Singles\The Dead Man (2009)\The Dead Man (2009).cbz,82904181,new,272.245,67.758,148.049,47.517,4,24,1
L:\Comic Archives\D\Singles\The Dead Rider - Crown of Souls (2015)\The Dead Rider - Crown of Souls (2015).cbz,242008350,new,291.469,98.07,128.652,58.792,4,19,1
L:\Comic Archives\D\Singles\The Death of Stalin (2017)\The Death of Stalin (2017).cbz,116695527,new,179.817,48.058,88.808,27.01,4,22,1
L:\Comic Archives\D\Singles\The Delicacy (2021)\The Delicacy (2021).cbz,150862718,new,266.31,105.767,124.634,28.759,4,17,1
L:\Comic Archives\D\Singles\The Department of Truth - Complete Conspiracy Deluxe Edition v01 (2023)\The Department of Truth - Complete Conspiracy Edition (2023).cbz,392726037,new,199.637,92.54,57.221,33.736,4,41,1
L:\Comic Archives\D\Singles\The Detective Chimp Casebook (2023)\The Detective Chimp Casebook (2023).cbz,302625938,new,239.257,42.825,146.645,35.038,4,44,1
L:\Comic Archives\D\Singles\The Dragon Knight (2023)\The Dragon Knight (2023).cbz,88789347,new,186.615,54.157,104.872,24.467,4,7,1
L:\Comic Archives\D\Singles\The Dream-Quest of Unknown Kadath (2015)\The Dream - Quest of Unknown Kadath (2015).cbz,99814454,new,149.679,32.092,87.442,24.945,4,17,1
L:\Comic Archives\D\Singles\The Driven Blood (2018)\The Driven Blood (2018).cbz,408355840,new,469.459,49.632,378.843,27.619,4,18,1
L:\Comic Archives\D\Singles\The Dyatlov Pass Mystery (2023)\The Dyatlov Pass Mystery (2023).cbz,61441981,new,181.211,81.55,71.998,21.765,4,14,1
L:\Comic Archives\E\Series\Earth Divers [2023]\Earthdivers #1.cbz,198493260,new,346.745,50.992,272.704,17.709,4,14,1
L:\Comic Archives\E\Series\Earth Divers [2023]\Earthdivers #2 (2023).cbz,122881493,new,313.375,44.464,233.936,22.413,4,12,1
L:\Comic Archives\E\Series\Earth Divers [2023]\Earthdivers #3 (2023).cbz,282239633,new,238.058,77.975,138.793,15.071,4,12,1
L:\Comic Archives\E\Series\Edgeworld - Sand [2020]\Edgeworld - Sand  #01 [2020].cbz,53189788,new,272.138,42.202,198.384,26.497,4,14,1
L:\Comic Archives\E\Series\Edgeworld - Sand [2020]\Edgeworld - Sand #02 [2020].cbz,54145616,new,255.739,57.768,165.984,22.354,4,12,1
L:\Comic Archives\E\Series\Empire of the Dead [2014-2015]\Empire of the Dead #1 (2014).cbz,60226419,new,241.59,43.952,153.25,36.959,4,14,1
L:\Comic Archives\E\Series\Empire of the Dead [2014-2015]\Empire of the Dead #10 (2014).cbz,31165092,new,271.052,54.404,158.303,43.714,4,12,1
L:\Comic Archives\E\Series\Empire of the Dead [2014-2015]\Empire of the Dead #11 (2014).cbz,33842777,new,340.603,127.519,151.22,49.537,4,12,1
L:\Comic Archives\E\Series\Empire of the Dead [2014-2015]\Empire of the Dead #12 (2014).cbz,36143882,new,295.064,104.285,157.66,26.847,4,12,1
L:\Comic Archives\E\Series\Empire of the Dead [2014-2015]\Empire of the Dead #13 (2014).cbz,29639168,new,288.928,38.291,202.487,35.882,4,12,1
L:\Comic Archives\E\Series\Empire of the Dead [2014-2015]\Empire of the Dead #14 (2014).cbz,34508924,new,270.892,30.378,183.215,22.543,4,12,1
L:\Comic Archives\E\Series\Empire of the Dead [2014-2015]\Empire of the Dead #15 (2014).cbz,29763887,new,365.269,105.509,230.246,23.965,4,12,1
L:\Comic Archives\E\Series\Empire of the Dead [2014-2015]\Empire of the Dead #2 (2014).cbz,37860850,new,263.419,53.895,141.094,55.868,4,12,1
L:\Comic Archives\E\Series\Empire of the Dead [2014-2015]\Empire of the Dead #3 (2014).cbz,38619055,new,320.876,112.64,158.555,39.276,4,12,1
L:\Comic Archives\E\Series\Empire of the Dead [2014-2015]\Empire of the Dead #4 (2014).cbz,34609090,new,245.351,63.644,136.827,22.995,4,12,1
L:\Comic Archives\E\Series\Empire of the Dead [2014-2015]\Empire of the Dead #5 (2014).cbz,39750760,new,209.974,34.262,151.175,20.213,4,12,1
L:\Comic Archives\E\Series\Empire of the Dead [2014-2015]\Empire of the Dead #6 (2014).cbz,37388886,new,239.648,56.961,154.838,19.753,4,12,1
L:\Comic Archives\E\Series\Empire of the Dead [2014-2015]\Empire of the Dead #7 (2014).cbz,33439135,new,247.256,47.966,168.423,24.35,4,12,1
L:\Comic Archives\E\Series\Empire of the Dead [2014-2015]\Empire of the Dead #8 (2014).cbz,34996541,new,256.251,29.116,169.075,53.586,4,12,1
L:\Comic Archives\E\Series\Empire of the Dead [2014-2015]\Empire of the Dead #9 (2014).cbz,31432273,new,328.302,86.719,175.694,56.662,4,12,1
L:\Comic Archives\E\Series\Empty Zone (2015-2016)\Empty Zone #1 Conversations With the Dead (2015).cbz,266639701,new,380.228,112.273,214.596,42.487,4,13,1
L:\Comic Archives\E\Series\Empty Zone (2015-2016)\Empty Zone #2 Industrial Smile (2016).cbz,178559327,new,272.262,54.452,174.024,37.745,4,18,1
L:\Comic Archives\E\Series\Event Horizon - Dark Descent  (2025)\Event Horizon - Dark Descent #1 (2025).cbz,86037390,new,369.982,26.886,295.106,43.139,4,13,1
L:\Comic Archives\E\Series\Event Horizon - Dark Descent  (2025)\Event Horizon - Dark Descent #2 (2025).cbz,85035320,new,444.457,92.321,302.16,41.955,4,12,1
L:\Comic Archives\E\Series\Event Horizon - Dark Descent  (2025)\Event Horizon - Dark Descent #3 (2025).cbz,86610547,new,421.035,97.328,291.246,26.45,4,12,1
L:\Comic Archives\E\Series\Event Horizon - Dark Descent  (2025)\Event Horizon - Dark Descent #4 (2025).cbz,78864995,new,380.561,55.99,273.794,38.5,4,12,1
L:\Comic Archives\E\Series\Event Horizon - Dark Descent  (2025)\Event Horizon - Dark Descent #5 (2026).cbz,83983365,new,380.285,56.172,295.294,23.757,4,12,1
L:\Comic Archives\E\Series\Event Horizon - Inferno (2026)\Event Horizon - Inferno #1 (2026).cbz,14689610,new,616.272,112.781,442.597,35.662,4,21,1
L:\Comic Archives\E\Series\Event Horizon - Inferno (2026)\Event Horizon - Inferno #2 (2026).cbz,12081686,new,413.464,45.389,281.799,32.701,4,16,1
L:\Comic Archives\E\Series\Event Horizon - Inferno (2026)\Event Horizon - Inferno #3 (2026).cbz,12333709,new,566.173,74.175,424.359,55.466,4,12,1
L:\Comic Archives\E\Series\Evil Inc After Dark (2017-2025)\Evil Inc After Dark #1 (2017).cbz,103491646,new,263.624,63.698,149.823,21.219,4,13,1
L:\Comic Archives\E\Series\Evil Inc After Dark (2017-2025)\Evil Inc After Dark #2 (2017).cbz,129183928,new,1126.696,24.634,798.492,299.335,4,12,1
L:\Comic Archives\E\Series\Evil Inc After Dark (2017-2025)\Evil Inc After Dark #3 (2017).cbz,172640135,new,283.532,64.858,157.308,52.133,4,12,1
L:\Comic Archives\E\Series\Evil Inc After Dark (2017-2025)\Evil Inc After Dark #4 (2017).cbz,211855873,new,310.903,113.2,152.064,34.987,4,12,1
L:\Comic Archives\E\Series\Evil Inc After Dark (2017-2025)\Evil Inc After Dark #5 (2017).cbz,151035820,new,1267.431,69.142,1168.481,24.53,4,12,1
L:\Comic Archives\E\Series\Exquisite Corpses (2025)\Exquisite Corpses Vol #1 (2025).cbz,427586595,new,438.014,122.036,278.071,25.279,4,23,1
L:\Comic Archives\E\Series\The Electric Sublime [2016]\The Electric Sublime #1 (2017).cbz,17844186,new,334.837,67.426,138.289,32.108,4,14,1
L:\Comic Archives\E\Series\The Electric Sublime [2016]\The Electric Sublime #2 (2017).cbz,16561364,new,204.136,66.327,111.819,21.271,4,12,1
L:\Comic Archives\E\Series\The Electric Sublime [2016]\The Electric Sublime #3 (2017).cbz,16365611,new,247.033,56.236,137.813,44.879,4,12,1
L:\Comic Archives\E\Series\The Electric Sublime [2016]\The Electric Sublime #4 (2017).cbz,20914604,new,262.308,66.163,152.209,34.08,4,12,1
L:\Comic Archives\E\Singles\Eagleburger (2014)\Eagleburger (2014).cbz,149321291,new,259.986,69.576,155.68,25.294,4,21,1
L:\Comic Archives\E\Singles\Earfop (2015)\Earfop (2015).cbz,64476736,new,230.969,61.647,140.041,22.066,4,13,1
L:\Comic Archives\E\Singles\Earth Boy [2021]\Earth Boy (2021).cbz,173491744,new,278.434,63.004,184.373,19.874,4,21,1
L:\Comic Archives\E\Singles\Earthdivers - Omnibus (2025)\Earthdivers - Omnibus (2025).cbz,1122493377,new,407.479,136.396,239.884,25.661,4,12,1
L:\Comic Archives\E\Singles\East of West. The End Times Compendium [2025]\East of West. The End Times Compendium (2025).cbz,2714880358,new,289.056,77.272,173.658,27.318,4,21,1
L:\Comic Archives\E\Singles\East-West (2018)\East-West (2018).cbz,162314036,new,201.957,49.333,125.495,21.008,4,18,1
"L:\Comic Archives\E\Singles\Eat My Flesh, Drink My Blood (2022)\Eat My Flesh, Drink My Blood (2022).cbz",72114506,new,242.537,49.916,138.689,42.768,4,17,1
L:\Comic Archives\E\Singles\Echoes (2016)\Echoes (2016).cbz,176692963,new,275.532,57.552,175.972,28.849,4,22,1
L:\Comic Archives\E\Singles\Economics in Wonderland - A Cartoon Guide to a Politcal World Gone Mad and Mean (2017)\Economics in Wonderland - A Cartoon Guide to a Politcal World Gone Mad and Mean (2017).cbz,131276924,new,330.991,119.584,166.725,37.314,4,13,1
L:\Comic Archives\E\Singles\Eddy Current (1991)\Eddy Current (1991).cbz,83654975,new,181.833,67.757,72.408,34.514,4,17,1
L:\Comic Archives\E\Singles\Eden II (2023)\Eden II (2023).cbz,255254290,new,287.438,49.768,196.572,31.962,4,13,1
L:\Comic Archives\E\Singles\Eerie Tales from the School of Screams (2023)\Eerie Tales from the School of Screams (2023).cbz,125050840,new,273.045,101.673,119.894,45.374,4,13,1
L:\Comic Archives\E\Singles\Effigy - Idle Worship (2015)\Effigy - Idle Worship (2015).cbz,165259689,new,245.142,58.831,141.543,36.472,4,13,1
L:\Comic Archives\E\Singles\Eight Billion Genies Deluxe Edition Book One (2023)\Eight Billion Genies Deluxe Edition Book One (2023).cbz,755519274,new,507.413,61.45,407.19,31.134,4,14,1
L:\Comic Archives\E\Singles\Eight Million Ways to Die (2018)\Eight Million Ways to Die (2018).cbz,185795803,new,264.095,54.776,151.877,50.19,4,14,1
L:\Comic Archives\E\Singles\Eight-Lane Runaways (2020)\Eight-Lane Runaways (2020).cbz,97492193,new,438.147,113.77,280.275,36.355,4,19,1
L:\Comic Archives\E\Singles\Eigyr [2023]\Eigyr (2023).cbz,157221429,new,228.858,79.412,112.95,23.668,4,20,1
L:\Comic Archives\E\Singles\El Deafo (2014)\El Deafo (2014).cbz,80445367,new,125.579,26.197,52.669,35.085,4,19,1
L:\Comic Archives\E\Singles\El Fuego [2025]\El Fuego (2025).cbz,682278763,new,291.325,43.684,218.742,23.83,4,13,1
L:\Comic Archives\E\Singles\El Mesias Collection (2018)\El Mesias Collection (2018).cbz,360212592,new,247.266,75.092,141.457,25.45,4,14,1
L:\Comic Archives\E\Singles\Eleutheromania\Eleutheromania.cbz,103364311,new,230.734,16.673,168.565,36.637,4,27,1
L:\Comic Archives\E\Singles\Elixir (2023)\Elixir (2023).cbz,287546172,new,272.614,55.981,179.628,25.435,4,25,1
L:\Comic Archives\E\Singles\Elk's Run - 10th Anniversary Edition (2015)\Elk's Run - 10th Anniversary Edition (2015).cbz,273617616,new,231.081,90.234,114.876,21.045,4,14,1
L:\Comic Archives\E\Singles\Elysium Online (2013)\Elysium Online (2013).cbz,115053890,new,172.233,67.756,71.356,26.92,4,12,1
L:\Comic Archives\E\Singles\Empty Eyes (2022)\Empty Eyes (2022).cbz,41308043,new,141.967,38.617,68.017,29.433,4,19,1
L:\Comic Archives\E\Singles\En fuite ! (2021)\En fuite ! (2021).cbz,96158557,new,189.89,43.449,115.002,27.053,4,13,1
L:\Comic Archives\E\Singles\Endangered Weapon B (2013)\Endangered Weapon B (2013).cbz,91686764,new,273.11,61.913,167.991,36.672,4,18,1
L:\Comic Archives\E\Singles\Enemy Ace - War Idyll (1990)\Enemy Ace - War Idyll (1990).cbz,47023270,new,206.97,117.177,54.989,28.945,4,13,1
L:\Comic Archives\E\Singles\Enigma (2014)\Enigma (2014).cbz,385845702,new,280.374,70.972,165.351,36.632,4,12,1
L:\Comic Archives\E\Singles\Epoxy (2003)\Epoxy (2003).cbz,41172454,new,152.392,54.477,71.395,19.835,4,16,1
L:\Comic Archives\E\Singles\Essential Judge Dredd - The Apocalypse War (2021)\Essential Judge Dredd - The Apocalypse War (2021).cbz,291423313,new,211.128,63.022,116.358,19.938,4,39,1
L:\Comic Archives\E\Singles\Essex County [2008]\Essex County (2008).cbz,394478310,new,538.158,56.444,207.533,265.478,4,19,1
L:\Comic Archives\E\Singles\Eternal (2018)\Eternal (2018).cbz,142759050,new,359.424,98.947,184.547,68.346,4,19,1
L:\Comic Archives\E\Singles\Eternity Girl (2018)\Eternity Girl (2018).cbz,316086171,new,222.513,43.574,134.007,35.395,4,17,1
L:\Comic Archives\E\Singles\Eugenic (2018)\Eugenic (2018).cbz,210750038,new,177.177,26.32,127.583,16.84,4,21,1
L:\Comic Archives\E\Singles\Euthanauts - Ground Control [2019]\Euthanauts - Ground Control (2019).cbz,307333070,new,231.042,55.271,149.847,17.325,4,25,1
L:\Comic Archives\E\Singles\Eve of Extinction (2019)\Eve of Extinction (2019).cbz,248667843,new,228.457,21.457,162.165,34.537,4,32,1
L:\Comic Archives\E\Singles\Ever After (2018)\Ever After (2018).cbz,86689212,new,151.2,49.431,53.973,42.749,4,13,1
L:\Comic Archives\E\Singles\Everlast (2011)\Everlast (2011).cbz,344765844,new,553.664,99.851,409.192,27.454,4,39,1
L:\Comic Archives\E\Singles\Everyday Hero - Machine Boy (2022)\Everyday Hero - Machine Boy (2022).cbz,161200169,new,198.053,49.842,113.709,27.556,4,24,1
L:\Comic Archives\E\Singles\Everyone Is Tulip (2021)\Everyone Is Tulip (2021).cbz,236148002,new,256.051,41.761,178.389,25.82,4,14,1
"L:\Comic Archives\E\Singles\Evolution, Darwin, God, and the Horse-People (2022)\Evolution, Darwin, God, and the Horse-People (2022).cbz",57192769,new,231.137,120.837,74.552,29.169,4,14,1
L:\Comic Archives\E\Singles\Executor [2010]\Executor (2010).cbz,172620744,new,181.92,37.544,83.641,51.082,4,19,1
L:\Comic Archives\E\Singles\Exquisite Corpse (2015)\Exquisite Corpse (2015).cbz,24199730,new,137.989,59.04,40.252,29.03,4,17,1
L:\Comic Archives\E\Singles\Extraordinary - A Story of an Ordinary Princess (2019)\Extraordinary - A Story of an Ordinary Princess (2019).cbz,119492857,new,217.268,58.097,111.309,43.346,4,13,1
L:\Comic Archives\E\Singles\Eye Of The Gods (2009)\Eye Of The Gods (2009).cbz,38503020,new,173.513,79.257,64.538,21.059,4,13,1
L:\Comic Archives\E\Singles\Eye of Newt (2015)\Eye of Newt (2015).cbz,341498250,new,301.272,33.466,206.922,54.732,4,21,1
L:\Comic Archives\E\Singles\The Eagle With No Claws (2018)\The Eagle With No Claws (2018).cbz,126791239,new,216.214,57.847,126.341,20.846,4,19,1
L:\Comic Archives\E\Singles\The Elderberries (2008)\The Elderberries (2008).cbz,167880706,new,263.817,67.669,151.143,28.716,4,26,1
L:\Comic Archives\E\Singles\The Electric Sublime (2017)\The Electric Sublime (2017).cbz,151816378,new,290.231,61.483,191.633,23.649,4,24,1
L:\Comic Archives\E\Singles\The Empty Man (2015)\The Empty Man (2015).cbz,246460861,new,398.586,122.982,235.571,31.237,4,21,1
L:\Comic Archives\E\Singles\The Encyclopedia of Early Earth [2013]\The Encyclopedia of Early Earth (2013).cbz,275670154,new,164.775,34.221,95.162,30.048,4,17,1
L:\Comic Archives\E\Singles\The End Times of Bram and Ben (2014)\The End Times of Bram and Ben (2014).cbz,242091845,new,398.884,90.993,257.665,31.181,4,40,1
L:\Comic Archives\E\Singles\The Epic of Gilgamesh (2018)\The Epic of Gilgamesh (2018).cbz,242901361,new,223.689,69.693,111.888,32.48,4,18,1
L:\Comic Archives\E\Singles\The Escapists (2007)\The Escapists (2007).cbz,142160407,new,203.577,47.382,99.161,42.777,4,36,1
L:\Comic Archives\E\Singles\The Evil of Oz (2015)\The Evil of Oz (2015).cbz,143260951,new,317.029,38.337,228.252,41.148,4,21,1
L:\Comic Archives\E\Singles\The Exile (2023)\The Exile (2023).cbz,117976368,new,253.906,86.325,127.078,32.293,4,13,1
L:\Comic Archives\E\Singles\The Experts (2016)\The Experts (2016).cbz,19821767,new,214.477,55.197,124.65,23.013,4,21,1
L:\Comic Archives\F\Series\Fables [2002-2003]\Fables #1 (2002).cbz,50418659,new,264.134,43.51,165.823,41.373,4,13,1
L:\Comic Archives\F\Series\Fables [2002-2003]\Fables #10 (2002).cbz,37841110,new,282.54,109.491,136.663,29.538,4,12,1
L:\Comic Archives\F\Series\Fables [2002-2003]\Fables #2 (2002).cbz,46387443,new,206.238,28.916,146.48,26.745,4,12,1
L:\Comic Archives\F\Series\Fables [2002-2003]\Fables #3 (2002).cbz,43137812,new,239.893,47.627,157.193,22.074,4,12,1
L:\Comic Archives\F\Series\Fables [2002-2003]\Fables #4 (2002).cbz,51472769,new,222.48,28.09,164.27,24.248,4,12,1
L:\Comic Archives\F\Series\Fables [2002-2003]\Fables #5 (2002).cbz,47329605,new,281.033,44.061,176.992,55.182,4,12,1
L:\Comic Archives\F\Series\Fables [2002-2003]\Fables #6 (2002).cbz,43412709,new,265.355,78.468,150.252,28.738,4,12,1
L:\Comic Archives\F\Series\Fables [2002-2003]\Fables #7 (2002).cbz,41091274,new,219.582,26.939,142.474,45.962,4,12,1
L:\Comic Archives\F\Series\Fables [2002-2003]\Fables #8 (2002).cbz,40750596,new,421.277,28.651,142.938,245.469,4,12,1
L:\Comic Archives\F\Series\Fables [2002-2003]\Fables #9 (2002).cbz,38669510,new,232.888,44.165,135.003,47.123,4,12,1
L:\Comic Archives\F\Series\Falling in Love on the Path to Hell [2024]\Falling in Love on the Path to Hell #01 [2024].cbz,141725301,new,368.784,37.723,245.043,61.859,4,14,1
L:\Comic Archives\F\Series\Falling in Love on the Path to Hell [2024]\Falling in Love on the Path to Hell #02 [2024].cbz,121774173,new,344.587,67.087,240.454,31.487,4,12,1
L:\Comic Archives\F\Series\Falling in Love on the Path to Hell [2024]\Falling in Love on the Path to Hell #03 [2024].cbz,121437281,new,320.571,47.422,235.71,32.319,4,12,1
L:\Comic Archives\F\Series\Falling in Love on the Path to Hell [2024]\Falling in Love on the Path to Hell #04 [2024].cbz,108698454,new,339.569,53.514,229.328,44.487,4,12,1
L:\Comic Archives\F\Series\Falling in Love on the Path to Hell [2024]\Falling in Love on the Path to Hell #05 [2024].cbz,125382751,new,328.801,59.008,230.839,24.455,4,12,1
L:\Comic Archives\F\Series\Falling in Love on the Path to Hell [2024]\Falling in Love on the Path to Hell #06 [2024].cbz,118093413,new,365.785,83.836,237.558,38.804,4,12,1
L:\Comic Archives\F\Series\Falling in Love on the Path to Hell [2024]\Falling in Love on the Path to Hell #07 [2024].cbz,114741578,new,337.451,48.583,252.227,28.585,4,12,1
L:\Comic Archives\F\Series\Far Sector [2020]\Far Sector #1 (2020).cbz,37446354,new,238.773,54.77,145.982,30.762,4,14,1
L:\Comic Archives\F\Series\Far Sector [2020]\Far Sector #10 (2020).cbz,38169969,new,230.964,35.935,153.222,29.583,4,12,1
L:\Comic Archives\F\Series\Far Sector [2020]\Far Sector #11 (2020).cbz,126173782,new,330.902,26.997,265.442,26.195,4,12,1
L:\Comic Archives\F\Series\Far Sector [2020]\Far Sector #12 (2020).cbz,125260568,new,372.148,73.619,261.041,30.781,4,12,1
L:\Comic Archives\F\Series\Far Sector [2020]\Far Sector #2 (2020).cbz,29481786,new,303.394,70.164,169.019,23.34,4,12,1
L:\Comic Archives\F\Series\Far Sector [2020]\Far Sector #3 (2020).cbz,30556154,new,247.559,56.387,142.18,43.558,4,12,1
L:\Comic Archives\F\Series\Far Sector [2020]\Far Sector #4 (2020).cbz,28882014,new,244.249,68.062,130.016,38.953,4,12,1
L:\Comic Archives\F\Series\Far Sector [2020]\Far Sector #5 (2020).cbz,37123593,new,251.589,60.025,154.762,31.496,4,12,1
L:\Comic Archives\F\Series\Far Sector [2020]\Far Sector #6 (2020).cbz,36691764,new,234.811,64.234,132.146,25.911,4,12,1
L:\Comic Archives\F\Series\Far Sector [2020]\Far Sector #7 (2020).cbz,38280830,new,219.811,32.666,152.153,30.913,4,12,1
L:\Comic Archives\F\Series\Far Sector [2020]\Far Sector #8 (2020).cbz,35651115,new,199.932,23.271,142.468,29.884,4,12,1
L:\Comic Archives\F\Series\Far Sector [2020]\Far Sector #9 (2020).cbz,34815659,new,272.712,45.631,180.765,41.575,4,12,1
L:\Comic Archives\F\Series\Flesh-Eating Cheerleaders Spring Break (2024-2025)\Flesh-Eating Cheerleaders Spring Break #1 (2024).cbz,31264271,new,322.577,101.511,170.911,42.362,4,14,1
L:\Comic Archives\F\Series\Flesh-Eating Cheerleaders Spring Break (2024-2025)\Flesh-Eating Cheerleaders Spring Break #2 (2024).cbz,29919266,new,311.804,105.493,161.811,36.529,4,12,1
L:\Comic Archives\F\Series\Flesh-Eating Cheerleaders Spring Break (2024-2025)\Flesh-Eating Cheerleaders Spring Break #3 (2024).cbz,30797985,new,262.544,75.688,125.44,55.162,4,12,1
L:\Comic Archives\F\Series\Freedom Force [2005]\Freedom Force #1 (2005).cbz,14223960,new,148.683,52.519,59.366,28.006,4,11,1
L:\Comic Archives\F\Series\Freedom Force [2005]\Freedom Force #2 (2005).cbz,9265224,new,121.473,43.49,39.826,32.975,4,10,1
L:\Comic Archives\F\Series\Freedom Force [2005]\Freedom Force #3 (2005).cbz,14976871,new,149.707,69.615,47.228,27.821,4,10,1
L:\Comic Archives\F\Series\Freedom Force [2005]\Freedom Force #4 (2005).cbz,14688305,new,189.831,56.164,100.244,29.591,4,10,1
L:\Comic Archives\F\Series\Freedom Force [2005]\Freedom Force #5 (2005).cbz,11267065,new,131.95,51.594,46.77,27.609,4,10,1
L:\Comic Archives\F\Series\Freedom Force [2005]\Freedom Force #6 (2005).cbz,11855112,new,123.352,32.14,50.309,37.101,4,10,1
L:\Comic Archives\F\Series\The Future is Now (2016)\The Future is Now #1 (2016).cbz,66021808,new,151.897,67.124,47.763,30.924,4,13,1
L:\Comic Archives\F\Series\The Future is Now (2016)\The Future is Now #2 (2016).cbz,61527440,new,98.383,26.495,39.41,28.361,4,12,1
L:\Comic Archives\F\Singles\A Family Secret (2011)\A Family Secret (2011).cbz,22566861,new,139.796,61.074,46.091,27.837,4,15,1
L:\Comic Archives\F\Singles\A Fistful of Drawings - A Graphic Journal (2019)\A Fistful of Drawings - A Graphic Journal (2019).cbz,43187391,new,203.145,51.806,113.462,31.698,4,21,1
L:\Comic Archives\F\Singles\A Flight Of Angels (2012)\A Flight Of Angels (2012).cbz,105284839,new,167.607,57.14,64.086,38.395,4,20,1
L:\Comic Archives\F\Singles\F.A.R.M. System (2022)\F.A.R.M. System (2022).cbz,211679566,new,200.235,12.27,139.881,43.628,4,13,1
L:\Comic Archives\F\Singles\F.A.R.M. System - Rage (2025)\F.A.R.M. System - Rage (2025).cbz,328461313,new,344.898,58.421,240.201,31.467,4,12,1
L:\Comic Archives\F\Singles\FEND (2022)\FEND (2022).cbz,77238217,new,294.266,115.122,139.084,31.233,4,13,1
L:\Comic Archives\F\Singles\Fade Out - Painless Suicide (2014)\Fade Out #1 - Painless Suicide (2014).cbz,50510829,new,265.927,41.042,178.311,36.964,4,21,1
L:\Comic Archives\F\Singles\Fae Archaic (2018)\Fae Archaic (2018).cbz,101660406,new,367.116,96.606,206.767,55.69,4,21,1
L:\Comic Archives\F\Singles\Failure to Launch a Tour of Ill Fated Futures (2024)\Failure to Launch a Tour of Ill Fated Futures (2024).cbz,314589071,new,258.379,79.874,125.859,44.829,4,13,1
L:\Comic Archives\F\Singles\Fake Blood (2018)\Fake Blood (2018).cbz,84349358,new,223.181,56.512,74.791,80.172,4,21,1
L:\Comic Archives\F\Singles\Fall Of Cthulhu Omnibus (2014)\Fall Of Cthulhu #1 Omnibus (2014).cbz,781985156,new,330.771,75.816,213.981,30.135,4,18,1
"L:\Comic Archives\F\Singles\Fallout - J. Robert Oppenheimer, Leo Szilard, and the Political Science of the Atomic Bomb (2001)\Fallout #1 - J. Robert Oppenheimer, Leo Szilard, and the Political Science of the Atomic Bomb (2001).cbz",261294045,new,271.93,56.447,172.491,36.016,4,13,1
L:\Comic Archives\F\Singles\Fallout - New Vegas - All Roads [2010]\Fallout - New Vegas - All Roads [2010].cbz,126007255,new,328.438,97.136,170.163,40.945,4,33,1
L:\Comic Archives\F\Singles\False Knees (2019)\False Knees (2019).cbz,116624579,new,522.912,85.339,141.797,288.966,4,17,1
L:\Comic Archives\F\Singles\Famous in 15 Minutes (2014)\Famous in 15 Minutes (2014).cbz,84081610,new,319.672,68.228,125.257,117.502,4,17,1
L:\Comic Archives\F\Singles\Fashion In Action (2017)\Fashion In Action (2017).cbz,238300305,new,425.458,65.046,179.292,162.627,4,33,1
L:\Comic Archives\F\Singles\Faster v2 (2021)\Faster #1 v2 (2021).cbz,85642995,new,419.694,86.504,257.477,65.991,4,12,1
L:\Comic Archives\F\Singles\Fata Morgana (2013)\Fata Morgana (2013).cbz,124005350,new,410.972,67.17,299.219,35.699,4,13,1
L:\Comic Archives\F\Singles\Father's Day (2015)\Father's Day (2015).cbz,176798384,new,389.092,109.59,214.978,55.246,4,21,1
L:\Comic Archives\F\Singles\Fear Case (2021)\Fear Case (2021).cbz,235903170,new,319.316,169.421,100.102,37.004,4,24,1
L:\Comic Archives\F\Singles\Fear and Loathing in Las Vegas [2015]\Hunter S. Thompson's - Fear and Loathing in Las Vegas [2015].cbz,207218980,new,256.382,16.714,203.234,30.602,4,18,1
L:\Comic Archives\F\Singles\Feeders (1999)\Feeders (1999).cbz,41216109,new,322.082,85.421,205.671,22.128,4,16,1
L:\Comic Archives\F\Singles\Feeding Ground (2011)\Feeding Ground (2011).cbz,518796452,new,437.892,110.84,251.496,65.9,4,21,1
L:\Comic Archives\F\Singles\Feral & Foe (2022)\Feral & Foe (2022).cbz,157390967,new,280.541,58.2,183.231,35.554,4,7,1
L:\Comic Archives\F\Singles\Fifth Name (2001)\Fifth Name (2001).cbz,51700912,new,155.702,74.284,49.454,24.66,4,15,1
L:\Comic Archives\F\Singles\Fight Club 2 - The Tranquility Gambit [2018]\Fight Club 2 - The Tranquility Gambit [2018].cbz,650307544,new,330.478,78.81,209.216,35.61,4,14,1
L:\Comic Archives\F\Singles\Fight Club 3 [2020]\Fight Club 3 - HC [2020].cbz,752319276,new,340.904,80.354,210.278,41.315,4,20,1
L:\Comic Archives\F\Singles\Final Derby (2014)\Final Derby (2014).cbz,32083287,new,330.604,76.585,200.125,41.548,4,14,1
L:\Comic Archives\F\Singles\First Knife (2020)\First Knife (2020).cbz,257770869,new,340.83,84.466,210.644,35.603,4,16,1
L:\Comic Archives\F\Singles\Fishflies [2023]\Fishflies [2023].cbz,103244685,new,261.982,94.207,133.388,28.455,4,12,1
L:\Comic Archives\F\Singles\Fishtown (2008)\Fishtown (2008).cbz,194720543,new,296.932,57.445,211.913,23.737,4,7,1
L:\Comic Archives\F\Singles\Five Years with Depardieu (2020)\Five Years with Depardieu (2020).cbz,95450228,new,198.215,79.568,70.749,37.501,4,22,1
L:\Comic Archives\F\Singles\Flat Filters (2019)\Flat Filters (2019).cbz,28275486,new,157.86,59.778,55.261,36.063,4,14,1
L:\Comic Archives\F\Singles\Flavor (2018)\Flavor (2018).cbz,240246664,new,245.841,57.031,144.737,34.863,4,22,1
L:\Comic Archives\F\Singles\Flavor Girls (2023)\Flavor Girls (2023).cbz,438274432,new,156.157,28.19,85.621,35.572,4,20,1
L:\Comic Archives\F\Singles\Flight of the Butterflies (2017)\Flight of the Butterflies (2017).cbz,78359437,new,215.991,66.148,116.252,28.845,4,13,1
L:\Comic Archives\F\Singles\Flinch (2014)\Flinch (2014).cbz,138089993,new,305.334,74.563,166.554,40.829,4,68,1
L:\Comic Archives\F\Singles\Flood! -  A Novel in Pictures (2015)\Flood! #1 -  A Novel in Pictures (2015).cbz,175643634,new,319.197,79.908,205.567,25.95,4,20,1
L:\Comic Archives\F\Singles\Fluffy (2008)\Fluffy (2008).cbz,38913455,new,147.152,76.235,40.941,24.004,4,13,1
L:\Comic Archives\F\Singles\Fly By Night (2021)\Fly By Night (2021).cbz,284269043,new,222.738,58.845,129.189,29.254,4,12,1
L:\Comic Archives\F\Singles\For Justice - The Serge & Beate Klarsfeld Story (2021)\For Justice - The Serge & Beate Klarsfeld Story (2021).cbz,235896708,new,230.861,55.189,130.278,35.101,4,18,1
L:\Comic Archives\F\Singles\Forager (2013)\Forager (2013).cbz,43548849,new,156.903,34.865,67.248,48.82,4,7,1
L:\Comic Archives\F\Singles\Form of a Question (2018)\Form of a Question (2018).cbz,186450391,new,319.673,55.726,206.128,40.995,4,29,1
L:\Comic Archives\F\Singles\Fraction (2011)\Fraction (2011).cbz,171330219,new,371.861,120.102,210.633,35.226,4,13,1
L:\Comic Archives\F\Singles\Fractured Fables (2010)\Fractured Fables (2010).cbz,82377054,new,229.863,122.007,65.761,31.899,4,17,1
L:\Comic Archives\F\Singles\Fragmentation (2023)\Fragmentation (2023).cbz,204337716,new,304.295,43.561,206.281,40.507,4,22,1
L:\Comic Archives\F\Singles\Frank. The Incredible Story of a Forgotten Dictatorship (2019)\Frank. The Incredible Story of a Forgotten Dictatorship (2019).cbz,32932465,new,174.144,50.353,90.297,28.16,4,13,1
L:\Comic Archives\F\Singles\Frankenstein - The Mad Science of Dick Briefer [2015]\Frankenstein - The Mad Science of Dick Briefer [2015].cbz,475143054,new,255.467,75.654,138.616,34.583,4,12,1
"L:\Comic Archives\F\Singles\Frankenstein Alive, Alive - The Complete Collection (2018)\Frankenstein Alive, Alive #1 - The Complete Collection (2018).cbz",165089589,new,237.676,46.167,150.593,32.059,4,13,1
L:\Comic Archives\F\Singles\Frankie Comics (2020)\Frankie Comics (2020).cbz,57595510,new,168.854,39.356,98.893,23.667,4,17,1
L:\Comic Archives\F\Singles\Fraternity (2018)\Fraternity (2018).cbz,183356046,new,305.681,26.88,231.356,42.986,4,13,1
L:\Comic Archives\F\Singles\Fraternity (2022)\Fraternity (2022).cbz,187822170,new,238.638,53.573,140.016,37.23,4,14,1
L:\Comic Archives\F\Singles\Fray (2003)\Fray (2003).cbz,295790087,new,270.72,47.777,173.411,40.862,4,13,1
L:\Comic Archives\F\Singles\Freaks Of The Heartland (2012)\Freaks Of The Heartland (2012).cbz,83815540,new,206.122,58.801,103.002,36.991,4,13,1
L:\Comic Archives\F\Singles\Fred the Clown (2004)\Fred the Clown (2004).cbz,379575491,new,535.88,31.251,210.056,282.739,4,12,1
L:\Comic Archives\F\Singles\Free for All [2025]\Free for All [2025].cbz,159387313,new,465.58,115.309,287.05,54.498,4,12,1
L:\Comic Archives\F\Singles\From Hell [1999]\From Hell - TPB [1999].cbz,200234915,new,198.506,115.924,40.648,33.543,4,16,1
L:\Comic Archives\F\Singles\From Savage Seas (2019)\From Savage Seas (2019).cbz,56830265,new,243.571,45.319,165.759,27.806,4,12,1
L:\Comic Archives\F\Singles\Fuck Off And Die (2005)\Fuck Off And Die (2005).cbz,254396556,new,173.112,35.459,104.479,28.131,4,14,1
L:\Comic Archives\F\Singles\Fukitor (2014)\Fukitor (2014).cbz,389539910,new,255.053,43.193,178.785,28.34,4,13,1
L:\Comic Archives\F\Singles\Funeral of the Heart (2008)\Funeral of the Heart (2008).cbz,91216634,new,404.811,115.706,249.146,31.436,4,13,1
L:\Comic Archives\F\Singles\Future (2020)\Future (2020).cbz,52768358,new,189.756,79.847,49.971,53.074,4,14,1
L:\Comic Archives\F\Singles\Future Shock Zero (2015)\Future Shock Zero (2015).cbz,188386478,new,280.143,47.869,197.815,25.564,4,15,1
L:\Comic Archives\F\Singles\The Complete Full Tilt Boogie (2025)\The Complete Full Tilt Boogie (2025).cbz,229267479,new,217.582,100.086,82.965,28.361,4,12,1
L:\Comic Archives\F\Singles\The Face (1995)\The Face (1995).cbz,94361602,new,262.196,53.102,172.781,29.36,4,12,1
L:\Comic Archives\F\Singles\The Faceless - A Terry Sharp Story (2005)\The Faceless #1 - A Terry Sharp Story (2005).cbz,95262735,new,263.881,49.469,176.482,31.835,4,14,1
L:\Comic Archives\F\Singles\The Fade Out [2018]\The Fade Out [2018].cbz,489086257,new,370.37,130.835,195.972,36.894,4,12,1
L:\Comic Archives\F\Singles\The Faint Of Heart (2023)\The Faint Of Heart (2023).cbz,525986352,new,190.136,109.737,23.125,51.402,4,13,1
L:\Comic Archives\F\Singles\The Fairy Universe (2022)\The Fairy Universe (2022).cbz,628294719,new,628.809,83.354,495.216,36.731,4,17,1
L:\Comic Archives\F\Singles\The Fall (2021)\The Fall (2021).cbz,189502253,new,373.512,127.987,203.805,35.738,4,13,1
L:\Comic Archives\F\Singles\The Fascinating Madame Tussaud (2007)\The Fascinating Madame Tussaud (2007).cbz,70119988,new,238.498,117.466,64.607,46.696,4,14,1
L:\Comic Archives\F\Singles\The Fiction (2016)\The Fiction (2016).cbz,192597566,new,337.211,55.005,235.714,34.66,4,14,1
L:\Comic Archives\F\Singles\The Field (2014)\The Field (2014).cbz,218073736,new,299.691,55.318,183.962,47.595,4,12,1
L:\Comic Archives\F\Singles\The Fifth Beatle - The Brian Epstein Story (2013)\The Fifth Beatle - The Brian Epstein Story (2013).cbz,94756732,new,215.582,94.61,73.637,35.032,4,16,1
L:\Comic Archives\F\Singles\The Fitzroy (2014)\The Fitzroy (2014).cbz,46059846,new,330.127,43.514,254.872,25.425,4,17,1
L:\Comic Archives\F\Singles\The Follies of Richard Wadsworth (2019)\The Follies of Richard Wadsworth (2019).cbz,164394165,new,274.069,94.727,132.542,40.931,4,13,1
L:\Comic Archives\F\Singles\The Forever Maps (2019)\The Forever Maps (2019).cbz,121203684,new,189.403,23.158,126.988,33.654,4,14,1
L:\Comic Archives\F\Singles\The Forgotten Blade (2021)\The Forgotten Blade (2021).cbz,217983951,new,249.112,44.661,168.416,30.995,4,13,1
L:\Comic Archives\F\Singles\The Forgotten Slaves of Tromelin (2016)\The Forgotten Slaves of Tromelin (2016).cbz,160901053,new,179.853,19.766,124.098,31.61,4,13,1
L:\Comic Archives\F\Singles\The Fountain (2005)\The Fountain (2005).cbz,200727809,new,205.921,25.546,149.177,26.212,4,14,1
L:\Comic Archives\G\Series\Giant Days (2015)\Giant Days #1 (2015).cbz,129896436,new,197.823,19.317,136.518,37.078,4,14,1
L:\Comic Archives\G\Series\Giant Days (2015)\Giant Days #2 (2016).cbz,119685864,new,231.309,40.439,149.337,37.305,4,12,1
L:\Comic Archives\G\Series\God Country [2017]\God Country #1 (2017).cbz,64672474,new,253.622,29.945,166.392,50.785,4,12,1
L:\Comic Archives\G\Series\God Country [2017]\God Country #2 (2017).cbz,67084767,new,380.371,80.318,257.538,33.092,4,12,1
L:\Comic Archives\G\Series\God Country [2017]\God Country #3 (2017).cbz,65282463,new,380.52,80.617,257.748,36.638,4,12,1
L:\Comic Archives\G\Series\God Country [2017]\God Country #4 (2017).cbz,64324706,new,371.79,56.489,254.895,54.524,4,12,1
L:\Comic Archives\G\Series\God Country [2017]\God Country #5 (2017).cbz,69590733,new,259.946,59.28,157.97,35.999,4,12,1
L:\Comic Archives\G\Series\God Country [2017]\God Country #6 (2017).cbz,69280387,new,359.886,110.15,219.768,21.601,4,12,1
L:\Comic Archives\G\Series\Godzilla Rage Across Time v1 (2016)\Godzilla Rage Across Time #1 (2016).cbz,72727332,new,404.781,86.769,283.467,28.38,4,14,1
L:\Comic Archives\G\Series\Godzilla Rage Across Time v1 (2016)\Godzilla Rage Across Time #2 (2016).cbz,47638845,new,337.672,70.859,234.959,25.874,4,12,1
L:\Comic Archives\G\Series\Godzilla Rage Across Time v1 (2016)\Godzilla Rage Across Time #3 (2016).cbz,53908620,new,280.19,49.078,209.211,17.522,4,12,1
L:\Comic Archives\G\Series\Godzilla Rage Across Time v1 (2016)\Godzilla Rage Across Time #4 (2016).cbz,50395933,new,400.189,105.666,261.15,26.601,4,12,1
L:\Comic Archives\G\Series\Godzilla Rage Across Time v1 (2016)\Godzilla Rage Across Time #5 (2016).cbz,70476224,new,518.4,90.811,225.465,195.267,4,12,1
L:\Comic Archives\G\Series\Grass Kings [2017]\Grass Kings #1 (2017).cbz,46771781,new,339.355,83.939,209.73,37.06,4,12,1
L:\Comic Archives\G\Series\Grass Kings [2017]\Grass Kings #10 (2017).cbz,112781804,new,338.934,58.611,236.262,34.862,4,12,1
L:\Comic Archives\G\Series\Grass Kings [2017]\Grass Kings #11 (2017).cbz,90973795,new,444.856,84.94,284.295,70.066,4,12,1
L:\Comic Archives\G\Series\Grass Kings [2017]\Grass Kings #12 (2017).cbz,55429235,new,313.677,64.455,206.065,32.996,4,12,1
L:\Comic Archives\G\Series\Grass Kings [2017]\Grass Kings #13 (2017).cbz,68670806,new,296.258,93.726,169.358,26.921,4,12,1
L:\Comic Archives\G\Series\Grass Kings [2017]\Grass Kings #14 (2017).cbz,58322579,new,259.52,62.015,147.797,41.407,4,12,1
L:\Comic Archives\G\Series\Grass Kings [2017]\Grass Kings #15 (2017).cbz,71827558,new,361.88,103.211,221.782,28.939,4,12,1
L:\Comic Archives\G\Series\Grass Kings [2017]\Grass Kings #2 (2017).cbz,43050343,new,590.471,94.751,230.872,253.874,4,12,1
L:\Comic Archives\G\Series\Grass Kings [2017]\Grass Kings #3 (2017).cbz,54170559,new,446.532,89.657,283.285,65.607,4,12,1
L:\Comic Archives\G\Series\Grass Kings [2017]\Grass Kings #4 (2017).cbz,61523230,new,252.558,59.746,158.086,26.384,4,12,1
L:\Comic Archives\G\Series\Grass Kings [2017]\Grass Kings #5 (2017).cbz,110201161,new,272.348,15.645,218.758,33.673,4,12,1
L:\Comic Archives\G\Series\Grass Kings [2017]\Grass Kings #6 (2017).cbz,117407551,new,328.859,51.347,236.675,31.584,4,12,1
L:\Comic Archives\G\Series\Grass Kings [2017]\Grass Kings #7 (2017).cbz,107124800,new,280.644,59.764,183.874,32.232,4,12,1
L:\Comic Archives\G\Series\Grass Kings [2017]\Grass Kings #8 (2017).cbz,67273728,new,389.92,108.337,216.78,59.497,4,12,1
L:\Comic Archives\G\Series\Grass Kings [2017]\Grass Kings #9 (2017).cbz,79170401,new,328.208,50.827,230.298,41.641,4,12,1
"L:\Comic Archives\G\Series\Grindhouse - Drive In, Bleed Out [2014-1015]\Grindhouse Drive In, Bleed Out #1 (2014).cbz",54557856,new,229.194,72.872,125.115,22.274,4,12,1
"L:\Comic Archives\G\Series\Grindhouse - Drive In, Bleed Out [2014-1015]\Grindhouse Drive In, Bleed Out #2 (2014).cbz",52121463,new,171.978,18.242,123.507,26.081,4,12,1
"L:\Comic Archives\G\Series\Grindhouse - Drive In, Bleed Out [2014-1015]\Grindhouse Drive In, Bleed Out #3 (2014).cbz",47226507,new,174.143,18.059,122.845,29.157,4,12,1
"L:\Comic Archives\G\Series\Grindhouse - Drive In, Bleed Out [2014-1015]\Grindhouse Drive In, Bleed Out #4 (2014).cbz",53132479,new,246.732,32.724,164.8,40.315,4,12,1
"L:\Comic Archives\G\Series\Grindhouse - Drive In, Bleed Out [2014-1015]\Grindhouse Drive In, Bleed Out #5 (2014).cbz",47469891,new,313.667,117.409,152.072,37.06,4,12,1
"L:\Comic Archives\G\Series\Grindhouse - Drive In, Bleed Out [2014-1015]\Grindhouse Drive In, Bleed Out #6 (2014).cbz",45486322,new,247.076,44.86,153.971,42.605,4,12,1
L:\Comic Archives\G\Series\The Gravediggers Union [2017-2018]\The Gravediggers Union #1 (2017).cbz,146901393,new,214.889,44.749,122.958,40.366,4,14,1
L:\Comic Archives\G\Series\The Gravediggers Union [2017-2018]\The Gravediggers Union #2 (2017).cbz,111150437,new,254.706,26.789,179.782,33.614,4,12,1
L:\Comic Archives\G\Series\The Gravediggers Union [2017-2018]\The Gravediggers Union #3 (2017).cbz,118770388,new,323.198,105.512,177.257,34.897,4,12,1
L:\Comic Archives\G\Series\The Gravediggers Union [2017-2018]\The Gravediggers Union #4 (2017).cbz,65255304,new,286.688,77.762,160.533,41.68,4,12,1
L:\Comic Archives\G\Series\The Gravediggers Union [2017-2018]\The Gravediggers Union #5 (2017).cbz,55200875,new,254.035,47.809,131.513,68.492,4,12,1
L:\Comic Archives\G\Series\The Gravediggers Union [2017-2018]\The Gravediggers Union #6 (2017).cbz,62676242,new,269.899,80.376,139.507,42.022,4,12,1
L:\Comic Archives\G\Series\The Gravediggers Union [2017-2018]\The Gravediggers Union #7 (2017).cbz,47136123,new,264.124,38.777,151.857,68.884,4,12,1
L:\Comic Archives\G\Series\The Gravediggers Union [2017-2018]\The Gravediggers Union #8 (2017).cbz,53801691,new,212.263,55.372,109.395,40.453,4,12,1
L:\Comic Archives\G\Series\The Gravediggers Union [2017-2018]\The Gravediggers Union #9 (2017).cbz,55428798,new,221.427,32.681,137.341,42.848,4,12,1
L:\Comic Archives\G\Series\The Grievous Journey of Ichabod Azrael (and the Dead left in his Wake) (2015)\The Grievous Journey of Ichabod Azrael #1 (2015).cbz,7188118,new,130.198,51.137,43.038,26.368,4,12,1
L:\Comic Archives\G\Series\The Grievous Journey of Ichabod Azrael (and the Dead left in his Wake) (2015)\The Grievous Journey of Ichabod Azrael #2 (2015).cbz,7461753,new,121.714,53.094,34.898,25.7,4,12,1
L:\Comic Archives\G\Series\The Grievous Journey of Ichabod Azrael (and the Dead left in his Wake) (2015)\The Grievous Journey of Ichabod Azrael #3 (2015).cbz,6074751,new,149.629,63.944,43.96,34.945,4,12,1
L:\Comic Archives\G\Series\The Grievous Journey of Ichabod Azrael (and the Dead left in his Wake) (2015)\The Grievous Journey of Ichabod Azrael #4 (2015).cbz,7719195,new,155.385,73.343,42.458,33.379,4,12,1
L:\Comic Archives\G\Series\The Grievous Journey of Ichabod Azrael (and the Dead left in his Wake) (2015)\The Grievous Journey of Ichabod Azrael #5 (2015).cbz,6429225,new,148.488,61.202,48.536,32.313,4,12,1
L:\Comic Archives\G\Series\The Grievous Journey of Ichabod Azrael (and the Dead left in his Wake) (2015)\The Grievous Journey of Ichabod Azrael #6 (2015).cbz,8498694,new,156.923,66.167,48.783,35.606,4,12,1
L:\Comic Archives\G\Singles\A Girl in the Himalayas (2018)\A Girl in the Himalayas (2018).cbz,160951133,new,239.733,64.403,128.662,40.011,4,13,1
L:\Comic Archives\G\Singles\GLEEM (2024)\GLEEM (2024).cbz,168608885,new,215.038,58.676,111.695,35.717,4,13,1
L:\Comic Archives\G\Singles\Gaia Blues (2016)\Gaia Blues (2016).cbz,32209925,new,286.671,95.956,150.567,31.325,4,13,1
L:\Comic Archives\G\Singles\Gamma (2013)\Gamma (2013).cbz,27795711,new,189.885,68.397,92.233,18.464,4,16,1
L:\Comic Archives\G\Singles\Gauguin. Off the Beaten Track (2016)\Gauguin. Off the Beaten Track (2016).cbz,167148159,new,268.58,35.816,196.701,31.142,4,14,1
L:\Comic Archives\G\Singles\Gazoline and the Red Planet (1989)\Gazoline and the Red Planet (1989).cbz,78036126,new,230.624,87.273,112.226,26.692,4,13,1
L:\Comic Archives\G\Singles\Gears of War - Deluxe (2011)\Gears of War - Deluxe (2011).cbz,181871936,new,421.879,96.591,298.159,21.413,4,13,1
L:\Comic Archives\G\Singles\Genesis (2014)\Genesis (2014).cbz,114593160,new,332.931,94.258,187.43,44.783,4,15,1
L:\Comic Archives\G\Singles\Genetics at Heart (2023)\Genetics at Heart (2023).cbz,143917997,new,551.565,118.795,359.917,64.862,4,14,1
L:\Comic Archives\G\Singles\Geronimo (2017)\Geronimo (2017).cbz,92458319,new,265.078,107.621,108.63,42.433,4,13,1
L:\Comic Archives\G\Singles\Get Jiro! [2012]\Get Jiro! [2012].cbz,99276674,new,148.238,55.394,33.679,48.5,4,17,1
L:\Comic Archives\G\Singles\Get Naked (2018)\Get Naked (2018).cbz,259782787,new,244.339,52.855,140.842,40.238,4,17,1
L:\Comic Archives\G\Singles\Get The Human Face (2016)\Get The Human Face (2016).cbz,39758244,new,334.827,112.609,179.625,33.925,4,13,1
L:\Comic Archives\G\Singles\Ghost Hog (2019)\Ghost Hog (2019).cbz,188882306,new,280.484,97.233,146.647,26.634,4,17,1
L:\Comic Archives\G\Singles\Ghost Rider Annual - Halloween Spirit [2023]\Ghost Rider Annual - Halloween Spirit [2023].cbz,46267916,new,472.166,79.758,102.671,276.871,4,14,1
L:\Comic Archives\G\Singles\Ghost Tree (2019)\Ghost Tree (2019).cbz,259146761,new,337.346,90.401,176.926,54.984,4,13,1
L:\Comic Archives\G\Singles\Ghost in the Shell (Complete) (1995)\Ghost in the Shell (Complete) (1995).cbz,123832535,new,297.433,79.692,161.601,36.97,4,24,1
L:\Comic Archives\G\Singles\Ghostwriter (2020)\Ghostwriter (2020).cbz,95752717,new,276.623,57.068,172.342,39.366,4,13,1
L:\Comic Archives\G\Singles\Gigs (2026)\Gigs (2026).cbz,281487337,new,350.112,108.186,196.099,36.978,4,8,1
L:\Comic Archives\G\Singles\Girl (2020)\Girl (2020).cbz,113381419,new,270.644,65.763,171.638,27.752,4,12,1
L:\Comic Archives\G\Singles\Gnartoons (2022)\Gnartoons (2022).cbz,306608514,new,330.166,127.725,165.009,32.145,4,13,1
L:\Comic Archives\G\Singles\Go Home (2016)\Go Home (2016).cbz,31192285,new,305.355,48.489,222.375,27.357,4,14,1
L:\Comic Archives\G\Singles\GoST 111 (2022)\GoST 111 (2022).cbz,173541136,new,238.781,72.759,135.047,23.924,4,14,1
L:\Comic Archives\G\Singles\Goblin (2021)\Goblin (2021).cbz,155351685,new,208.311,41.825,127.687,33.875,4,14,1
L:\Comic Archives\G\Singles\God Hates Astronauts - The Omnimegabus (2022)\God Hates Astronauts - The Omnimegabus (2022).cbz,762586782,new,206.158,37.434,127.431,37.108,4,12,1
L:\Comic Archives\G\Singles\God Save the Queen (2007)\God Save the Queen (2007).cbz,54645263,new,131.819,56.098,19.688,46.866,4,12,1
L:\Comic Archives\G\Singles\God is Dead - The Book of Acts - Alpha (2014)\God is Dead - The Book of Acts - Alpha (2014).cbz,77114924,new,254.916,64.234,122.914,60.698,4,13,1
L:\Comic Archives\G\Singles\God is Dead - The Book of Acts - Omega (2014)\God is Dead - The Book of Acts - Omega (2014).cbz,71091799,new,211.336,64.635,107.427,24.934,4,24,1
L:\Comic Archives\G\Singles\God of Arepo (2022)\God of Arepo (2022).cbz,5241364,new,232.123,91.148,91.616,44.258,4,13,1
"L:\Comic Archives\G\Singles\God, His Daughter, And A Man (1981)\God, His Daughter, And A Man (1981).cbz",52304085,new,336.939,90.048,207.236,30.733,4,13,1
L:\Comic Archives\G\Singles\Gods Will Be Watching (2014)\Gods Will Be Watching (2014).cbz,42988698,new,214.325,63.425,99.607,42.28,4,17,1
L:\Comic Archives\G\Singles\Gods' Man - A Novel in Woodcuts (1929)\Gods' Man - A Novel in Woodcuts (1929).cbz,62271415,new,138.25,37.086,68.154,26.044,4,13,1
L:\Comic Archives\G\Singles\Godshaper (2018)\Godshaper (2018).cbz,234556745,new,241.798,48.293,156.805,28.16,4,13,1
L:\Comic Archives\G\Singles\Going Green - Giving It My All for the Planet (2022)\Going Green - Giving It My All for the Planet (2022).cbz,57985533,new,182.961,24.24,85.29,69.041,4,13,1
L:\Comic Archives\G\Singles\Gold Star (2012)\Gold Star (2012).cbz,1761980,new,116.125,56.919,19.556,30.046,4,13,1
L:\Comic Archives\G\Singles\Golden Age (2013)\Golden Age (2013).cbz,33293619,new,235.129,59.374,150.242,18.918,4,16,1
L:\Comic Archives\G\Singles\Golden Boy - Beethoven's Youth (2022)\Golden Boy - Beethoven's Youth (2022).cbz,241875434,new,281.645,72.304,168.825,19.516,4,16,1
L:\Comic Archives\G\Singles\Golgotha (2013)\Golgotha (2013).cbz,148071896,new,330.918,32.992,266.337,26.645,4,14,1
L:\Comic Archives\G\Singles\Golgotha - Motor Mountain (2024)\Golgotha Motor Mountain (2024).cbz,300024396,new,238.54,69.099,144.12,21.881,4,8,1
L:\Comic Archives\G\Singles\Gone (2018)\Gone (2018).cbz,79124956,new,417.147,67.728,313.525,29.227,4,14,1
L:\Comic Archives\G\Singles\Gone (2024)\Gone (2024).cbz,195115248,new,264.011,43.439,185.916,30.566,4,12,1
L:\Comic Archives\G\Singles\Gone to Amerikay (2012)\Gone to Amerikay (2012).cbz,243258315,new,313.218,90.838,172.449,39.498,4,17,1
L:\Comic Archives\G\Singles\Good Luck (2022)\Good Luck (2022).cbz,123131249,new,302.629,119.165,149.047,27.078,4,14,1
L:\Comic Archives\G\Singles\Gorillaz - Rise of the Ogre (2006)\Gorillaz - Rise of the Ogre (2006).cbz,191182555,new,144.197,51.657,32.184,52.929,4,13,1
L:\Comic Archives\G\Singles\Gospel (2023)\Gospel (2023).cbz,154439518,new,188.276,42.523,114.36,24.956,4,12,1
L:\Comic Archives\G\Singles\Graveslinger (2009)\Graveslinger (2009).cbz,216347124,new,346.656,45.441,235.529,56.544,4,20,1
L:\Comic Archives\G\Singles\Graveyard of Empires (2013)\Graveyard of Empires (2013).cbz,201651072,new,248.49,69.275,127.351,38.759,4,15,1
L:\Comic Archives\G\Singles\Green River Killer - A True Detective Story Seecond Edition (2019)\Green River Killer - A True Detective Story Seecond Edition (2019).cbz,233680007,new,250.449,62.932,150.618,27.767,4,13,1
L:\Comic Archives\G\Singles\Greetings from Virgil (2015)\Greetings from Virgil (2015).cbz,203030841,new,297.431,21.641,239.456,31.364,4,14,1
L:\Comic Archives\G\Singles\Gregory Suicide (2015)\Gregory Suicide (2015).cbz,29338131,new,347.325,67.536,230.484,44.523,4,12,1
L:\Comic Archives\G\Singles\Grifter Got Run Over by a Reindeer - Christmas Capers [2023]\Grifter Got Run Over by a Reindeer - Christmas Capers [2023].cbz,388244636,new,353.371,58.088,250.699,31.289,4,18,1
L:\Comic Archives\G\Singles\Grimland Ascension (2022)\Grimland Ascension (2022).cbz,68937201,new,264.811,81.778,125.619,49.9,4,14,1
L:\Comic Archives\G\Singles\Grimm Fairy Tales - 020 Holiday Special [2020]\Grimm Fairy Tales - 020 Holiday Special [2020].cbz,61165662,new,347.777,55.514,234.889,44.977,4,19,1
L:\Comic Archives\G\Singles\Grimm Fairy Tales - 2012 Annual [2012]\Grimm Fairy Tales - 2012 Annual [2012].cbz,52548855,new,196.299,75.605,89.432,21.569,4,20,1
L:\Comic Archives\G\Singles\Grimm Fairy Tales - Las Vegas Annual [2010]\Grimm Fairy Tales - Las Vegas Annual [2010].cbz,41348706,new,176.451,59.437,78.378,30.468,4,16,1
L:\Comic Archives\G\Singles\Grimm Fairy Tales 2016 Annual (2016)(Digital)(TLK-EMPIRE-HD)\Grimm Fairy Tales 2016 Annual.cbz,48493459,new,239.249,53.9,154.934,23.037,4,17,1
L:\Comic Archives\G\Singles\Grip (2021)\Grip (2021).cbz,111000081,new,164.917,27.78,100.747,31.965,4,13,1
L:\Comic Archives\G\Singles\Grit (2021)\Grit (2021).cbz,105947833,new,461.506,47.499,127.577,278.772,4,14,1
L:\Comic Archives\G\Singles\Grog the Frog - The Book of Taurus (2023)\Grog the Frog - The Book of Taurus (2023).cbz,61771208,new,282.521,59.915,129.188,82.675,4,18,1
L:\Comic Archives\G\Singles\Grommets (2025)\Grommets (2025).cbz,950085115,new,428.884,106.684,271.183,41.597,4,15,1
L:\Comic Archives\G\Singles\Growing Up in Public (2016)\Growing Up in Public (2016).cbz,174030139,new,412.727,61.499,301.864,41.023,4,13,1
L:\Comic Archives\G\Singles\Guardian of Fukushima (2023)\Guardian of Fukushima (2023).cbz,110632165,new,257.831,75.717,122.143,48.249,4,14,1
L:\Comic Archives\G\Singles\Guardian of the Forest (2016)\Guardian of the Forest (2016).cbz,32700798,new,337.378,51.177,245.021,30.155,4,13,1
L:\Comic Archives\G\Singles\Guinea Pigs (2018)\Guinea Pigs (2018).cbz,102070370,new,246.054,84.141,125.583,26.406,4,14,1
L:\Comic Archives\G\Singles\Gun - A Visual History (2012)\Gun - A Visual History (2012).cbz,140638383,new,157.635,72.576,25.233,53.805,4,13,1
L:\Comic Archives\G\Singles\Gutt Ghost (2021)\Gutt Ghost (2021).cbz,110754812,new,251.589,57.565,121.144,38.554,4,16,1
L:\Comic Archives\G\Singles\Gwar - The Enormogantic Fail (2020)\Gwar - The Enormogantic Fail (2020).cbz,135054960,new,268.04,62.851,150.503,39.254,4,18,1
L:\Comic Archives\G\Singles\The Geek of the Gods (2019)\The Geek of the Gods (2019).cbz,124454756,new,244.592,52.114,134.273,43.189,4,19,1
L:\Comic Archives\G\Singles\The Ghost Butterfly (2017)\The Ghost Butterfly (2017).cbz,80221611,new,402.711,80.231,273.714,36.687,4,14,1
L:\Comic Archives\G\Singles\The Ghost Engine (2014)\The Ghost Engine (2014).cbz,163824556,new,275.281,85.577,158.714,24.835,4,12,1
L:\Comic Archives\G\Singles\The Ghost of Gaudi (2017)\The Ghost of Gaudi (2017).cbz,85105546,new,139.922,23.204,85.708,26.299,4,13,1
L:\Comic Archives\G\Singles\The Girl and the Glim (2022)\The Girl and the Glim (2022).cbz,93389703,new,177.804,33.973,108.153,29.548,4,13,1
L:\Comic Archives\G\Singles\The Good Earth (2017)\The Good Earth (2017).cbz,65651740,new,109.461,24.274,54.867,25.362,4,14,1
L:\Comic Archives\G\Singles\The Great Gatsby - The Essential Graphic Novel (2023)\The Great Gatsby - The Essential Graphic Novel (2023).cbz,549601267,new,322.8,42.92,235.057,32.837,4,16,1
L:\Comic Archives\G\Singles\The Great Outdoors (2019)\The Great Outdoors (2019).cbz,78268938,new,219.39,69.502,116.803,27.173,4,13,1
L:\Comic Archives\G\Singles\The Green Hand and Other Stories (2017)\The Green Hand and Other Stories (2017).cbz,117817619,new,170.896,36.896,99.129,26.655,4,13,1
L:\Comic Archives\G\Singles\The Grot - The Story of the Swamp City Grifters (2020)\The Grot - The Story of the Swamp City Grifters (2020).cbz,356567096,new,321.974,45.883,239.9,22.668,4,13,1
L:\Comic Archives\H\Series\Harpies (2025)\Harpies #1 (2025).cbz,54386475,new,364.763,40.332,287.492,29.97,4,20,1
L:\Comic Archives\H\Series\Harpies (2025)\Harpies #2 (2025).cbz,46748968,new,396.789,73.453,285.28,32.467,4,12,1
L:\Comic Archives\H\Series\Helena [2014]\Helena #1 (2014).cbz,214199995,new,446.487,93.464,316.823,28.553,4,14,1
L:\Comic Archives\H\Series\Helena [2014]\Helena #2 (2015).cbz,280472028,new,355.478,49.376,256.897,42.961,4,13,1
L:\Comic Archives\H\Series\Hello Darkness [2024-2026]\Hello Darkness #1 (2024).cbz,151492220,new,275.537,40.23,162.56,30.868,4,19,1
L:\Comic Archives\H\Series\Hello Darkness [2024-2026]\Hello Darkness #10 (2024).cbz,146041935,new,497.97,31.453,431.973,29.174,4,16,1
L:\Comic Archives\H\Series\Hello Darkness [2024-2026]\Hello Darkness #11 (2024).cbz,123474457,new,453.526,147.455,246.966,52.354,4,16,1
L:\Comic Archives\H\Series\Hello Darkness [2024-2026]\Hello Darkness #12 (2024).cbz,80371922,new,292.244,52.455,129.979,27.535,4,16,1
L:\Comic Archives\H\Series\Hello Darkness [2024-2026]\Hello Darkness #13 (2024).cbz,74702479,new,179.858,26.005,119.41,25.065,4,16,1
L:\Comic Archives\H\Series\Hello Darkness [2024-2026]\Hello Darkness #14 (2024).cbz,60333087,new,223.072,37.428,138.144,31.867,4,16,1
L:\Comic Archives\H\Series\Hello Darkness [2024-2026]\Hello Darkness #15 (2024).cbz,37241003,new,156.68,29.243,92.381,30.005,4,16,1
L:\Comic Archives\H\Series\Hello Darkness [2024-2026]\Hello Darkness #16 (2024).cbz,42817691,new,169.501,23.768,104.163,29.48,4,16,1
L:\Comic Archives\H\Series\Hello Darkness [2024-2026]\Hello Darkness #17 (2025).cbz,52507489,new,162.137,65.614,63.801,22.701,4,12,1
L:\Comic Archives\H\Series\Hello Darkness [2024-2026]\Hello Darkness #18 (2026).cbz,62072911,new,166.883,53.646,58.788,25.554,4,33,1
L:\Comic Archives\H\Series\Hello Darkness [2024-2026]\Hello Darkness #19 (2026).cbz,119938195,new,179.975,15.969,130.551,24.3,4,31,1
L:\Comic Archives\H\Series\Hello Darkness [2024-2026]\Hello Darkness #2 (2024).cbz,162851844,new,349.842,21.326,270.617,48.48,4,16,1
L:\Comic Archives\H\Series\Hello Darkness [2024-2026]\Hello Darkness #20 (2026).cbz,122961911,new,245.011,82.241,115.531,33.858,4,24,1
L:\Comic Archives\H\Series\Hello Darkness [2024-2026]\Hello Darkness #21 (2026).cbz,153904229,new,273.631,54.696,144.923,40.615,4,32,1
L:\Comic Archives\H\Series\Hello Darkness [2024-2026]\Hello Darkness #22 (2026).cbz,67661676,new,262.777,75.862,126.032,45.353,4,28,1
L:\Comic Archives\H\Series\Hello Darkness [2024-2026]\Hello Darkness #3 (2024).cbz,129028929,new,339.021,41.27,260.54,32.143,4,16,1
L:\Comic Archives\H\Series\Hello Darkness [2024-2026]\Hello Darkness #4 (2024).cbz,140479646,new,446.813,128.951,266.678,44.4,4,16,1
L:\Comic Archives\H\Series\Hello Darkness [2024-2026]\Hello Darkness #5 (2024).cbz,104720748,new,272.733,72.876,152.15,41.657,4,16,1
L:\Comic Archives\H\Series\Hello Darkness [2024-2026]\Hello Darkness #6 (2024).cbz,93712187,new,496.355,58.763,159.724,258.079,4,16,1
L:\Comic Archives\H\Series\Hello Darkness [2024-2026]\Hello Darkness #7 (2024).cbz,15589288,new,167.516,59.639,44.687,55.043,4,16,1
L:\Comic Archives\H\Series\Hello Darkness [2024-2026]\Hello Darkness #8 (2024).cbz,69789028,new,188.117,56.377,89.364,29.962,4,16,1
L:\Comic Archives\H\Series\Hello Darkness [2024-2026]\Hello Darkness #9 (2024).cbz,145808731,new,394.496,22.84,332.026,34.723,4,16,1
L:\Comic Archives\H\Series\Herakles Book [2018-2019]\Herakles Book #1 (2018).cbz,292228903,new,313.44,81.127,195.098,31.488,4,13,1
L:\Comic Archives\H\Series\Herakles Book [2018-2019]\Herakles Book #2 (2019).cbz,371051473,new,306.258,71.022,190.31,39.293,4,12,1
L:\Comic Archives\H\Series\Herakles Book [2018-2019]\Herakles Book #3 (2019).cbz,294288040,new,293.971,73.658,183.085,28.997,4,12,1
L:\Comic Archives\H\Series\Hobtown Mystery Stories [2024]\Hobtown Mystery Stories #1 (2024).cbz,973848984,new,280.184,59.846,181.818,32.475,4,14,1
L:\Comic Archives\H\Series\Hobtown Mystery Stories [2024]\Hobtown Mystery Stories #2 (2024).cbz,523212312,new,289.348,80.127,167.945,35.024,4,12,1
L:\Comic Archives\H\Series\Hush Ronin [2023]\Hush Ronin #1 (2023).cbz,61392704,new,206.07,51.344,123.778,25.512,4,13,1
L:\Comic Archives\H\Series\Hush Ronin [2023]\Hush Ronin #2 (2023).cbz,71319527,new,230.45,54.265,131.476,32.783,4,12,1
L:\Comic Archives\H\Series\Hyde Street [2024]\Hyde Street #01 [2024].cbz,62822830,new,238.125,42.24,145.231,43.711,4,14,1
L:\Comic Archives\H\Series\Hyde Street [2024]\Hyde Street #02 [2024].cbz,58922814,new,287.086,56.745,187.246,26.981,4,12,1
L:\Comic Archives\H\Series\Hyde Street [2024]\Hyde Street #03 [2024].cbz,63215230,new,339.064,105.95,176.499,51.265,4,12,1
L:\Comic Archives\H\Series\Hyde Street [2024]\Hyde Street #04 [2024].cbz,55370598,new,298.688,89.944,169.621,33.627,4,12,1
L:\Comic Archives\H\Series\Hyde Street [2024]\Hyde Street #05 [2024].cbz,53627317,new,223.047,34.273,152.697,31.478,4,12,1
L:\Comic Archives\H\Series\Hyde Street [2024]\Hyde Street #06 [2024].cbz,54814346,new,196.651,20.291,143.578,28.194,4,12,1
L:\Comic Archives\H\Series\The Human Target [2022]\The Human Target #1 (2022).cbz,627437456,new,323.552,61.202,229.505,27.48,4,14,1
L:\Comic Archives\H\Series\The Human Target [2022]\The Human Target #2 (2023).cbz,301562714,new,494.477,74.469,383.957,29.804,4,12,1
L:\Comic Archives\H\Singles\A Hero's Death (2015)\A Hero's Death (2015).cbz,155169115,new,294.042,25.509,191.652,43.835,4,17,1
L:\Comic Archives\H\Singles\HaHa - Sad Clown Stories [2021]\HaHa - Sad Clown Stories (2021).cbz,168753246,new,309.512,117.502,152.205,29.633,4,15,1
L:\Comic Archives\H\Singles\Habitat [2016]\Habitat (2016).cbz,194238748,new,256.504,34.232,164.377,53.726,4,12,1
L:\Comic Archives\H\Singles\Hack Slash - Omnibus #2 (2010)\Hack Slash - Omnibus #2 (2010).cbz,762916790,new,288.183,102.383,142.432,29.842,4,20,1
L:\Comic Archives\H\Singles\Hack Slash - Omnibus (2010)\Hack Slash - Omnibus (2010).cbz,833620081,new,254.641,44.484,166.319,32.831,4,15,1
L:\Comic Archives\H\Singles\Hack-Slash - Body Bags [2025]\Hack-Slash - Body Bags #1 [2025].cbz,433018603,new,321.495,67.222,209.515,32.744,4,16,1
L:\Comic Archives\H\Singles\Hack-Slash - Body Bags [2025]\Hack.Slash.Body.Bags.02.2024.cbz,90492674,new,372.236,65.477,187.988,51.439,4,14,1
L:\Comic Archives\H\Singles\Hack-Slash - Body Bags [2025]\Hack.Slash.Body.Bags.No.3.cbz,16326344,new,187.773,113.612,27.72,36.453,4,14,1
L:\Comic Archives\H\Singles\Hacktivist (2014)\Hacktivist (2014).cbz,212133822,new,295.164,69.693,178.022,36.465,4,20,1
L:\Comic Archives\H\Singles\Hair Shirt (2011)\Hair Shirt (2011).cbz,297422333,new,332.505,96.923,202.563,27.553,4,12,1
L:\Comic Archives\H\Singles\Hairball [2002]\Hairball (2002).cbz,44734601,new,263.715,97.903,133.385,24.454,4,15,1
L:\Comic Archives\H\Singles\Hairbutt the Hippo - Crime Files (1995)\Hairbutt the Hippo - Crime Files (1995).cbz,77164006,new,156.077,27.858,95.07,26.433,4,17,1
L:\Comic Archives\H\Singles\Half Dead (2007)\Half Dead (2007).cbz,54823485,new,108.975,23.659,54.767,24.694,4,17,1
L:\Comic Archives\H\Singles\Half Past Danger [2014]\Half Past Danger (2014).cbz,337881524,new,247.869,38.124,159.981,44.073,4,13,1
L:\Comic Archives\H\Singles\Halloween Eve [2012]\Halloween Eve (2012).cbz,36689471,new,275.825,124.903,108.566,33.925,4,14,1
L:\Comic Archives\H\Singles\Halloween Party [2022]\Halloween Party (2022).cbz,78600514,new,261.271,18.799,207.245,29.722,4,15,1
L:\Comic Archives\H\Singles\Ham-let - A Shakespearean Mash-Up [2022]\Ham-let - A Shakespearean Mash-Up (2022).cbz,82384725,new,245.243,80.87,130.906,20.486,4,17,1
L:\Comic Archives\H\Singles\Hap and Leonard - Savage Season [2017]\Hap and Leonard - Savage Season (2017).cbz,124248905,new,174.714,16.876,125.641,27.174,4,14,1
L:\Comic Archives\H\Singles\Haphaven [2019]\Haphaven (2019).cbz,199182213,new,274.711,58.561,168.606,42.203,4,14,1
L:\Comic Archives\H\Singles\Happiness Will Follow (2020)\Happiness Will Follow (2020).cbz,321455675,new,313.689,115.256,165.182,27.596,4,12,1
L:\Comic Archives\H\Singles\Happy! [2013]\Happy! (2013).cbz,182969388,new,182.589,25.121,128.624,24.76,4,12,1
L:\Comic Archives\H\Singles\Hard Bargain [2025]\Hard Bargain (2025).cbz,515950034,new,419.726,52.878,325.499,29.768,4,14,1
L:\Comic Archives\H\Singles\Hard Boiled - Second Edition (2017)\Hard Boiled - Second Edition (2017).cbz,409934055,new,306.561,54.178,202.707,43.144,4,16,1
L:\Comic Archives\H\Singles\Hardears [2021]\Hardears (2021).cbz,393876318,new,441.605,79.156,332.129,21.17,4,14,1
L:\Comic Archives\H\Singles\Harold [2014]\Harold (2014).cbz,52691265,new,269.591,81.457,151.625,27.883,4,13,1
L:\Comic Archives\H\Singles\Harold and Purple Crayon [1955]\Harold and Purple Crayon (1955).cbz,10559234,new,168.615,59.366,78.909,24.676,4,13,1
L:\Comic Archives\H\Singles\Harvest (2013)\Harvest (2013).cbz,210852249,new,488.828,37.478,170.35,276.75,4,12,1
L:\Comic Archives\H\Singles\Harvey Knight's Odyssey (2023)\Harvey Knight's Odyssey (2023).cbz,152076358,new,266.361,91.21,123.155,44.782,4,12,1
L:\Comic Archives\H\Singles\Haunted [2014]\Haunted (2014).cbz,11801984,new,197.763,66.23,98.12,28.367,4,13,1
L:\Comic Archives\H\Singles\Haunter (2014)\Haunter (2014).cbz,24054411,new,109.704,37.778,40.415,26.881,4,13,1
L:\Comic Archives\H\Singles\Hawking [2019]\Hawking (2019).cbz,221351395,new,115.734,36.146,44.57,30.346,4,13,1
L:\Comic Archives\H\Singles\Hazed (2008)\Hazed (2008).cbz,108395330,new,194.012,66.516,88.817,30.292,4,12,1
L:\Comic Archives\H\Singles\He Done Her Wrong [2005]\He Done Her Wrong (2005).cbz,125108669,new,249.293,58.626,159.417,25.204,4,13,1
L:\Comic Archives\H\Singles\Heads Or Tails [2012]\Heads Or Tails (2012).cbz,577754754,new,218.654,61.606,129.505,22.455,4,13,1
L:\Comic Archives\H\Singles\Heart (2012)\Heart (2012).cbz,209854788,new,222.474,22.296,166.81,28.349,4,14,1
L:\Comic Archives\H\Singles\Heart Break Soup - A Love and Rockets Book (2007)\Heart Break Soup - A Love and Rockets Book (2007).cbz,712934421,new,116.559,20.756,64.799,26.83,4,12,1
L:\Comic Archives\H\Singles\Heart in a Box (2015)\Heart in a Box (2015).cbz,101490345,new,179.516,27.314,121.791,25.941,4,13,1
L:\Comic Archives\H\Singles\Heart of Darkness (2010)\Heart of Darkness (2010).cbz,265953509,new,281.585,73.957,169.895,28.827,4,17,1
L:\Comic Archives\H\Singles\Heart of Weirdness [2015]\Heart of Weirdness (2015).cbz,44215426,new,323.001,58.479,222.935,35.509,4,14,1
L:\Comic Archives\H\Singles\Heartbeat (2020)\Heartbeat (2020).cbz,305047794,new,275.101,66.203,142.767,57.077,4,13,1
L:\Comic Archives\H\Singles\Heartbreak Hotel (2025)\Heartbreak Hotel (2025).cbz,252124460,new,448.225,105.116,306.054,27.825,4,14,1
L:\Comic Archives\H\Singles\Heartburst and Other Pleasures [2008]\Heartburst and Other Pleasures (2008).cbz,143400474,new,185.181,53.289,95.046,28.132,4,16,1
L:\Comic Archives\H\Singles\Heaven No Hell [2021]\Heaven No Hell (2021).cbz,165098758,new,213.637,32.219,149.479,27.508,4,13,1
L:\Comic Archives\H\Singles\Heavy Liquid [2019]\Heavy Liquid (2019).cbz,332627718,new,192.308,41.541,108.6,34.458,4,12,1
L:\Comic Archives\H\Singles\Heavy Metals Even Heavier Metal (1983)\Heavy Metals Even Heavier Metal (1983).cbz,279502869,new,355.234,47.009,267.062,34.941,4,18,1
L:\Comic Archives\H\Singles\Hector Plasm - De Mortuis [2006]\Hector Plasm - De Mortuis (2006).cbz,21161803,new,195.854,83.566,66.512,36.25,4,14,1
L:\Comic Archives\H\Singles\Helium (2017)\Helium (2017).cbz,73528755,new,197.522,41.705,104.665,45.832,4,14,1
L:\Comic Archives\H\Singles\Hell & High Water  [2019]\Hell & High Water (2019).cbz,72237263,new,122.796,31.861,61.116,24.853,4,14,1
L:\Comic Archives\H\Singles\Hell Is a Squared Circle [2022]\Hell Is a Squared Circle (2022).cbz,114562570,new,323.155,42.149,235.327,38.697,4,14,1
L:\Comic Archives\H\Singles\Hell Phone [2022]\Hell Phone (2022).cbz,162452187,new,239.984,60.187,146.074,27.805,4,13,1
L:\Comic Archives\H\Singles\Hell on Earth [1985]\Hell on Earth (1985).cbz,19253794,new,172.29,49.583,87.411,24.202,4,14,1
L:\Comic Archives\H\Singles\Hellbound Lifestyle (2016)\Hellbound Lifestyle (2016).cbz,56211313,new,281.441,56.309,169.896,48.652,4,14,1
L:\Comic Archives\H\Singles\Hellbound [2015]\Hellbound (2015).cbz,207821627,new,361.461,77.469,216.966,52.483,4,18,1
L:\Comic Archives\H\Singles\Hellcity - The Whole Damned Thing (2010)\Hellcity - The Whole Damned Thing (2010).cbz,781991890,new,348.188,73.785,219.032,46.091,4,14,1
L:\Comic Archives\H\Singles\Hello Monsieur Hulot [2006]\Hello Monsieur Hulot (2006).cbz,12149245,new,187.865,71.828,69.939,36.485,4,14,1
"L:\Comic Archives\H\Singles\Hello, My Name Is Poop [2021]\Hello, My Name Is Poop (2021).cbz",128553765,new,175.853,36.872,72.707,60.924,4,14,1
L:\Comic Archives\H\Singles\Hellshock (2006)\Hellshock (2006).cbz,135218599,new,320.084,53.236,201.875,55.462,4,13,1
L:\Comic Archives\H\Singles\Hendrix - Electric Requiem (2022)\Hendrix - Electric Requiem (2022).cbz,318934702,new,327.81,80.005,219.045,19.554,4,14,1
L:\Comic Archives\H\Singles\Henry Speaks for Himself (2014)\Henry Speaks for Himself (2014).cbz,276065168,new,251.355,72.224,142.42,31.687,4,13,1
L:\Comic Archives\H\Singles\Herbie's Song (2022)\Herbie's Song (2022).cbz,19754027,new,312.466,64.793,216.846,26.19,4,12,1
L:\Comic Archives\H\Singles\Here At The End Of The World (2014)\Here At The End Of The World (2014).cbz,181741318,new,254.163,60.197,158.916,29.555,4,12,1
L:\Comic Archives\H\Singles\Here We Go [2015]\Here We Go (2015).cbz,110674914,new,355.711,104.4,205.25,34.998,4,19,1
L:\Comic Archives\H\Singles\Here [2014]\Here (2014).cbz,736696435,new,467.388,60.63,374.738,27.022,4,13,1
L:\Comic Archives\H\Singles\Hermeneutics or The New Cartoon Utopia [2022]\Hermeneutics or The New Cartoon Utopia (2022).cbz,221610958,new,276.964,55.24,169.342,46.179,4,18,1
L:\Comic Archives\H\Singles\Hewligans Haircut (2017)\Hewligans Haircut (2017).cbz,111458313,new,251.203,87.053,110.666,45.964,4,12,1
L:\Comic Archives\H\Singles\Hex Americana (2023)\Hex Americana (2023).cbz,264533289,new,197.509,65.797,95.318,31.981,4,13,1
L:\Comic Archives\H\Singles\Hexagon Bridge (2024)\Hexagon Bridge (2024).cbz,171543096,new,430.382,37.193,80.242,302.605,4,13,1
L:\Comic Archives\H\Singles\Hey Kids! Comics! (2019)\Hey Kids! Comics! (2019).cbz,463982205,new,370.881,117.913,200.812,44.412,4,12,1
"L:\Comic Archives\H\Singles\Hey, Mister - Come Hell or Highwater Pants (2014)\Hey, Mister - Come Hell or Highwater Pants (2014).cbz",257522830,new,334.653,63.593,225.432,33.757,4,13,1
L:\Comic Archives\H\Singles\Hibakusha (2018)\Hibakusha (2018).cbz,67291819,new,214.447,63.367,104.417,36.871,4,14,1
L:\Comic Archives\H\Singles\Hieronymus B (1997 - 2007)\Hieronymus B (1997 - 2007).cbz,24519519,new,191.659,69.408,77.666,37.994,4,13,1
L:\Comic Archives\H\Singles\High Level [2019]\High Level (2019).cbz,157805946,new,263.315,50.288,164.134,39.945,4,19,1
L:\Comic Archives\H\Singles\High Rollers [2008]\High Rollers (2008).cbz,119532710,new,279.524,68.738,162.865,41.146,4,14,1
L:\Comic Archives\H\Singles\Highwayman [2019]\Highwayman (2019).cbz,236461892,new,312.66,113.669,155.28,36.055,4,13,1
L:\Comic Archives\H\Singles\Himawari House (2021)\Himawari House (2021).cbz,163012626,new,154.218,44.475,65.458,35.044,4,13,1
L:\Comic Archives\H\Singles\Holiday Party [2023]\Holiday Party (2023).cbz,69957181,new,288.82,21.424,236.232,26.761,4,13,1
L:\Comic Archives\H\Singles\Holiday Spirits [2023]\Holiday Spirits (2023).cbz,94354977,new,304.698,33.727,221.878,44.94,4,12,1
L:\Comic Archives\H\Singles\Holli Hoxxx - Omnibus (2014)\Holli Hoxxx - Omnibus (2014).cbz,573619299,new,313.715,88.067,192.075,26.232,4,16,1
L:\Comic Archives\H\Singles\Hollow [2022]\Hollow (2022).cbz,486212807,new,355.698,106.209,207.306,33.975,4,17,1
L:\Comic Archives\H\Singles\Holy Diver [2017]\Holy Diver (2017).cbz,137939486,new,322.493,78.54,188.492,45.156,4,13,1
L:\Comic Archives\H\Singles\Holy F-cked (2015)\Holy F-cked (2015).cbz,112217372,new,363.536,89.261,215.657,49.106,4,14,1
L:\Comic Archives\H\Singles\Homeland Directive (2011)\Homeland Directive (2011).cbz,66409964,new,187.959,78.816,48.083,52.615,4,13,1
L:\Comic Archives\H\Singles\Hopeless Maine - Vol #1 (2012)\Hopeless Maine - Vol #1 (2012).cbz,61720568,new,219.413,62.659,101.603,45.45,4,16,1
L:\Comic Archives\H\Singles\Horror & Fantasy Illustrated - Cradle of Shadows [2024]\Horror & Fantasy Illustrated - Cradle of Shadows (2024).cbz,127366867,new,319.016,52.902,225.424,28.009,4,15,1
L:\Comic Archives\H\Singles\Horror & Fantasy Illustrated - Plum Island [2024]\Horror & Fantasy Illustrated - Plum Island (2024).cbz,80108528,new,288.893,55.385,192.141,31.332,4,15,1
L:\Comic Archives\H\Singles\Horror City Chronicles [2023]\Horror City Chronicles (2023).cbz,157435877,new,330.472,85.844,190.855,42.948,4,20,1
L:\Comic Archives\H\Singles\Hot Damn (2016)\Hot Damn (2016).cbz,310309257,new,363.958,132.665,193.171,31.9,4,13,1
L:\Comic Archives\H\Singles\Hot Rock (2010)\Hot Rock (2010).cbz,86580129,new,197.939,90.319,75.069,26.896,4,16,1
L:\Comic Archives\H\Singles\Hotel Dare [2019]\Hotel Dare (2019).cbz,395997739,new,338.32,53.309,250.373,27.886,4,14,1
L:\Comic Archives\H\Singles\Hotel Limbo (2026)\Hotel Limbo (2026).cbz,226110856,new,313.926,72.043,182.735,44.347,4,13,1
L:\Comic Archives\H\Singles\Hotel REM [2023]\Hotel REM (2023).cbz,213197318,new,355.027,67.423,217.831,60.458,4,13,1
L:\Comic Archives\H\Singles\Hound [2024]\Hound (2024).cbz,174345686,new,362.232,69.03,237.895,40.34,4,17,1
L:\Comic Archives\H\Singles\House Of Fun [2012]\House Of Fun (2012).cbz,43281186,new,204.935,80.273,84.802,32.485,4,13,1
L:\Comic Archives\H\Singles\House [2007]\House (2007).cbz,86395672,new,250.987,70.193,133.74,36.027,4,13,1
L:\Comic Archives\H\Singles\House of Delusion (2021)\House of Delusion (2021).cbz,148622373,new,267.527,70.932,144.637,45.341,4,13,1
L:\Comic Archives\H\Singles\House of Fear - Attack of the Killer Snowmen and Other Spooky Stories [2019]\House of Fear - Attack of the Killer Snowmen and Other Spooky Stories (2019).cbz,334064995,new,383.228,68.706,277.093,26.895,4,17,1
L:\Comic Archives\H\Singles\House of Odd [2012]\House of Odd (2012).cbz,198036381,new,181.483,55.48,67.205,25.12,4,14,1
L:\Comic Archives\H\Singles\House of Penance - Library Edition (2019)\House of Penance - Library Edition (2019).cbz,415230967,new,272.034,25.131,207.289,35.23,4,13,1
L:\Comic Archives\H\Singles\House of Women (2017)\House of Women (2017).cbz,226352584,new,313.713,97.613,158.483,49.603,4,12,1
L:\Comic Archives\H\Singles\Housecat Trouble (2022)\Housecat Trouble (2022).cbz,58536953,new,262.969,87.914,89.859,78.155,4,13,1
L:\Comic Archives\H\Singles\Houses of the Unholy [2024]\Houses of the Unholy (2024).cbz,387241075,new,320.06,61.946,213.589,36.586,4,12,1
L:\Comic Archives\H\Singles\How Do You Smoke a Weed [2018]\How Do You Smoke a Weed (2018).cbz,129470018,new,289.422,76.396,158.621,47.553,4,14,1
L:\Comic Archives\H\Singles\How I Tried to Be a Good Person (2019)\How I Tried to Be a Good Person (2019).cbz,424681856,new,303.746,120.036,146.738,27.306,4,13,1
L:\Comic Archives\H\Singles\How It All Ends (2024)\All Ends (2024).cbz,821426828,new,158.327,47.534,70.815,34.379,4,13,1
L:\Comic Archives\H\Singles\How Much Land Does a Man Need (2018)\How Much Land Does a Man Need (2018).cbz,156066088,new,269.924,78.645,150.379,31.808,4,13,1
L:\Comic Archives\H\Singles\How To Be Alive (2017)\How To Be Alive (2017).cbz,43409757,new,287.986,41.678,203.799,32.273,4,13,1
L:\Comic Archives\H\Singles\How To Be Happy [2014]\How To Be Happy (2014).cbz,138625988,new,334.173,97.465,162.909,67.856,4,13,1
L:\Comic Archives\H\Singles\How to Pass as Human (2015)\How to Pass as Human (2015).cbz,133335977,new,258.859,61.531,147.584,39.071,4,17,1
L:\Comic Archives\H\Singles\Howard Lovecraft and the Kingdom of Madness (2013)\Howard Lovecraft and the Kingdom of Madness (2013).cbz,133083412,new,266.028,45.104,179.938,36.183,4,12,1
L:\Comic Archives\H\Singles\Hungry Ghosts [2018]\Hungry Ghosts (2018).cbz,207575383,new,307.752,102.929,169.782,27.079,4,17,1
L:\Comic Archives\H\Singles\Hunter's Fortune [2010]\Hunter's Fortune (2010).cbz,374393091,new,626.927,44.142,239.779,336.662,4,13,1
L:\Comic Archives\H\Singles\Hunter's Moon [2008]\Hunter's Moon (2008).cbz,158097630,new,282.695,49.439,133.668,64.805,4,16,1
L:\Comic Archives\H\Singles\Hunters [2018]\Hunters (2018).cbz,520179601,new,425.979,118.144,238.977,59.568,4,14,1
L:\Comic Archives\H\Singles\Hwy 115 (2006)\Hwy 115 (2006).cbz,199042233,new,151.145,77.583,37.247,27.281,4,13,1
L:\Comic Archives\H\Singles\Hyde [2004]\Hyde (2004).cbz,83897916,new,259.305,54.757,163.926,29.832,4,16,1
L:\Comic Archives\H\Singles\Hyderabad [2014]\Hyderabad (2014).cbz,157119093,new,313.241,24.755,202.437,76.77,4,14,1
L:\Comic Archives\H\Singles\Hyper Scape [2022]\Hyper Scape (2022).cbz,206267173,new,279.766,52.578,164.513,52.058,4,13,1
L:\Comic Archives\H\Singles\The Half [2016]\The Half (2016).cbz,37180057,new,278.447,107.756,107.433,54.165,4,14,1
L:\Comic Archives\H\Singles\The Halloween Legion [2013]\The Halloween Legion (2013).cbz,115178917,new,245.891,52.327,142.709,39.353,4,16,1
L:\Comic Archives\H\Singles\The Hand of Black [2021]\The Hand of Black (2021).cbz,138990119,new,229.284,40.187,131.66,48.448,4,13,1
L:\Comic Archives\H\Singles\The Handmaids Tale [2019]\The Handmaids Tale (2019).cbz,411717416,new,329.121,128.089,155.21,36.577,4,14,1
L:\Comic Archives\H\Singles\The Hartlepool Monkey (2019)\The Hartlepool Monkey (2019).cbz,97287238,new,287.802,52.433,195.439,33.875,4,13,1
L:\Comic Archives\H\Singles\The Haunted World of El Superbeasto (2007)\The Haunted World of El Superbeasto (2007).cbz,76719172,new,215.028,95.364,70.582,32.281,4,44,1
L:\Comic Archives\H\Singles\The Hchom Book (2018)\The Hchom Book (2018).cbz,181246171,new,314.154,31.712,242.776,31.736,4,12,1
L:\Comic Archives\H\Singles\The Healing Island (2014)\The Healing Island (2014).cbz,116377419,new,305.141,74.067,183.925,39.874,4,13,1
L:\Comic Archives\H\Singles\The Heart of War [2014]\The Heart of War (2014).cbz,245223737,new,355.974,117.035,190.755,40.851,4,14,1
L:\Comic Archives\H\Singles\The Heart of the Beast - A Love Story (2014)\The Heart of the Beast - A Love Story (2014).cbz,447093109,new,360.66,112.449,206.84,33.542,4,16,1
L:\Comic Archives\H\Singles\The Hedge Knight - The Graphic Novel (2013)\The Hedge Knight - The Graphic Novel (2013).cbz,234002005,new,288.582,75.458,170.007,34.787,4,14,1
L:\Comic Archives\H\Singles\The Hidden [2011]\The Hidden (2011).cbz,230618276,new,369.794,119.624,208.118,33.709,4,13,1
L:\Comic Archives\H\Singles\The Hill [2016]\The Hill (2016).cbz,98736852,new,263.989,94.329,121.947,39.778,4,13,1
L:\Comic Archives\H\Singles\The History of Science Fiction - A Graphic Novel Adventure (2021)\The History of Science Fiction - A Graphic Novel Adventure (2021).cbz,215937494,new,220.684,60.212,135.683,18.037,4,14,1
L:\Comic Archives\H\Singles\The Hive (2025)\The Hive (2025).cbz,320303538,new,211.651,17.897,158.959,30.071,4,13,1
L:\Comic Archives\H\Singles\The Hobbit (1990)\The Hobbit (1990).cbz,130131992,new,225.419,61.425,123.263,30.569,4,17,1
L:\Comic Archives\H\Singles\The Hobbit - A Graphic Novel [2024]\The Hobbit - A Graphic Novel (2024).cbz,196423718,new,223.906,58.387,125.071,28.921,4,16,1
L:\Comic Archives\H\Singles\The Hog Butcher [2014]\The Hog Butcher (2014).cbz,66459088,new,271.891,51.518,179.278,34.743,4,13,1
L:\Comic Archives\H\Singles\The Hollows [2013]\The Hollows (2013).cbz,184558580,new,298.621,81.855,145.842,64.599,4,13,1
L:\Comic Archives\H\Singles\The Holy Ghost - A Spirited Comic (2022)\The Holy Ghost - A Spirited Comic (2022).cbz,65881910,new,287.18,60.419,181.598,36.801,4,13,1
L:\Comic Archives\H\Singles\The Homeland Directive [2011]\The Homeland Directive (2011).cbz,66409963,new,239.434,104.405,73.641,53.645,4,12,1
L:\Comic Archives\H\Singles\The Hope Virus [2010]\The Hope Virus (2010).cbz,35864659,new,163.849,59.309,60.02,37.554,4,13,1
L:\Comic Archives\H\Singles\The Horla (2014)\The Horla (2014).cbz,72950924,new,303.541,55.346,216.416,23.542,4,13,1
L:\Comic Archives\H\Singles\The Horny Goof & Other Underground Stories[1990]\The Horny Goof & Other Underground Stories (1990).cbz,41337488,new,182.531,38.672,93.972,39.336,4,13,1
L:\Comic Archives\H\Singles\The Horror [2024]\The Horror (2024).cbz,413908177,new,308.0,60.237,200.684,38.416,4,13,1
L:\Comic Archives\H\Singles\The Hound of the Baskervilles [2013]\The Hound of the Baskervilles (2013).cbz,48589111,new,228.957,100.545,94.482,26.596,4,14,1
L:\Comic Archives\H\Singles\The House of Montresor [2014]\The House of Montresor (2014).cbz,84927482,new,255.933,25.484,180.167,45.394,4,14,1
L:\Comic Archives\H\Singles\The Hundredth Voice [2023]\The Hundredth Voice (2023).cbz,293966016,new,288.365,102.617,134.784,44.165,4,12,1
L:\Comic Archives\I\Series\Ice Cream Man [2018]\Ice Cream Man - Vol #1 (2018).cbz,181702971,new,294.886,46.805,208.624,30.253,4,12,1
L:\Comic Archives\I\Series\Ice Cream Man [2018]\Ice Cream Man - Vol #2 (2018).cbz,170410700,new,322.283,80.899,209.261,25.843,4,12,1
L:\Comic Archives\I\Series\Ice Cream Man [2018]\Ice Cream Man - Vol #3 (2018).cbz,194968170,new,405.197,81.292,260.607,57.813,4,12,1
L:\Comic Archives\I\Series\Ice Cream Man [2018]\Ice Cream Man - Vol #4 (2018).cbz,181976343,new,378.095,61.655,270.651,37.801,4,12,1
L:\Comic Archives\I\Series\Ice Cream Man [2018]\Ice Cream Man - Vol #5 (2018).cbz,126593917,new,371.962,78.022,236.49,51.882,4,12,1
L:\Comic Archives\I\Series\Ice Cream Man [2018]\Ice Cream Man - Vol #6 (2018).cbz,157430582,new,248.509,61.528,144.629,36.669,4,12,1
L:\Comic Archives\I\Series\Ice Cream Man [2018]\Ice Cream Man - Vol #7 (2018).cbz,160489077,new,201.223,46.255,124.711,21.952,4,12,1
L:\Comic Archives\I\Series\Ice Cream Man [2018]\Ice Cream Man - Vol #8 (2018).cbz,167612361,new,172.98,20.885,122.791,25.162,4,12,1
L:\Comic Archives\I\Series\Ice Cream Man [2018]\Ice Cream Man - Vol #9 (2018).cbz,164126736,new,460.196,20.706,125.574,309.703,4,12,1
L:\Comic Archives\I\Series\In Bloom [2024]\In Bloom #1 (2024).cbz,62412831,new,338.095,81.896,175.57,66.124,4,15,1
L:\Comic Archives\I\Series\In Bloom [2024]\In Bloom #2 (2024).cbz,48655309,new,264.351,61.222,152.078,41.68,4,14,1
L:\Comic Archives\I\Series\In Bloom [2024]\In Bloom #3 (2024).cbz,54183164,new,279.187,55.788,176.381,38.487,4,14,1
L:\Comic Archives\I\Series\In Bloom [2024]\In Bloom #4 (2024).cbz,41925274,new,336.479,101.667,190.617,37.735,4,14,1
L:\Comic Archives\I\Series\In Bloom [2024]\In Bloom #5 (2024).cbz,52069481,new,355.453,97.98,227.314,24.049,4,14,1
L:\Comic Archives\I\Series\Infidel [2018]\infidel #1 (2018).cbz,56789341,new,337.62,77.533,222.215,30.917,4,13,1
L:\Comic Archives\I\Series\Infidel [2018]\infidel #2 (2018).cbz,56859043,new,260.862,42.558,176.395,29.662,4,12,1
L:\Comic Archives\I\Series\Infidel [2018]\infidel #3 (2018).cbz,66218233,new,306.545,101.397,153.201,46.646,4,12,1
L:\Comic Archives\I\Series\Infidel [2018]\infidel #4 (2018).cbz,63551834,new,305.345,88.694,172.837,39.65,4,12,1
L:\Comic Archives\I\Series\Infidel [2018]\infidel #5 (2018).cbz,70865176,new,362.918,107.972,211.486,36.195,4,12,1
L:\Comic Archives\I\Series\Interstellar Dust (2023-2024)\Interstellar Dust #1 (2023).cbz,33225384,new,295.775,79.804,174.074,33.08,4,14,1
L:\Comic Archives\I\Series\Interstellar Dust (2023-2024)\Interstellar Dust #2 (2023).cbz,38889466,new,314.055,84.715,191.081,33.277,4,12,1
L:\Comic Archives\I\Series\Interstellar Dust (2023-2024)\Interstellar Dust #3 (2023).cbz,38275279,new,313.882,86.338,193.832,28.635,4,12,1
L:\Comic Archives\I\Series\Into the Unbeing (2025)\Into the Unbeing #1 (2025).cbz,1165988761,new,976.086,106.878,806.547,52.517,4,13,1
L:\Comic Archives\I\Series\Into the Unbeing (2025)\Into the Unbeing #2 (2025).cbz,380866501,new,298.45,69.517,177.707,46.88,4,12,1
L:\Comic Archives\I\Series\The Invisibles [2014]\The Invisibles - Delux Edition #1 (2014).cbz,554044800,new,321.662,119.804,166.6,29.713,4,15,1
L:\Comic Archives\I\Series\The Invisibles [2014]\The Invisibles - Delux Edition #2 (2014).cbz,563554819,new,284.18,72.067,173.351,33.905,4,14,1
L:\Comic Archives\I\Singles\I Am Legend (2003) (Pudgy)\I Am Legend (2003) (Pudgy).cbz,128487309,new,143.356,52.694,46.909,35.866,4,14,1
L:\Comic Archives\I\Singles\I Am Young (2018)\I Am Young (2018).cbz,147241986,new,320.63,70.804,201.829,42.64,4,13,1
L:\Comic Archives\I\Singles\I Hate Fairyland (2017)\I Hate Fairyland (2017).cbz,826128519,new,281.018,69.34,159.192,47.633,4,13,1
L:\Comic Archives\I\Singles\I Killed Adolf Hitler [2007]\I Killed Adolf Hitler (2007).cbz,42404378,new,262.039,98.919,110.062,43.436,4,13,1
L:\Comic Archives\I\Singles\I Know What I Am - The True Story of Artemisia Gentileschi (2019)\I Know What I Am - The True Story of Artemisia Gentileschi (2019).cbz,457861771,new,247.308,41.104,163.55,36.092,4,13,1
L:\Comic Archives\I\Singles\I Love Trouble (2013)\I Love Trouble (2013).cbz,214462641,new,371.624,113.296,199.937,50.184,4,17,1
L:\Comic Archives\I\Singles\I Love You (2018)\I Love You (2018).cbz,31159986,new,173.498,86.431,35.108,45.925,4,13,1
L:\Comic Archives\I\Singles\I Really Want A Bigger Piece (2023)\I Really Want A Bigger Piece (2023).cbz,39303277,new,220.719,73.195,88.351,49.931,4,14,1
"L:\Comic Archives\I\Singles\I'm No Scientist, But I Think Feng Shui Is Part of the Answer (2016)\I'm No Scientist, But I Think Feng Shui Is Part of the Answer (2016).cbz",128537579,new,271.469,67.178,167.297,26.781,4,13,1
L:\Comic Archives\I\Singles\I'm Not A Plastic Bag (2012)\I'm Not A Plastic Bag (2012).cbz,255265606,new,222.955,38.717,149.889,27.793,4,13,1
L:\Comic Archives\I\Singles\I'm Still Alive (2022)\I'm Still Alive (2022).cbz,164898513,new,223.032,29.863,141.892,46.228,4,14,1
"L:\Comic Archives\I\Singles\I, Witness (2012)\I, Witness (2012).cbz",100592562,new,183.102,37.047,104.525,35.713,4,14,1
L:\Comic Archives\I\Singles\I.D. (2016)\I.D. (2016).cbz,247301909,new,319.225,46.779,225.035,36.963,4,13,1
L:\Comic Archives\I\Singles\Icky (2018)\Icky (2018).cbz,50069644,new,353.275,54.875,266.352,24.824,4,14,1
L:\Comic Archives\I\Singles\Identity Thief (2010)\Identity Thief (2010).cbz,151623340,new,443.629,82.914,314.839,35.852,4,14,1
L:\Comic Archives\I\Singles\If My Dogs Were a Pair of Middle-Aged Men (2017)\If My Dogs Were a Pair of Middle-Aged Men (2017).cbz,31709806,new,283.813,81.812,141.255,54.216,4,13,1
"L:\Comic Archives\I\Singles\If You Die In The Woods, Does Anybody Care (2015)\If You Die In The Woods, Does Anybody Care (2015).cbz",123330370,new,359.036,123.653,205.215,21.676,4,13,1
L:\Comic Archives\I\Singles\If on a Winter's Night (2018)\If on a Winter's Night (2018).cbz,116597943,new,423.259,60.967,325.4,31.225,4,14,1
L:\Comic Archives\I\Singles\Illustrating Spain in the US (2022)\Illustrating Spain in the US (2022).cbz,80483717,new,239.362,39.757,157.851,35.47,4,16,1
L:\Comic Archives\I\Singles\Imaginary Drugs (2015)\Imaginary Drugs (2015).cbz,350034784,new,389.016,123.923,220.145,32.019,4,19,1
L:\Comic Archives\I\Singles\Immortals - Gods and Heroes (2011)\Immortals - Gods and Heroes (2011).cbz,68177337,new,214.356,76.15,96.622,27.888,4,18,1
L:\Comic Archives\I\Singles\Impossible (2017)\Impossible (2017).cbz,250835961,new,305.694,18.68,244.466,37.636,4,14,1
L:\Comic Archives\I\Singles\In Limbo (2023)\In Limbo (2023).cbz,597710856,new,308.835,70.322,211.385,22.67,4,13,1
L:\Comic Archives\I\Singles\In Odd We Trust (2008)\In Odd We Trust (2008).cbz,102594056,new,175.751,82.131,66.38,21.579,4,12,1
L:\Comic Archives\I\Singles\In Search of Gil Scott-Heron - The Godfather of Rap (2023)\In Search of Gil Scott-Heron - The Godfather of Rap (2023).cbz,209413587,new,199.768,30.345,130.257,33.789,4,14,1
L:\Comic Archives\I\Singles\In Search of Lost Time #2 - In the Shadow of Young Girls in Flower (2019)\In Search of Lost Time #2 - In the Shadow of Young Girls in Flower (2019).cbz,118637151,new,314.378,24.379,48.412,236.235,4,16,1
L:\Comic Archives\I\Singles\In Search of Lost Time - Swann's Way (2015)\In Search of Lost Time - Swann's Way (2015).cbz,249310454,new,306.811,61.608,152.474,83.516,4,14,1
L:\Comic Archives\I\Singles\In Search of Peter Pan (2017)\In Search of Peter Pan (2017).cbz,216632562,new,266.843,76.185,154.044,26.462,4,13,1
L:\Comic Archives\I\Singles\In The Dark (2014)\In The Dark (2014).cbz,637894193,new,258.063,28.408,188.816,34.637,4,18,1
L:\Comic Archives\I\Singles\In The Fallout (2014)\In The Fallout (2014).cbz,63464491,new,319.34,97.382,174.92,37.023,4,14,1
L:\Comic Archives\I\Singles\In Utero (2024)\In Utero (2024).cbz,362680718,new,261.736,105.482,125.938,24.413,4,13,1
L:\Comic Archives\I\Singles\In Vitro (2020)\In Vitro (2020).cbz,141771794,new,168.532,17.728,118.13,28.234,4,13,1
L:\Comic Archives\I\Singles\In bed (2014)\In bed (2014).cbz,51091168,new,188.957,36.941,119.256,28.334,4,13,1
L:\Comic Archives\I\Singles\In the Flood (2019) (Digital-Empire)\In the Flood (2019) (Digital-Empire).cbz,154245382,new,231.156,50.683,146.938,28.17,4,13,1
L:\Comic Archives\I\Singles\In the Night Kitchen (1970)\In the Night Kitchen (1970).cbz,19425127,new,155.922,30.518,97.265,23.762,4,13,1
L:\Comic Archives\I\Singles\In the Pines (2017)\In the Pines (2017).cbz,142922544,new,322.414,50.042,229.36,35.48,4,12,1
L:\Comic Archives\I\Singles\In. - A Graphic Novel (2021)\In. - A Graphic Novel (2021).cbz,137356076,new,289.261,103.724,148.872,28.17,4,13,1
L:\Comic Archives\I\Singles\Inception - The Cobol Job [2010]\Inception - The Cobol Job (2010).cbz,26803102,new,203.267,64.597,90.567,36.368,4,17,1
L:\Comic Archives\I\Singles\Incorruptible - Omnibus (2012)\Incorruptible - Omnibus (2012).cbz,775219130,new,363.173,165.674,148.074,42.101,4,16,1
L:\Comic Archives\I\Singles\Incredible Doom (2021)\Incredible Doom (2021).cbz,102189468,new,295.227,115.744,139.255,30.412,4,16,1
L:\Comic Archives\I\Singles\Indeh - A Story of the Apache Wars (2016)\Indeh - A Story of the Apache Wars (2016).cbz,79285467,new,123.492,46.552,43.481,26.439,4,13,1
L:\Comic Archives\I\Singles\Indiana (2023)\Indiana (2023).cbz,106494917,new,191.529,44.709,111.257,27.314,4,17,1
L:\Comic Archives\I\Singles\Indifference Engine (2011)\Indifference Engine (2011).cbz,64559461,new,246.922,30.412,167.379,43.417,4,13,1
L:\Comic Archives\I\Singles\Industrial (2018) (Jocko #6)\Industrial (2018) (Jocko #6).cbz,37728587,new,246.814,111.479,81.706,46.994,4,12,1
L:\Comic Archives\I\Singles\Infidel (2018)\Infidel (2018).cbz,278094943,new,328.755,70.905,187.91,62.29,4,12,1
L:\Comic Archives\I\Singles\Infinite Kung Fu (2002)\Infinite Kung Fu (2002).cbz,192850220,new,154.522,48.833,70.264,27.838,4,13,1
L:\Comic Archives\I\Singles\Injection [2015]\Injection (2015).cbz,153084519,new,284.403,36.417,204.857,36.102,4,20,1
L:\Comic Archives\I\Singles\Ink & Anguish - A Jay Lynch Anthology (2019)\Ink & Anguish - A Jay Lynch Anthology (2019).cbz,612452225,new,281.096,49.408,201.701,23.253,4,19,1
L:\Comic Archives\I\Singles\Inkshot 001 (2013)\Inkshot 001 (2013).cbz,359408103,new,260.173,105.22,122.055,23.327,4,20,1
L:\Comic Archives\I\Singles\Insectopolis (2025)\Insectopolis (2025).cbz,152122848,new,185.912,47.071,112.041,22.383,4,13,1
L:\Comic Archives\I\Singles\Inside the Mind of Sherlock Holmes (2023)\Inside the Mind of Sherlock Holmes (2023).cbz,196276661,new,258.772,45.707,177.666,28.761,4,16,1
L:\Comic Archives\I\Singles\Insomnia Cafe (2009)\Insomnia Cafe (2009).cbz,37733477,new,209.071,82.416,80.635,32.522,4,13,1
L:\Comic Archives\I\Singles\Inspector Pancakes Helps the President of France (2014)\Inspector Pancakes Helps the President of France (2014).cbz,2629628,new,95.591,41.132,24.259,25.117,4,14,1
L:\Comic Archives\I\Singles\Interesting Drug (2014)\Interesting Drug (2014).cbz,205076868,new,262.069,45.628,183.953,26.451,4,14,1
L:\Comic Archives\I\Singles\Interiorae (2012)\Interiorae (2012).cbz,279227863,new,356.202,96.058,227.156,24.29,4,13,1
L:\Comic Archives\I\Singles\Internet Crusader (2019)\Internet Crusader (2019).cbz,463785310,new,297.512,90.333,160.916,38.948,4,13,1
L:\Comic Archives\I\Singles\Into Radness (2022)\Into Radness (2022).cbz,357170051,new,265.769,49.374,180.273,30.249,4,17,1
L:\Comic Archives\I\Singles\Invisible Kingdom Library Edition (2022)\Invisible Kingdom Library Edition (2022).cbz,439841227,new,312.396,113.038,151.708,38.143,4,13,1
L:\Comic Archives\I\Singles\Invisible Wounds - Graphic Journalism (2022)\Invisible Wounds - Graphic Journalism (2022).cbz,158367574,new,247.573,57.945,152.22,30.97,4,13,1
L:\Comic Archives\I\Singles\Io (2013)\Io (2013).cbz,80934524,new,395.59,34.322,334.984,21.358,4,16,1
L:\Comic Archives\I\Singles\Iriacynthe (1982)\Iriacynthe (1982).cbz,29096302,new,183.554,54.347,90.471,29.635,4,16,1
L:\Comic Archives\I\Singles\Isle of Dogs (2020)\Isle of Dogs (2020).cbz,50686021,new,206.644,54.29,105.517,41.027,4,13,1
L:\Comic Archives\I\Singles\Issunboshi [2022]\Issunboshi (2022).cbz,126027456,new,262.935,63.76,164.246,26.66,4,13,1
L:\Comic Archives\I\Singles\It Won't Always Be Like This (2022)\It Won't Always Be Like This (2022).cbz,221100375,new,248.797,43.641,152.064,47.741,4,13,1
L:\Comic Archives\I\Singles\It's Only Teenage Wasteland (2023)\It's Only Teenage Wasteland (2023).cbz,133005984,new,337.268,107.54,178.168,42.943,4,13,1
L:\Comic Archives\I\Singles\Itty Bitty Bunnies Friendgasm (2016)\Itty Bitty Bunnies Friendgasm (2016).cbz,90885317,new,345.33,77.948,227.999,30.243,4,13,1
L:\Comic Archives\I\Singles\It’s Your Funeral! (2020)\It’s Your Funeral! (2020).cbz,135557916,new,204.231,46.324,126.423,26.508,4,14,1
L:\Comic Archives\I\Singles\The Iguana (2002)\The Iguana (2002).cbz,82938669,new,416.019,18.445,149.922,242.662,4,14,1
L:\Comic Archives\I\Singles\The Illuminati Ball (2019)\The Illuminati Ball (2019).cbz,205313362,new,284.953,61.483,165.397,46.743,4,16,1
L:\Comic Archives\I\Singles\The Infinite Horizon Collected Edition (2012)\The Infinite Horizon Collected Edition (2012).cbz,120923948,new,183.178,93.523,52.413,29.933,4,13,1
L:\Comic Archives\I\Singles\The Infinite Loop (2015)\The Infinite Loop (2015).cbz,282415822,new,318.125,42.057,235.068,35.119,4,13,1
L:\Comic Archives\I\Singles\The Infinity Particle (2023)\The Infinity Particle (2023).cbz,358989854,new,226.207,58.57,140.786,21.013,4,13,1
L:\Comic Archives\I\Singles\The Instinct for Cooperation - A Graphic Novel Conversation with Noam Chomsky (2018)\The Instinct for Cooperation - A Graphic Novel Conversation with Noam Chomsky (2018).cbz,92021002,new,185.319,25.073,136.069,19.782,4,13,1
L:\Comic Archives\I\Singles\The Intergalactic Adventures of Zakk Ridley v1 (2014)\The Intergalactic Adventures of Zakk Ridley v1 (2014).cbz,156925358,new,199.679,27.596,128.505,37.668,4,17,1
L:\Comic Archives\J\Series\James Bond 007 - Quasimodo Gambit [1995]\James Bond 007 - Quasimodo Gambit #01.cbz,7559387,new,157.161,64.249,41.655,43.055,4,14,1
L:\Comic Archives\J\Series\James Bond 007 - Quasimodo Gambit [1995]\James Bond 007 - Quasimodo Gambit #02.cbz,9987594,new,171.894,69.657,49.033,41.337,4,12,1
L:\Comic Archives\J\Series\James Bond 007 - Quasimodo Gambit [1995]\James Bond 007 - Quasimodo Gambit #03.cbz,9745806,new,133.606,62.877,35.485,29.306,4,12,1
L:\Comic Archives\J\Series\Johnny the Homicidal Maniac (1995)\Johnny the Homicidal Maniac #1 (1995).cbz,12378654,new,147.682,54.45,41.643,46.392,4,13,1
L:\Comic Archives\J\Series\Johnny the Homicidal Maniac (1995)\Johnny the Homicidal Maniac #2 (1995).cbz,11425332,new,162.951,58.747,69.626,24.186,4,12,1
L:\Comic Archives\J\Series\Johnny the Homicidal Maniac (1995)\Johnny the Homicidal Maniac #3 (1995).cbz,11771926,new,165.78,58.834,44.885,53.811,4,12,1
L:\Comic Archives\J\Series\Johnny the Homicidal Maniac (1995)\Johnny the Homicidal Maniac #4 (1995).cbz,11203736,new,127.663,50.315,42.132,28.519,4,12,1
L:\Comic Archives\J\Series\Johnny the Homicidal Maniac (1995)\Johnny the Homicidal Maniac #5 (1995).cbz,11419181,new,160.365,69.595,47.057,36.197,4,12,1
L:\Comic Archives\J\Series\Johnny the Homicidal Maniac (1995)\Johnny the Homicidal Maniac #6 (1995).cbz,10880506,new,164.575,50.409,48.766,60.185,4,12,1
L:\Comic Archives\J\Series\Johnny the Homicidal Maniac (1995)\Johnny the Homicidal Maniac #7 (1995).cbz,11068013,new,159.586,62.679,65.454,20.974,4,12,1
L:\Comic Archives\J\Singles\Jade (2013)\Jade (2013).cbz,120145877,new,276.537,55.41,185.454,26.034,4,13,1
L:\Comic Archives\J\Singles\James Brown - Black and Proud (2018)\James Brown - Black and Proud (2018).cbz,112837287,new,239.258,87.865,116.307,28.439,4,13,1
L:\Comic Archives\J\Singles\Jazz - Midnight (2016)\Jazz - Midnight (2016).cbz,38259574,new,555.222,61.675,433.426,52.686,4,13,1
L:\Comic Archives\J\Singles\Jinny Hex Special [2020]\Jinny Hex Special (2020).cbz,54006934,new,311.746,86.158,184.903,31.42,4,13,1
L:\Comic Archives\J\Singles\Jinx (2022)\Jinx (2022).cbz,399685094,new,281.891,106.199,132.374,37.401,4,12,1
L:\Comic Archives\J\Singles\Jinx Freeze (2021)\Jinx Freeze (2021).cbz,127167146,new,210.181,25.692,150.17,29.793,4,13,1
L:\Comic Archives\J\Singles\John Flood (2017)\John Flood (2017).cbz,354410346,new,350.06,41.96,272.604,27.262,4,13,1
L:\Comic Archives\J\Singles\Joker - Devil's Advocate\Joker - Devil's Advocate.cbz,22247152,new,206.372,106.209,51.67,42.066,4,13,1
L:\Comic Archives\J\Singles\Joseph (2007)\Joseph (2007).cbz,38896373,new,148.874,38.669,78.666,27.114,4,13,1
"L:\Comic Archives\J\Singles\Journey By Starlight - A Time Traveler's Guide to Life, the Universe, and Everything (2013)\Journey By Starlight - A Time Traveler's Guide to Life, the Universe, and Everything (2013).cbz",272309456,new,255.293,28.582,169.091,52.538,4,14,1
L:\Comic Archives\J\Singles\Joylandia (2018)\Joylandia (2018).cbz,168700165,new,239.663,80.29,123.491,31.493,4,13,1
L:\Comic Archives\J\Singles\Juarez (2012)\Juarez (2012).cbz,102412215,new,272.542,54.262,180.448,30.589,4,14,1
L:\Comic Archives\J\Singles\Judas - The Last Days (2015)\Judas - The Last Days (2015).cbz,260061977,new,322.607,94.502,190.867,30.432,4,13,1
L:\Comic Archives\J\Singles\Judge Death - 2025 Mega Special (2025)\Judge Death - 2025 Mega Special (2025).cbz,84519741,new,314.815,95.974,161.1,45.894,4,29,1
L:\Comic Archives\J\Singles\Judge Dredd - America (2012)\Judge Dredd - America (2012).cbz,69022109,new,180.603,71.289,67.049,28.268,4,12,1
L:\Comic Archives\J\Singles\Judge Dredd - Every Empire Falls (2017)\Judge Dredd - Every Empire Falls (2017).cbz,433795881,new,226.325,43.645,146.225,23.344,4,39,1
L:\Comic Archives\J\Singles\Judge Dredd - Heavy Metal Dredd (2009)\Judge Dredd - Heavy Metal Dredd (2009).cbz,110570261,new,257.201,25.325,163.833,48.263,4,42,1
L:\Comic Archives\J\Singles\Judge Dredd - One-Eyed Jacks (2025)\Judge Dredd - One-Eyed Jacks (2025).cbz,402444084,new,403.079,72.433,279.84,44.506,4,7,1
L:\Comic Archives\J\Singles\Judge Dredd - The Cursed Earth (2016)\Judge Dredd - The Cursed Earth (2016).cbz,353328394,new,270.603,82.929,129.887,36.998,4,30,1
L:\Comic Archives\J\Singles\Judge Dredd Emerald Isle\Judge Dredd Emerald Isle.cbz,40916166,new,164.879,51.355,58.81,47.969,4,25,1
L:\Comic Archives\J\Singles\Judgment Day (2003)\Judgment Day (2003).cbz,216583977,new,303.6,129.082,136.609,25.735,4,16,1
L:\Comic Archives\J\Singles\Julian in Purgatory (2021)\Julian in Purgatory (2021).cbz,152669866,new,249.708,16.849,192.028,36.558,4,13,1
"L:\Comic Archives\J\Singles\Juliette or, the Ghosts Return in the Spring (2023)\Juliette or, the Ghosts Return in the Spring (2023).cbz",363490431,new,262.242,73.204,159.139,22.386,4,13,1
L:\Comic Archives\J\Singles\Julios Day [2013]\Julios Day (2013).cbz,60009405,new,142.868,25.667,79.582,30.073,4,12,1
L:\Comic Archives\J\Singles\Jumpscare  (2025)\Jumpscare  (2025).cbz,790798083,new,714.655,22.025,645.018,36.259,4,13,1
L:\Comic Archives\J\Singles\Jungle Fantasy - The Classic Adventure Collection (2019)\Jungle Fantasy - The Classic Adventure Collection (2019).cbz,111318440,new,179.599,71.815,61.779,35.229,4,20,1
L:\Comic Archives\J\Singles\Junk Rabbit (2023)\Junk Rabbit (2023).cbz,156409358,new,509.476,38.29,157.084,308.669,4,13,1
L:\Comic Archives\J\Singles\Junkyard Joe (2023)\Junkyard Joe (2023).cbz,176245558,new,266.578,93.353,114.727,48.908,4,13,1
L:\Comic Archives\J\Singles\Just Another Sheep (2016)\Just Another Sheep (2016).cbz,206139210,new,407.817,38.767,329.307,32.093,4,14,1
L:\Comic Archives\J\Singles\Just Enough (2019)\Just Enough (2019).cbz,140263349,new,266.723,86.149,152.481,19.984,4,13,1
L:\Comic Archives\J\Singles\Just So Happens (2014)\Just So Happens (2014).cbz,294830089,new,230.754,19.777,187.137,19.379,4,13,1
L:\Comic Archives\J\Singles\Just the Tips (2014)\Just the Tips (2014).cbz,45378647,new,132.704,35.937,59.923,29.396,4,12,1
L:\Comic Archives\J\Singles\Justice Riders (1997)\Justice Riders (1997).cbz,128062192,new,279.747,33.734,180.793,55.97,4,13,1
L:\Comic Archives\J\Singles\Juvenile (2025)\Juvenile (2025).cbz,201553752,new,264.079,46.132,185.907,27.441,4,13,1
L:\Comic Archives\J\Singles\The Joy of Quitting (2022)\The Joy of Quitting (2022).cbz,120249447,new,271.839,73.083,165.582,28.205,4,12,1
L:\Comic Archives\J\Singles\The Junction (2022)\The Junction (2022).cbz,390927183,new,429.907,32.739,352.246,34.947,4,13,1
L:\Comic Archives\J\Singles\The Jungle by Upton Sinclair (2019)\The Jungle by Upton Sinclair (2019).cbz,460499756,new,247.664,110.498,96.241,35.775,4,15,1
L:\Comic Archives\K\Series\Kill Six Billion Demons [2016]\Kill Six Billion Demons #1 (2016).cbz,152122447,new,264.206,50.076,179.789,29.411,4,13,1
L:\Comic Archives\K\Series\Kill Six Billion Demons [2016]\Kill Six Billion Demons #2 (2016).cbz,226855221,new,282.325,80.574,157.496,39.981,4,12,1
L:\Comic Archives\K\Series\Kill Six Billion Demons [2016]\Kill Six Billion Demons #3 (2016).cbz,261348135,new,219.524,38.962,140.586,32.212,4,12,1
L:\Comic Archives\K\Series\Kill Six Billion Demons [2016]\Kill Six Billion Demons #4 (2016).cbz,255319815,new,222.824,22.738,172.774,23.004,4,12,1
L:\Comic Archives\K\Series\Kill or Be Killed (2016)\Kill Or Be Killed #1 (2016).cbz,99250487,new,283.815,55.329,192.61,27.105,4,12,1
L:\Comic Archives\K\Series\Kill or Be Killed (2016)\Kill Or Be Killed #10 (2016).cbz,117965832,new,409.813,92.464,284.188,25.272,4,12,1
L:\Comic Archives\K\Series\Kill or Be Killed (2016)\Kill Or Be Killed #11 (2016).cbz,108101731,new,284.496,28.12,209.639,42.579,4,12,1
L:\Comic Archives\K\Series\Kill or Be Killed (2016)\Kill Or Be Killed #12 (2016).cbz,110853625,new,382.994,74.764,245.322,57.162,4,12,1
L:\Comic Archives\K\Series\Kill or Be Killed (2016)\Kill Or Be Killed #13 (2016).cbz,109605822,new,368.899,80.357,254.157,24.235,4,12,1
L:\Comic Archives\K\Series\Kill or Be Killed (2016)\Kill Or Be Killed #14 (2016).cbz,99974583,new,315.607,57.571,223.206,25.57,4,12,1
L:\Comic Archives\K\Series\Kill or Be Killed (2016)\Kill Or Be Killed #15 (2016).cbz,53304581,new,328.222,111.49,186.138,24.563,4,12,1
L:\Comic Archives\K\Series\Kill or Be Killed (2016)\Kill Or Be Killed #16 (2016).cbz,51486226,new,354.763,95.718,198.628,53.208,4,12,1
L:\Comic Archives\K\Series\Kill or Be Killed (2016)\Kill Or Be Killed #17 (2016).cbz,62336370,new,256.551,60.38,159.615,28.133,4,12,1
L:\Comic Archives\K\Series\Kill or Be Killed (2016)\Kill Or Be Killed #18 (2016).cbz,56244739,new,231.241,18.21,172.083,36.757,4,12,1
L:\Comic Archives\K\Series\Kill or Be Killed (2016)\Kill Or Be Killed #19 (2016).cbz,55777608,new,312.793,102.843,159.872,44.488,4,12,1
L:\Comic Archives\K\Series\Kill or Be Killed (2016)\Kill Or Be Killed #2 (2016).cbz,79971075,new,312.236,98.195,172.598,32.045,4,12,1
L:\Comic Archives\K\Series\Kill or Be Killed (2016)\Kill Or Be Killed #20 (2016).cbz,57535172,new,250.09,43.629,151.353,47.683,4,12,1
L:\Comic Archives\K\Series\Kill or Be Killed (2016)\Kill Or Be Killed #3 (2016).cbz,71419780,new,231.246,22.924,176.731,26.521,4,12,1
L:\Comic Archives\K\Series\Kill or Be Killed (2016)\Kill Or Be Killed #4 (2016).cbz,87620478,new,328.585,115.411,189.012,16.368,4,12,1
L:\Comic Archives\K\Series\Kill or Be Killed (2016)\Kill Or Be Killed #5 (2016).cbz,59498751,new,257.444,27.984,198.132,27.145,4,12,1
L:\Comic Archives\K\Series\Kill or Be Killed (2016)\Kill Or Be Killed #6 (2016).cbz,60223301,new,450.588,157.786,255.042,28.969,4,12,1
L:\Comic Archives\K\Series\Kill or Be Killed (2016)\Kill Or Be Killed #7 (2016).cbz,57075010,new,370.642,89.414,247.776,25.617,4,12,1
L:\Comic Archives\K\Series\Kill or Be Killed (2016)\Kill Or Be Killed #8 (2016).cbz,58880985,new,217.575,26.23,153.86,33.328,4,12,1
L:\Comic Archives\K\Series\Kill or Be Killed (2016)\Kill Or Be Killed #9 (2016).cbz,49683008,new,255.684,29.983,189.444,26.491,4,12,1
L:\Comic Archives\K\Series\Know Your Station [2022]\Know Your Station #1 (2022).cbz,41106685,new,452.65,102.167,323.212,20.814,4,13,1
L:\Comic Archives\K\Series\Know Your Station [2022]\Know Your Station #2 (2022).cbz,41897553,new,349.124,46.786,264.737,33.342,4,12,1
L:\Comic Archives\K\Series\Know Your Station [2022]\Know Your Station #3 (2022).cbz,40033042,new,422.429,48.843,334.926,34.367,4,12,1
L:\Comic Archives\K\Series\Know Your Station [2022]\Know Your Station #4 (2022).cbz,40076864,new,378.128,89.275,249.271,31.697,4,12,1
L:\Comic Archives\K\Series\Know Your Station [2022]\Know Your Station #5 (2022).cbz,39712365,new,343.966,78.467,235.653,23.596,4,12,1
L:\Comic Archives\K\Series\The Killer (2007)\The Killer #1 (2007).cbz,73984775,new,108.62,33.435,40.884,29.596,4,13,1
L:\Comic Archives\K\Series\The Killer (2007)\The Killer #2 (2010).cbz,89818088,new,133.917,46.954,44.553,34.643,4,12,1
L:\Comic Archives\K\Singles\KISS Solo (2013)\KISS Solo (2013).cbz,178883216,new,227.132,58.839,143.017,14.417,4,18,1
L:\Comic Archives\K\Singles\Kane & Able (2021)\Kane & Able (2021).cbz,177366274,new,437.802,30.882,364.495,29.527,4,16,1
L:\Comic Archives\K\Singles\Keep Fresh (2013)\Keep Fresh (2013).cbz,21133712,new,173.158,77.576,57.866,31.152,4,13,1
L:\Comic Archives\K\Singles\Keepers of Lost Time (2012)\Keepers of Lost Time (2012).cbz,127589097,new,394.601,35.377,84.112,270.104,4,14,1
L:\Comic Archives\K\Singles\Kennel Block Blues (2017)\Kennel Block Blues (2017).cbz,210652388,new,333.045,62.958,205.436,59.37,4,13,1
L:\Comic Archives\K\Singles\Kepler (2022)\Kepler (2022).cbz,176203286,new,367.947,153.08,159.505,49.898,4,16,1
L:\Comic Archives\K\Singles\Kids Rule!!!! (2014)\Kids Rule!!!! (2014).cbz,43934087,new,249.697,29.046,171.513,43.199,4,16,1
L:\Comic Archives\K\Singles\Kill Me & Other Curiosities (2024)\Kill Me & Other Curiosities (2024).cbz,62234459,new,189.429,74.497,79.629,30.175,4,13,1
L:\Comic Archives\K\Singles\Kill Or Be Killed - Compendium [2025]\Kill Or Be Killed - Compendium (2025).cbz,1542958077,new,246.99,34.892,184.68,22.947,4,12,1
L:\Comic Archives\K\Singles\Kill Your Boyfriend - Vimanarama - The Deluxe Edition (2016)\Kill Your Boyfriend - Vimanarama - The Deluxe Edition (2016).cbz,192650125,new,230.726,30.513,169.087,22.769,4,14,1
L:\Comic Archives\K\Singles\Killing and Dying  [2015]\Killing and Dying (2015).cbz,87710065,new,165.132,20.21,108.608,31.853,4,13,1
L:\Comic Archives\K\Singles\Kindred (2017)\Kindred (2017).cbz,384172629,new,314.134,55.373,210.692,39.958,4,13,1
L:\Comic Archives\K\Singles\Kindred Spirits (2012)\Kindred Spirits (2012).cbz,186411439,new,263.704,52.77,146.56,58.705,4,14,1
L:\Comic Archives\K\Singles\Kinds Of Blue - An Anthology Of Comics About Depression (2011)\Kinds Of Blue - An Anthology Of Comics About Depression (2011).cbz,153104656,new,330.427,91.342,188.87,35.163,4,20,1
L:\Comic Archives\K\Singles\King - The Graphic Novel (2016)\King - The Graphic Novel (2016).cbz,238244828,new,421.806,96.762,278.387,38.177,4,13,1
L:\Comic Archives\K\Singles\King of Nowhere (2020)\King of Nowhere (2020).cbz,835007798,new,528.031,156.386,324.142,42.379,4,12,1
L:\Comic Archives\K\Singles\Kingdom Come (2019)\Kingdom Come (2019) (digital) (Son of Ultron-Empire).cbz,375005757,new,247.911,58.002,158.578,25.08,4,12,1
L:\Comic Archives\K\Singles\Kingdom of Blood (2017)\Kingdom of Blood (2017).cbz,56716858,new,322.254,63.657,183.77,67.805,4,13,1
L:\Comic Archives\K\Singles\Kingdom of Runaway Slaves (2019)\Kingdom of Runaway Slaves (2019).cbz,608601731,new,229.336,44.831,150.328,28.703,4,13,1
L:\Comic Archives\K\Singles\Kirby - Vol (2012)\Kirby - Vol (2012).cbz,183619262,new,148.549,42.309,62.698,37.203,4,18,1
"L:\Comic Archives\K\Singles\Kiss Me, Satan! (2014)\Kiss Me, Satan! (2014).cbz",134020893,new,141.696,29.74,88.642,18.973,4,12,1
L:\Comic Archives\K\Singles\Knockturn County (2021)\Knockturn County v01 (2021).cbz,81431677,new,215.179,37.03,118.99,54.129,4,14,1
L:\Comic Archives\K\Singles\Know Your Station (2023)\Know Your Station (2023).cbz,319392623,new,419.55,94.405,273.697,35.363,4,20,1
L:\Comic Archives\K\Singles\Kodi (2020)\Kodi (2020).cbz,271149089,new,274.46,58.984,171.814,37.82,4,13,1
L:\Comic Archives\K\Singles\Kolchak The Night Stalker - The Lovecraftian Horror (2007)\Kolchak The Night Stalker - The Lovecraftian Horror (2007).cbz,70057013,new,204.666,103.705,65.996,28.002,4,14,1
L:\Comic Archives\K\Singles\Komacon (2013)\Komacon (2013).cbz,114477711,new,256.212,39.949,157.711,52.797,4,14,1
L:\Comic Archives\K\Singles\Kosmos (2021)\Kosmos (2021).cbz,61977361,new,240.42,112.223,77.036,41.152,4,14,1
L:\Comic Archives\K\Singles\Krantz (2014)\Krantz (2014).cbz,193938999,new,260.851,42.187,181.306,32.321,4,13,1
L:\Comic Archives\K\Singles\Krishna (2013)\Krishna (2013).cbz,216123745,new,297.4,115.325,146.091,29.046,4,14,1
L:\Comic Archives\K\Singles\Kroma (2023)\Kroma (2023).cbz,172061750,new,196.14,37.936,120.456,29.063,4,13,1
L:\Comic Archives\K\Singles\The Keeper (2022)\The Keeper (2022).cbz,120119024,new,189.429,26.996,117.895,38.555,4,17,1
L:\Comic Archives\K\Singles\The Kill Lock (2020)\The Kill Lock (2020).cbz,135661319,new,258.029,35.975,187.612,20.977,4,13,1
L:\Comic Archives\K\Singles\The Killer - Affairs of the State (2022)\The Killer - Affairs of the State (2022).cbz,172043086,new,245.428,106.382,104.637,23.729,4,12,1
L:\Comic Archives\K\Singles\The Killer - Complete (2018)\The Killer - Complete (2018).cbz,1042965765,new,214.161,33.169,152.77,24.092,4,12,1
L:\Comic Archives\K\Singles\The King Graphic Novel (2005)\The King Graphic Novel (2005).cbz,29369700,new,157.116,80.535,19.943,50.987,4,12,1
L:\Comic Archives\K\Singles\The King of Moths  (2023)\The King of Moths  (2023).cbz,419725664,new,675.918,48.02,573.14,43.731,4,14,1
L:\Comic Archives\K\Singles\The Kite Runner - The Graphic Novel (2011)\The Kite Runner - The Graphic Novel (2011).cbz,95408471,new,230.749,76.447,110.255,33.433,4,17,1
L:\Comic Archives\K\Singles\The Knight and the Unicorn (2015)\The Knight and the Unicorn (2015).cbz,60059789,new,277.293,53.593,173.683,40.569,4,14,1
L:\Comic Archives\K\Singles\The Knuckle Sammich (2014)\The Knuckle Sammich (2014).cbz,79289378,new,297.048,84.338,165.745,39.563,4,13,1
L:\Comic Archives\K\Singles\The Kurdles (2015)\The Kurdles (2015).cbz,125956369,new,504.631,119.989,340.488,38.418,4,13,1
L:\Comic Archives\K\Singles\The Kurdles Adventure Magazine  (2018)\The Kurdles Adventure Magazine (2018).cbz,133953924,new,297.556,53.389,199.322,34.212,4,17,1
L:\Comic Archives\L\Series\Let This One Be A Devil [2025]\Let This One Be a Devil #1 (2025).cbz,99157734,new,330.816,106.313,182.625,34.268,4,14,1
L:\Comic Archives\L\Series\Let This One Be A Devil [2025]\Let This One Be a Devil #2 (2025).cbz,171842481,new,363.3,95.819,213.275,47.954,4,14,1
L:\Comic Archives\L\Series\Let This One Be A Devil [2025]\Let This One Be a Devil #3 (2025).cbz,164154716,new,317.237,59.945,226.597,22.946,4,14,1
L:\Comic Archives\L\Series\Lotus Land (2023)\Lotus Land #1 (2023).cbz,30945426,new,351.524,194.129,115.202,34.903,4,14,1
L:\Comic Archives\L\Series\Lotus Land (2023)\Lotus Land #2 (2023).cbz,97539762,new,298.479,47.08,216.004,27.545,4,12,1
L:\Comic Archives\L\Series\Lotus Land (2023)\Lotus Land #3 (2023).cbz,74556214,new,346.761,65.408,246.861,28.337,4,12,1
L:\Comic Archives\L\Series\Lotus Land (2023)\Lotus Land #4 (2023).cbz,73683716,new,397.182,49.921,66.56,273.059,4,12,1
L:\Comic Archives\L\Series\Lotus Land (2023)\Lotus Land #5 (2023).cbz,65364262,new,231.323,75.091,92.967,49.422,4,12,1
L:\Comic Archives\L\Series\Lotus Land (2023)\Lotus Land #6 (2023).cbz,55457488,new,309.036,56.164,210.102,34.896,4,12,1
L:\Comic Archives\L\Singles\A Land Called Tarot (2017)\A Land Called Tarot (2017).cbz,163281339,new,232.829,80.119,124.3,19.881,4,13,1
L:\Comic Archives\L\Singles\A Letter to Jo (2020)\A Letter to Jo (2020).cbz,41403356,new,110.193,27.738,47.624,29.481,4,16,1
L:\Comic Archives\L\Singles\A Love Story to Die For (2012)\A Love Story to Die For (2012).cbz,196611439,new,198.276,26.301,141.093,26.135,4,13,1
L:\Comic Archives\L\Singles\LaGuardia (2019)\LaGuardia (2019).cbz,271769149,new,253.879,30.551,196.745,20.972,4,16,1
L:\Comic Archives\L\Singles\Lady Killer (2015)\Lady Killer (2015).cbz,203273285,new,381.565,87.789,255.045,32.295,4,15,1
L:\Comic Archives\L\Singles\Laika (2007)\Laika (2007).cbz,158424930,new,181.775,66.235,69.104,37.864,4,12,1
L:\Comic Archives\L\Singles\Lakota (1996)\Lakota (1996).cbz,802776250,new,345.333,44.955,255.192,38.022,4,13,1
L:\Comic Archives\L\Singles\Land of the Dead (2006)\Land of the Dead (2006).cbz,188674703,new,283.27,79.607,162.51,34.115,4,17,1
L:\Comic Archives\L\Singles\Lane Milburn - Lure (2021)\Lane Milburn - Lure (2021).cbz,194499041,new,358.818,111.59,187.722,50.436,4,13,1
L:\Comic Archives\L\Singles\Last Dance (2021)\Last Dance (2021).cbz,137868154,new,241.864,59.026,137.894,40.351,4,13,1
L:\Comic Archives\L\Singles\Last Days of An Immortal (2012)\Last Days of An Immortal (2012).cbz,139956584,new,170.153,42.097,98.899,20.908,4,14,1
L:\Comic Archives\L\Singles\Last Fair Deal Gone Down (2016)\Last Fair Deal Gone Down (2016).cbz,75999923,new,398.772,17.131,331.599,45.62,4,13,1
L:\Comic Archives\L\Singles\Last Line (2022)\Last Line (2022).cbz,47405143,new,361.101,107.166,213.659,31.457,4,13,1
L:\Comic Archives\L\Singles\Last On His Feet - Jack Johnson and the Battle of the Century (2023)\Last On His Feet - Jack Johnson and the Battle of the Century (2023).cbz,139439895,new,231.053,94.192,96.346,33.635,4,14,1
L:\Comic Archives\L\Singles\Last Song (2017)\Last Song 001 (2017) (digital) (Son of Ultron-Empire).cbz,246276168,new,281.344,21.563,222.058,32.787,4,14,1
L:\Comic Archives\L\Singles\Last Sons of America (2017)\Last Sons of America (2017).cbz,137603678,new,334.184,92.343,204.802,27.607,4,13,1
L:\Comic Archives\L\Singles\Last Stop on the Red Line (2020)\Last Stop on the Red Line (2020).cbz,233359811,new,270.924,83.084,144.063,35.457,4,14,1
L:\Comic Archives\L\Singles\Layla. A Tale of the Scarlet Swamp (2019)\Layla. A Tale of the Scarlet Swamp (2019).cbz,152876772,new,231.123,36.849,143.702,45.359,4,14,1
L:\Comic Archives\L\Singles\Leaf (2015)\Leaf (2015).cbz,268235915,new,485.529,40.766,392.456,44.934,4,13,1
L:\Comic Archives\L\Singles\Leaf (2019)\Leaf (2019).cbz,20814409,new,363.428,103.816,215.553,38.724,4,13,1
L:\Comic Archives\L\Singles\Left on Mission (2008)\Left on Mission (2008).cbz,166611482,new,346.319,98.055,206.057,33.224,4,13,1
L:\Comic Archives\L\Singles\Leftstar and the Strange Occurrence (2023)\Leftstar and the Strange Occurrence (2023).cbz,88215612,new,280.839,85.125,162.893,26.413,4,13,1
L:\Comic Archives\L\Singles\Legacy - A House of Night Graphic Novel (2018)\Legacy - A House of Night Graphic Novel (2018).cbz,342119796,new,222.227,42.493,147.238,27.446,4,14,1
L:\Comic Archives\L\Singles\Legends of the Tour (2014)\Legends of the Tour (2014).cbz,323024469,new,208.6,40.175,130.437,27.13,4,13,1
L:\Comic Archives\L\Singles\Legrain - Latah (2023)\Legrain - Latah (2023).cbz,200358480,new,197.305,42.035,133.055,15.633,4,13,1
L:\Comic Archives\L\Singles\Lennon - The New York Years (2017)\Lennon - The New York Years (2017).cbz,111337253,new,219.242,32.42,164.376,17.476,4,14,1
L:\Comic Archives\L\Singles\Leonardo 1. Leonardo the genius (2016)\Leonardo 1. Leonardo the genius (2016).cbz,23066416,new,209.741,69.768,107.621,26.646,4,14,1
L:\Comic Archives\L\Singles\Leonardo 2. Leonardo is still a genius (2017)\Leonardo 2. Leonardo is still a genius (2017).cbz,37832925,new,147.583,32.327,91.952,19.023,4,12,1
L:\Comic Archives\L\Singles\Leprechaun (2012)\Leprechaun (2012).cbz,143745677,new,300.947,54.134,181.136,59.636,4,14,1
L:\Comic Archives\L\Singles\Less Than Heroes (2004)\Less Than Heroes (2004).cbz,149467549,new,228.894,76.251,108.333,34.779,4,12,1
L:\Comic Archives\L\Singles\Let Me in Your Window  (2025)\Let Me in Your Window  (2025).cbz,136220622,new,169.122,31.091,95.82,36.844,4,13,1
L:\Comic Archives\L\Singles\Letter 44 - Compendium (2025)\Letter 44 - Compendium (2025).cbz,2655081930,new,262.801,31.433,184.537,42.145,4,13,1
L:\Comic Archives\L\Singles\Letters from Palestine (2018)\Letters from Palestine (2018).cbz,149742005,new,269.678,105.526,127.66,29.675,4,14,1
L:\Comic Archives\L\Singles\Letting it Go (2013)\Letting it Go (2013).cbz,250411482,new,348.022,71.686,233.484,36.546,4,13,1
L:\Comic Archives\L\Singles\Leviathan (2010)\Leviathan (2010).cbz,63870554,new,218.326,86.426,93.629,30.866,4,12,1
L:\Comic Archives\L\Singles\Lewiss Spirit - Act I (2017)\Lewiss Spirit - Act I (2017).cbz,76089453,new,181.262,37.954,111.278,27.008,4,14,1
L:\Comic Archives\L\Singles\Lewiss Spirit - Act II (2019)\Lewiss Spirit - Act II (2019).cbz,113232792,new,197.785,38.284,130.658,24.657,4,12,1
L:\Comic Archives\L\Singles\Life Begins At Incorporation (2013)\Life Begins At Incorporation (2013).cbz,175786774,new,222.418,48.888,130.198,38.31,4,13,1
L:\Comic Archives\L\Singles\Life Eaters (2003)\Life Eaters (2003).cbz,93588818,new,162.689,38.625,86.286,28.319,4,14,1
L:\Comic Archives\L\Singles\Life Undead (2009)\Life Undead (2009).cbz,70239543,new,469.544,19.542,128.353,316.606,4,14,1
L:\Comic Archives\L\Singles\Life under Occupation (2016)\Life under Occupation (2016).cbz,49437621,new,274.441,104.143,122.402,41.008,4,13,1
L:\Comic Archives\L\Singles\Light (2016)\Light (2016).cbz,55761403,new,223.632,61.126,115.512,37.796,4,13,1
L:\Comic Archives\L\Singles\Light Carries On (2023)\Light Carries On (2023).cbz,352666035,new,201.121,27.273,129.796,39.542,4,13,1
L:\Comic Archives\L\Singles\Lighter Than My Shadow (2017)\Lighter Than My Shadow (2017).cbz,848352933,new,344.708,39.026,266.632,32.361,4,13,1
L:\Comic Archives\L\Singles\Lightness (2018)\Lightness (2018).cbz,105504547,new,273.612,83.177,146.351,39.326,4,12,1
L:\Comic Archives\L\Singles\Lightstep (2019)\Lightstep (2019).cbz,217695691,new,210.242,24.681,148.676,31.365,4,13,1
L:\Comic Archives\L\Singles\Like A Virus (2013)\Like A Virus (2013).cbz,32919444,new,282.533,66.367,170.822,35.871,4,14,1
L:\Comic Archives\L\Singles\Lilly Wave (2024)\Lilly Wave (2024).cbz,362542491,new,272.824,99.192,97.755,71.357,4,13,1
L:\Comic Archives\L\Singles\Limbo (2016)\Limbo (2016).cbz,215774188,new,228.276,44.046,137.774,37.313,4,12,1
L:\Comic Archives\L\Singles\Limbo Lounge (2018)\Limbo Lounge (2018).cbz,379058761,new,265.417,31.918,190.521,38.527,4,13,1
L:\Comic Archives\L\Singles\Liquidator (2026)\Liquidator (2026).cbz,85520300,new,586.959,106.689,428.871,25.487,4,29,1
"L:\Comic Archives\L\Singles\Listen, Beautiful Márcia (2023)\Listen, Beautiful Márcia (2023).cbz",93975564,new,297.223,92.198,174.816,24.207,4,13,1
L:\Comic Archives\L\Singles\Little David (2016)\Little David (2016).cbz,23162019,new,215.006,35.357,135.597,39.635,4,13,1
L:\Comic Archives\L\Singles\Little Ego (1994)\Little Ego (1994).cbz,23033479,new,114.917,45.153,19.325,44.993,4,13,1
L:\Comic Archives\L\Singles\Little Mama (2018)\Little Mama (2018).cbz,207517266,new,275.494,80.724,150.339,36.039,4,13,1
L:\Comic Archives\L\Singles\Little Nemo (2021)\Little Nemo (2021).cbz,175710915,new,380.35,24.5,313.723,33.557,4,8,1
L:\Comic Archives\L\Singles\Little Tails on Halloween! (2016)\Little Tails on Halloween! (2016).cbz,8123151,new,252.867,157.284,48.939,37.755,4,17,1
L:\Comic Archives\L\Singles\Little Tunny's Snail Diaries (2022)\Little Tunny's Snail Diaries (2022).cbz,73130528,new,150.649,29.113,86.347,30.754,4,13,1
L:\Comic Archives\L\Singles\Lobo by Keith Giffen & Alan Grant v01 (2018)\Lobo by Keith Giffen & Alan Grant v01 (2018).cbz,484306378,new,223.553,23.741,150.242,43.022,4,20,1
L:\Comic Archives\L\Singles\Lobo by Keith Giffen & Alan Grant v02 (2018)\Lobo by Keith Giffen & Alan Grant v02 (2018).cbz,436576700,new,271.992,93.52,140.411,29.919,4,13,1
L:\Comic Archives\L\Singles\Logicomix [2009]\Logicomix (2009).cbz,323152107,new,164.971,56.436,72.613,28.6,4,16,1
L:\Comic Archives\L\Singles\London (2020) (digital) (Mr Norrell-Empire)\London (2020) (digital) (Mr Norrell-Empire).cbz,89668339,new,262.872,70.202,155.505,30.375,4,14,1
L:\Comic Archives\L\Singles\Look (2017)\Look (2017).cbz,93578706,new,222.753,45.807,136.244,34.192,4,13,1
L:\Comic Archives\L\Singles\Look Straight Ahead (2013)\Look Straight Ahead (2013).cbz,279953007,new,272.279,72.379,161.291,32.606,4,13,1
L:\Comic Archives\L\Singles\Lore - Premiere Convention Edition (2012)\Lore - Premiere Convention Edition (2012).cbz,454395478,new,205.835,19.76,129.43,51.487,4,15,1
L:\Comic Archives\L\Singles\Lost Boy (2023)\Lost Boy (2023).cbz,149059283,new,311.832,119.343,155.887,30.614,4,13,1
L:\Comic Archives\L\Singles\Lost Dogs - Jeff Lemire\Lost Dogs - Jeff Lemire.cbz,43039817,new,126.249,35.605,53.161,33.323,4,12,1
L:\Comic Archives\L\Singles\Lost Raven (2007)\Lost Raven (2007).cbz,128135043,new,203.105,26.27,137.974,33.143,4,16,1
L:\Comic Archives\L\Singles\Lost Vegas (2013)\Lost Vegas (2013).cbz,237700393,new,272.362,46.245,190.796,28.811,4,14,1
L:\Comic Archives\L\Singles\Love Song (2018)\Love Song (2018).cbz,327585788,new,330.24,111.14,174.51,38.981,4,12,1
L:\Comic Archives\L\Singles\Love on the Other Side - A Short Story Collection (2020)\Love on the Other Side - A Short Story Collection (2020).cbz,363617477,new,426.278,111.068,285.998,23.418,4,13,1
L:\Comic Archives\L\Singles\Lovecraft (2003)\Lovecraft (2003).cbz,73355908,new,142.822,54.302,42.633,40.299,4,16,1
L:\Comic Archives\L\Singles\Lovecraft - The Myth of Cthulhu (2018)\Lovecraft - The Myth of Cthulhu (2018).cbz,156842772,new,288.395,41.14,202.527,39.678,4,13,1
L:\Comic Archives\L\Singles\Low - Compendium [2023]\Low - Compendium (2023).cbz,3076535419,new,455.985,102.751,304.581,41.462,4,15,1
L:\Comic Archives\L\Singles\Lowlifes (2019)\Lowlifes (2019).cbz,294257338,new,303.795,81.566,187.439,27.571,4,13,1
L:\Comic Archives\L\Singles\Lucas Stand (2017)\Lucas Stand (2017).cbz,282415654,new,380.853,99.755,231.514,42.411,4,16,1
L:\Comic Archives\L\Singles\Lucifer's Sword MC (2014)\Lucifer's Sword MC (2014).cbz,147170136,new,387.558,78.853,258.388,40.969,4,14,1
L:\Comic Archives\L\Singles\Lucille (2011)\Lucille (2011).cbz,93216186,new,185.677,83.634,55.504,38.181,4,13,1
L:\Comic Archives\L\Singles\Luna (2021)\Luna (2021).cbz,383974899,new,818.864,43.435,734.548,35.531,4,12,1
L:\Comic Archives\L\Singles\Luna Park [2009]\Luna Park (2009).cbz,161070014,new,255.7,148.54,73.232,27.513,4,13,1
L:\Comic Archives\L\Singles\The Lamb and the Fuhrer (2014)\The Lamb and the Fuhrer (2014).cbz,169689859,new,205.625,19.746,146.563,33.438,4,17,1
L:\Comic Archives\L\Singles\The Last Contract (2017)\The Last Contract (2017).cbz,181105549,new,223.817,23.869,128.88,65.939,4,13,1
L:\Comic Archives\L\Singles\The Last Days of American Crime (2015)\The Last Days of American Crime (2015).cbz,558046047,new,753.927,126.447,316.746,302.731,4,12,1
L:\Comic Archives\L\Singles\The Last Dragon (2011)\The Last Dragon (2011).cbz,172356093,new,241.463,66.365,101.556,64.617,4,13,1
L:\Comic Archives\L\Singles\The Last Unicorn (2011)\The Last Unicorn (2011).cbz,352465377,new,256.395,61.444,121.528,59.437,4,20,1
L:\Comic Archives\L\Singles\The Last of Us - American Dreams (2013)\The Last of Us - American Dreams (2013).cbz,151249306,new,327.783,42.864,243.803,26.659,4,19,1
L:\Comic Archives\L\Singles\The Late Child and Other Animals (2014)\The Late Child and Other Animals (2014).cbz,259983459,new,230.405,46.418,137.25,31.204,4,14,1
L:\Comic Archives\L\Singles\The Leaning Girl (2014)\The Leaning Girl (2014).cbz,83540708,new,139.605,43.806,65.634,25.065,4,12,1
L:\Comic Archives\L\Singles\The Leg (2014)\The Leg (2014).cbz,186580534,new,288.637,113.057,133.789,34.593,4,13,1
L:\Comic Archives\L\Singles\The Legend Of The Scarlet Blades (2011)\The Legend Of The Scarlet Blades (2011).cbz,129088620,new,187.156,72.22,73.017,35.938,4,13,1
L:\Comic Archives\L\Singles\The Librarian of Auschwitz (2023)\The Librarian of Auschwitz (2023).cbz,166811061,new,151.943,19.432,86.868,39.633,4,17,1
L:\Comic Archives\L\Singles\The Library Mule of Cordoba (2024)\The Library Mule of Cordoba (2024).cbz,258991275,new,219.168,48.622,140.25,24.012,4,13,1
L:\Comic Archives\L\Singles\The Lie and How We Told It (2017)\The Lie and How We Told It (2017).cbz,159307363,new,363.117,36.896,285.205,32.845,4,13,1
L:\Comic Archives\L\Singles\The Life and Times of Julius Destructus (2013)\The Life and Times of Julius Destructus (2013).cbz,229612892,new,331.31,89.846,204.056,30.547,4,14,1
L:\Comic Archives\L\Singles\The Long Year (2015)\The Long Year (2015).cbz,242593688,new,361.421,66.723,253.541,31.894,4,12,1
L:\Comic Archives\L\Singles\The Longest Day of the Future (2016)\The Longest Day of the Future (2016).cbz,115796347,new,314.225,52.755,218.227,36.372,4,12,1
L:\Comic Archives\L\Singles\The Lost Boy (2013)\The Lost Boy (2013).cbz,183764532,new,230.798,58.505,134.901,29.178,4,12,1
L:\Comic Archives\L\Singles\The Lottery (2016)\Shirley Jackson's 'The Lottery' - The Authorized Graphic Adaptation (2016).cbz,193694405,new,206.696,45.918,125.869,26.105,4,15,1
L:\Comic Archives\L\Singles\The Luna Brothers - Girls - The Complete Collection (2011)\The Luna Brothers - Girls - The Complete Collection (2011).cbz,501824844,new,157.996,40.924,77.773,29.136,4,13,1
L:\Comic Archives\L\Singles\This Love So Brief (2019)\This Love So Brief (2019).cbz,26056940,new,233.275,45.114,143.545,38.575,4,13,1
L:\Comic Archives\M\Series\Maniac of New York (2021)\Maniac of New York #1 (2021).cbz,52184350,new,291.174,25.112,227.119,34.526,4,13,1
L:\Comic Archives\M\Series\Maniac of New York (2021)\Maniac of New York #2 (2021).cbz,46720980,new,321.988,52.622,219.598,43.686,4,12,1
L:\Comic Archives\M\Series\Maniac of New York (2021)\Maniac of New York #3 (2021).cbz,45278355,new,360.8,64.71,221.306,66.645,4,12,1
L:\Comic Archives\M\Series\Maniac of New York (2021)\Maniac of New York #4 (2021).cbz,38545392,new,329.105,83.305,210.181,27.185,4,12,1
L:\Comic Archives\M\Series\Maniac of New York (2021)\Maniac of New York #5 (2021).cbz,40797684,new,312.229,47.018,235.828,23.207,4,12,1
L:\Comic Archives\M\Series\Maus 1&2\Maus #1 (1986).cbz,48961296,new,90.964,28.324,33.331,25.097,4,12,1
L:\Comic Archives\M\Series\Maus 1&2\Maus #2 (1991).cbz,44187159,new,89.656,29.396,33.255,22.815,4,12,1
L:\Comic Archives\M\Series\Moebius [1976-1994]\Moebius - The Collected Fantasies #1 (1988-1994).cbz,71501762,new,132.105,20.808,83.978,22.946,4,13,1
L:\Comic Archives\M\Series\Moebius [1976-1994]\Moebius - The Collected Fantasies #2 (1988-1994).cbz,65524130,new,115.622,23.37,61.526,26.561,4,12,1
L:\Comic Archives\M\Series\Moebius [1976-1994]\Moebius - The Collected Fantasies #3 (1988-1994).cbz,77416639,new,172.778,40.179,68.829,39.404,4,12,1
L:\Comic Archives\M\Series\Moebius [1976-1994]\Moebius - The Collected Fantasies #4 (1988-1994).cbz,46188075,new,173.251,51.385,57.095,58.575,4,12,1
L:\Comic Archives\M\Series\Moebius [1976-1994]\Moebius - The Collected Fantasies #5 (1988-1994).cbz,42445118,new,148.894,26.064,55.378,63.255,4,12,1
L:\Comic Archives\M\Series\Moebius [1976-1994]\Moebius - The Collected Fantasies #6 (1988-1994).cbz,43835044,new,254.845,135.425,85.767,26.784,4,12,1
L:\Comic Archives\M\Series\Moebius [1976-1994]\Moebius - The Collected Fantasies #7 (1988-1994).cbz,55920969,new,112.131,25.271,52.233,30.475,4,12,1
L:\Comic Archives\M\Series\Moebius [1976-1994]\Moebius - The Collected Fantasies #8 (1988-1994).cbz,45833606,new,116.093,20.841,54.683,36.334,4,12,1
L:\Comic Archives\M\Series\Moebius [1976-1994]\Moebius - The Collected Fantasies #9 (1988-1994).cbz,28784477,new,159.915,68.989,63.7,22.242,4,12,1
L:\Comic Archives\M\Series\Mosaic [2016-2017]\Mosaic #1 (2016).cbz,58248875,new,298.216,26.206,193.819,54.437,4,13,1
L:\Comic Archives\M\Series\Mosaic [2016-2017]\Mosaic #2 (2016).cbz,52222805,new,352.682,61.926,252.282,30.638,4,12,1
L:\Comic Archives\M\Series\Mosaic [2016-2017]\Mosaic #3 (2016).cbz,50153782,new,322.656,29.71,250.381,38.328,4,12,1
L:\Comic Archives\M\Series\Mosaic [2016-2017]\Mosaic #4 (2016).cbz,62498834,new,457.369,79.478,308.474,59.085,4,12,1
L:\Comic Archives\M\Series\Mosaic [2016-2017]\Mosaic #5 (2016).cbz,39958861,new,264.828,49.66,147.414,35.081,4,12,1
L:\Comic Archives\M\Series\Mosaic [2016-2017]\Mosaic #6 (2016).cbz,41840836,new,346.521,106.892,210.827,23.254,4,12,1
L:\Comic Archives\M\Series\Mosaic [2016-2017]\Mosaic #7 (2016).cbz,43579625,new,397.508,52.999,310.58,28.886,4,12,1
L:\Comic Archives\M\Series\Mosaic [2016-2017]\Mosaic #8 (2016).cbz,51277415,new,342.22,72.388,246.069,19.263,4,12,1
L:\Comic Archives\M\Series\The Manhattan Projects [2012-2013]\The Manhattan Projects #1 (2012).cbz,162911700,new,226.814,71.137,105.541,41.459,4,15,1
L:\Comic Archives\M\Series\The Manhattan Projects [2012-2013]\The Manhattan Projects #2 (2012).cbz,178124150,new,192.894,48.826,113.443,23.633,4,14,1
L:\Comic Archives\M\Series\The Manhattan Projects [2012-2013]\The Manhattan Projects #3 (2012).cbz,163909810,new,202.582,41.896,112.708,27.364,4,14,1
L:\Comic Archives\M\Series\The Manhattan Projects [2012-2013]\The Manhattan Projects #4 (2012).cbz,39402724,new,403.594,17.3,139.883,241.845,4,14,1
L:\Comic Archives\M\Series\The Manhattan Projects [2012-2013]\The Manhattan Projects #5 (2012).cbz,24033706,new,211.358,77.9,59.114,65.919,4,14,1
L:\Comic Archives\M\Series\The Manhattan Projects [2012-2013]\The Manhattan Projects #6 (2012).cbz,23798789,new,163.987,67.303,58.849,29.165,4,14,1
L:\Comic Archives\M\Series\The Massive [2013-2016]\The Massive  - Vol #1 (2013).cbz,280255275,new,256.598,47.95,174.348,29.724,4,13,1
L:\Comic Archives\M\Series\The Massive [2013-2016]\The Massive  - Vol #2 (2013).cbz,189129191,new,222.861,38.823,152.907,26.05,4,12,1
L:\Comic Archives\M\Series\The Massive [2013-2016]\The Massive  - Vol #3 (2013).cbz,173601041,new,198.087,25.761,138.675,29.528,4,12,1
L:\Comic Archives\M\Series\The Massive [2013-2016]\The Massive  - Vol #4 (2013).cbz,173115308,new,431.434,22.814,363.072,41.313,4,12,1
L:\Comic Archives\M\Series\The Massive [2013-2016]\The Massive  - Vol #5 (2013).cbz,146237110,new,451.34,57.887,342.749,28.848,4,12,1
L:\Comic Archives\M\Series\The Ministry of Compliance [2023]\The Ministry of Compliance #1 (2023).cbz,119574825,new,291.22,46.465,184.08,52.244,4,14,1
L:\Comic Archives\M\Series\The Ministry of Compliance [2023]\The Ministry of Compliance #2 (2023).cbz,69557191,new,278.65,33.08,190.813,28.448,4,12,1
L:\Comic Archives\M\Series\The Ministry of Compliance [2023]\The Ministry of Compliance #3 (2023).cbz,49080419,new,672.035,94.608,517.439,53.98,4,12,1
L:\Comic Archives\M\Series\The Ministry of Compliance [2023]\The Ministry of Compliance #4 (2023).cbz,55481575,new,280.436,67.184,174.523,32.451,4,12,1
L:\Comic Archives\M\Series\The Ministry of Compliance [2023]\The Ministry of Compliance #5 (2023).cbz,61339270,new,380.744,100.976,244.467,28.883,4,12,1
L:\Comic Archives\M\Singles\(Mostly)  Worldless (2013)\(Mostly) Worldless (2013).cbz,58008493,new,264.127,65.53,154.429,28.987,4,13,1
L:\Comic Archives\M\Singles\A Man Called Hawken (2012)\A Man Called Hawken (2012).cbz,500049938,new,231.276,28.379,163.608,34.067,4,15,1
L:\Comic Archives\M\Singles\A Man's Skin (20211)\A Man's Skin (20211).cbz,138745822,new,272.866,48.374,156.517,60.484,4,14,1
L:\Comic Archives\M\Singles\M.F.K. (2017)\M.F.K. (2017).cbz,347972276,new,438.435,82.446,299.358,47.884,4,18,1
L:\Comic Archives\M\Singles\Macaroni (2017)\Macaroni (2017).cbz,91170159,new,227.44,57.503,125.164,38.832,4,14,1
L:\Comic Archives\M\Singles\Macbeth (2023)\Macbeth (2023).cbz,40221650,new,114.855,40.481,35.562,33.501,4,13,1
L:\Comic Archives\M\Singles\Macbeth - A Tale of Horror (2023)\Macbeth - A Tale of Horror (2023).cbz,226102615,new,339.607,23.007,263.21,48.128,4,14,1
L:\Comic Archives\M\Singles\Mad Max - Fury Road [2015]\Mad Max - Fury Road (2015).cbz,305229490,new,263.009,38.861,180.728,37.317,4,18,1
L:\Comic Archives\M\Singles\Madame Cat (2018)\Madame Cat (2018).cbz,73968069,new,222.672,85.605,98.975,33.896,4,12,1
L:\Comic Archives\M\Singles\Mademoiselle Baudelaire (2021)\Mademoiselle Baudelaire (2021).cbz,266501158,new,320.767,149.932,136.438,29.766,4,13,1
L:\Comic Archives\M\Singles\Madi Once Upon a Time in the Future (2025)\Madi Once Upon a Time in the Future (2025).cbz,1045139484,new,279.413,23.188,204.269,44.849,4,19,1
L:\Comic Archives\M\Singles\Madison Dark (2018)\Madison Dark (2018).cbz,126281086,new,241.292,62.059,145.724,27.473,4,17,1
L:\Comic Archives\M\Singles\Mage And The Endless Unknown (2023)\Mage And The Endless Unknown (2023).cbz,45694146,new,146.889,53.832,48.739,35.849,4,13,1
L:\Comic Archives\M\Singles\Magic Pickle (2008)\Magic Pickle (2008).cbz,142466047,new,173.15,18.661,115.794,34.317,4,12,1
L:\Comic Archives\M\Singles\Malentendus (1999)\Malentendus (1999).cbz,151700167,new,363.336,39.352,256.097,49.551,4,13,1
L:\Comic Archives\M\Singles\Malinky Robot - Collected Stories and Other Bits (2011)\Malinky Robot - Collected Stories and Other Bits (2011).cbz,51758432,new,148.387,58.049,46.968,39.069,4,12,1
L:\Comic Archives\M\Singles\Mammon (2018)\Mammon (2018).cbz,362802022,new,222.859,27.1,163.418,28.198,4,12,1
L:\Comic Archives\M\Singles\Mamo (2022)\Mamo (2022).cbz,622186699,new,246.855,20.85,191.18,30.327,4,13,1
L:\Comic Archives\M\Singles\Man From Space  (2014)\Man From Space (2014).cbz,30827753,new,214.223,88.683,95.272,25.716,4,13,1
L:\Comic Archives\M\Singles\Manifestations (2012)\Manifestations (2012).cbz,199089757,new,247.327,37.25,162.234,43.354,4,13,1
L:\Comic Archives\M\Singles\Marathon (2021)\Marathon (2021).cbz,84064123,new,192.933,67.029,92.948,28.726,4,12,1
L:\Comic Archives\M\Singles\March - Book (2013)\March - Book (2013).cbz,107770208,new,214.638,22.152,157.269,28.833,4,17,1
L:\Comic Archives\M\Singles\Marie Curie - A Quest For Light (2021)\Marie Curie - A Quest For Light (2021).cbz,138107737,new,173.365,18.339,124.291,24.545,4,17,1
L:\Comic Archives\M\Singles\Marijuanaman  [2011]\Marijuanaman (2011).cbz,79032783,new,131.692,20.186,75.902,31.35,4,12,1
L:\Comic Archives\M\Singles\Marilyn's Monsters (2018)\Marilyn's Monsters (2018).cbz,218210129,new,172.823,32.973,106.522,27.77,4,13,1
L:\Comic Archives\M\Singles\Marked Man (2012)\Marked Man (2012).cbz,80893081,new,173.328,27.01,85.092,56.72,4,12,1
L:\Comic Archives\M\Singles\Marlene (2006)\Marlene (2006).cbz,15450471,new,123.575,43.687,40.498,34.77,4,13,1
L:\Comic Archives\M\Singles\Marley's Ghost (2017) HQ\Marley's Ghost (2017) HQ.cbz,471400288,new,264.696,32.341,198.55,27.651,4,17,1
L:\Comic Archives\M\Singles\Marney the Fox (2017)\Marney the Fox (2017).cbz,108255593,new,355.181,81.311,213.69,55.972,4,12,1
L:\Comic Archives\M\Singles\Marvel 1602 [2010]\Marvel 1602 (2010).cbz,476879762,new,222.767,34.317,146.384,36.928,4,13,1
"L:\Comic Archives\M\Singles\Marx, Freud & Einstein - Heroes of the Mind (2017)\Marx, Freud & Einstein - Heroes of the Mind (2017).cbz",438433075,new,214.808,22.924,155.827,30.904,4,14,1
L:\Comic Archives\M\Singles\Mass Effect - The Complete Comics (2020)\Mass Effect - The Complete Comics (2020).cbz,497640324,new,745.233,85.991,334.871,309.227,4,45,1
L:\Comic Archives\M\Singles\Master Darque (1998)\Master Darque (1998).cbz,76598231,new,373.916,150.602,147.483,71.21,4,13,1
L:\Comic Archives\M\Singles\Master of Arms (2015)\Master of Arms (2015).cbz,84642884,new,223.482,72.265,110.56,35.598,4,13,1
L:\Comic Archives\M\Singles\Master of Terror Graphic Novel Collection (2016)\Master of Terror Graphic Novel Collection (2016).cbz,921204821,new,249.327,29.572,182.874,29.988,4,18,1
L:\Comic Archives\M\Singles\Masterplasty (2014)\Masterplasty (2014).cbz,101572130,new,253.564,52.663,172.499,23.61,4,13,1
L:\Comic Archives\M\Singles\Matador (2019)\Matador (2019).cbz,152617982,new,200.05,29.79,135.859,29.276,4,14,1
L:\Comic Archives\M\Singles\Maw (2022)\Maw (2022).cbz,881787558,new,330.691,17.21,269.96,37.708,4,14,1
L:\Comic Archives\M\Singles\Mawrth Valliis (2021)\Mawrth Valliis (2021).cbz,90517087,new,181.761,60.193,87.734,29.224,4,13,1
L:\Comic Archives\M\Singles\Maybe this Tuesday (2013)\Maybe this Tuesday (2013).cbz,219851201,new,239.489,25.291,178.556,31.068,4,13,1
L:\Comic Archives\M\Singles\Mayday (2022)\Mayday (2022).cbz,149491774,new,140.93,27.133,82.916,26.491,4,12,1
L:\Comic Archives\M\Singles\Maze (2022)\Maze (2022).cbz,234158503,new,222.346,46.82,131.083,39.888,4,13,1
L:\Comic Archives\M\Singles\McCay (2018)\McCay (2018).cbz,273080055,new,189.186,21.49,138.811,24.109,4,13,1
L:\Comic Archives\M\Singles\Meal (2018)\Meal (2018).cbz,105023710,new,157.115,24.784,92.832,34.231,4,14,1
L:\Comic Archives\M\Singles\Meat Eaters (2025)\Meat Eaters (2025).cbz,239860249,new,304.997,22.161,244.581,33.92,4,12,1
L:\Comic Archives\M\Singles\Meathouse Man (2014)\Meathouse Man (2014).cbz,51796791,new,250.741,63.612,152.409,29.874,4,13,1
L:\Comic Archives\M\Singles\Meating People - A Beginner's Guide (2022)\Meating People - A Beginner's Guide (2022).cbz,50315724,new,198.683,32.093,126.341,34.163,4,17,1
L:\Comic Archives\M\Singles\Mega Fauna (2014)\Mega Fauna (2014).cbz,326521048,new,255.744,38.752,182.171,30.5,4,12,1
L:\Comic Archives\M\Singles\Megahex [2014]\Megahex (2014).cbz,269477742,new,235.897,57.311,149.527,24.512,4,13,1
L:\Comic Archives\M\Singles\Megatropolis (2021)\Megatropolis (2021).cbz,146519563,new,325.145,67.28,205.566,46.611,4,18,1
L:\Comic Archives\M\Singles\Memetic (2015)\Memetic (2015).cbz,178689550,new,306.858,38.606,191.435,72.612,4,12,1
L:\Comic Archives\M\Singles\Memorabilia (2018)\Memorabilia (2018).cbz,87313046,new,305.352,69.239,173.678,58.078,4,12,1
L:\Comic Archives\M\Singles\Men at Sea (2019)\Men at Sea (2019).cbz,522258015,new,156.137,65.816,43.116,42.694,4,13,1
L:\Comic Archives\M\Singles\Mercy (2015)\Mercy (2015).cbz,246682032,new,363.039,23.327,304.089,31.038,4,13,1
L:\Comic Archives\M\Singles\Mesmo Delivery (2010)\Mesmo Delivery (2010).cbz,86830620,new,156.074,38.279,87.803,24.545,4,18,1
L:\Comic Archives\M\Singles\Messiah (2014)\Messiah (2014).cbz,154479901,new,363.979,47.333,260.299,51.495,4,13,1
L:\Comic Archives\M\Singles\Metaphase (2015)\Metaphase (2015).cbz,79328172,new,338.865,85.776,206.529,41.845,4,13,1
L:\Comic Archives\M\Singles\Meteor Men - Expanded Edition (2022)\Meteor Men - Expanded Edition (2022).cbz,132384726,new,214.959,42.866,141.015,26.163,4,13,1
L:\Comic Archives\M\Singles\Metro - Last Light - The Gospel According to Artyom [2013]\Metro - Last Light - The Gospel According to Artyom (2013).cbz,17016665,new,138.533,34.344,52.361,47.368,4,12,1
L:\Comic Archives\M\Singles\Mezek (2016)\Mezek (2016).cbz,110924386,new,199.709,27.715,129.951,37.589,4,12,1
L:\Comic Archives\M\Singles\Mickey Mouse - The Greatest Adventures (2018)\Mickey Mouse - The Greatest Adventures (2018).cbz,477386785,new,238.966,29.911,152.231,49.944,4,19,1
L:\Comic Archives\M\Singles\Milk+ (2012)\Milk+ (2012).cbz,32609122,new,181.61,82.782,64.037,29.361,4,13,1
L:\Comic Archives\M\Singles\Mindviscosity (2020)\Mindviscosity (2020).cbz,293772132,new,338.909,28.422,262.092,43.868,4,13,1
L:\Comic Archives\M\Singles\Mine (2008)\Mine (2008).cbz,105400609,new,279.192,47.302,199.315,27.708,4,13,1
L:\Comic Archives\M\Singles\Mingus (2023)\Mingus (2023).cbz,99523713,new,239.217,80.654,124.305,29.026,4,14,1
L:\Comic Archives\M\Singles\Ministry of Space (2006)\Ministry of Space (2006).cbz,140473081,new,202.313,27.077,125.603,45.033,4,12,1
L:\Comic Archives\M\Singles\Mirenda (2018)\Mirenda (2018).cbz,119911276,new,139.494,17.218,97.271,20.375,4,13,1
L:\Comic Archives\M\Singles\Missionary Man - Bad Moon Rising (2011)\Missionary Man - Bad Moon Rising (2011).cbz,26774610,new,147.982,54.471,60.309,28.891,4,12,1
L:\Comic Archives\M\Singles\Mister Morgan (2017)\Mister Morgan (2017).cbz,133793338,new,147.905,22.464,98.871,21.981,4,13,1
L:\Comic Archives\M\Singles\Mister Noir (2017)\Mister Noir (2017).cbz,169291188,new,157.394,21.196,97.938,33.006,4,14,1
L:\Comic Archives\M\Singles\Mister X - Condemned (2009)\Mister X - Condemned (2009).cbz,82012857,new,115.763,24.105,51.499,35.832,4,12,1
L:\Comic Archives\M\Singles\Mister X - Razed (2015)\Mister X - Razed (2015).cbz,93319323,new,159.498,26.104,105.058,24.007,4,12,1
L:\Comic Archives\M\Singles\Mnemovore (2011) HQ\Mnemovore (2011) HQ.cbz,136659088,new,139.707,29.493,77.958,27.772,4,12,1
L:\Comic Archives\M\Singles\Modern Fantasy (2019)\Modern Fantasy (2019).cbz,331542551,new,229.506,24.091,176.47,23.801,4,14,1
L:\Comic Archives\M\Singles\Momoires De Casanova (2013)\Momoires De Casanova (2013).cbz,58467170,new,201.226,27.028,128.01,40.916,4,13,1
"L:\Comic Archives\M\Singles\Monet, Itinerant of Light (2017)\Monet, Itinerant of Light (2017).cbz",523708389,new,477.888,34.18,416.993,21.923,4,13,1
L:\Comic Archives\M\Singles\Monkey Meat - The First Batch (2022)\Monkey Meat - The First Batch (2022).cbz,393650864,new,464.936,31.56,148.273,280.897,4,12,1
L:\Comic Archives\M\Singles\Monocyte (2012)\Monocyte (2012).cbz,388650350,new,256.403,41.463,142.881,65.832,4,16,1
L:\Comic Archives\M\Singles\Monster & Madman (2014)\Monster & Madman (2014).cbz,118428293,new,248.723,73.062,145.759,24.974,4,13,1
L:\Comic Archives\M\Singles\Monster (2016)\Monster (2016).cbz,82341227,new,292.47,83.276,161.523,41.726,4,17,1
L:\Comic Archives\M\Singles\Monster Friends (2021)\Monster Friends (2021).cbz,81913471,new,123.185,26.312,62.056,30.48,4,12,1
L:\Comic Archives\M\Singles\Monster Massacre 001 (2013)\Monster Massacre 001 (2013).cbz,284126082,new,232.557,24.269,172.21,29.471,4,18,1
L:\Comic Archives\M\Singles\Monster Motors (2014)\Monster Motors (2014).cbz,74530055,new,195.376,22.538,140.674,27.346,4,13,1
L:\Comic Archives\M\Singles\Monster On the Hill (2013)\Monster On the Hill (2013).cbz,231438496,new,199.3,28.741,139.548,26.393,4,13,1
L:\Comic Archives\M\Singles\Monster Zero (2014)\Monster Zero (2014).cbz,36320927,new,172.144,35.729,108.336,23.37,4,13,1
L:\Comic Archives\M\Singles\Monsters Are Just Like Us (2012)\Monsters Are Just Like Us (2012).cbz,40234515,new,172.781,20.852,119.94,26.99,4,13,1
L:\Comic Archives\M\Singles\Monsters of Metal (2022)\Monsters of Metal (2022).cbz,42933773,new,183.107,25.366,122.763,28.781,4,17,1
L:\Comic Archives\M\Singles\Monsterverse Omnibus Collection (2023)\Monsterverse Omnibus Collection (2023).cbz,402663045,new,163.883,46.263,79.54,33.68,4,12,1
L:\Comic Archives\M\Singles\Moon Deer (2021)\Moon Deer (2021).cbz,204554774,new,181.457,30.764,111.791,34.114,4,13,1
L:\Comic Archives\M\Singles\Moon Dogs [2024]\Moon Dogs (2024).cbz,127983587,new,245.391,24.449,178.668,36.642,4,15,1
L:\Comic Archives\M\Singles\Moonshadow - The Definitive Edition (2019)\Moonshadow - The Definitive Edition (2019).cbz,934824212,new,272.252,83.824,158.455,24.78,4,13,1
L:\Comic Archives\M\Singles\Morgane\Morgane.cbz,93240510,new,90.031,25.271,32.863,26.805,4,14,1
L:\Comic Archives\M\Singles\Moriarty (2013)\Moriarty Deluxe Edition (2013).cbz,454427841,new,230.816,30.898,159.497,35.377,4,14,1
L:\Comic Archives\M\Singles\Mother Russia (2015)\Mother Russia (2015).cbz,103797532,new,288.879,23.451,215.847,44.928,4,13,1
L:\Comic Archives\M\Singles\Motherfu_kin' Monsters [2024]\Motherfu_kin' Monsters (2024).cbz,92478599,new,280.916,47.068,170.421,57.137,4,14,1
L:\Comic Archives\M\Singles\Motorcity\Motorcity.cbz,57901919,new,230.998,71.853,125.711,28.878,4,13,1
L:\Comic Archives\M\Singles\Mountebank (2017)\Mountebank (2017).cbz,294019969,new,196.753,24.898,136.381,31.013,4,13,1
L:\Comic Archives\M\Singles\Moving Pictures (2010)\Moving Pictures (2010).cbz,54521126,new,139.609,25.51,83.79,25.194,4,14,1
L:\Comic Archives\M\Singles\Mr Unpronounceable and the Sect of the Bleeding Eye (2014)\Mr Unpronounceable and the Sect of the Bleeding Eye (2014).cbz,97603451,new,224.726,28.037,151.201,40.775,4,13,1
L:\Comic Archives\M\Singles\Mr. Higgins Comes Home (2017)\Mr. Higgins Comes Home (2017).cbz,178560726,new,178.841,21.476,130.624,21.908,4,13,1
L:\Comic Archives\M\Singles\Muchacho - Compilation (2016)\Muchacho - Compilation (2016).cbz,298963690,new,187.122,18.347,129.399,34.646,4,13,1
L:\Comic Archives\M\Singles\Mudman Vol. 1 (2012) (Digital)\Mudman Vol. 1 (2012) (Digital).cbz,143930224,new,143.161,20.692,85.297,31.562,4,13,1
L:\Comic Archives\M\Singles\Muhammad Ali (2016)\Muhammad Ali (2016).cbz,262484950,new,272.383,20.435,218.62,27.913,4,14,1
L:\Comic Archives\M\Singles\Mullet Cop (2021)\Mullet Cop (2021).cbz,55678622,new,222.883,50.539,132.473,35.08,4,13,1
L:\Comic Archives\M\Singles\Mullet Cop - License to Krill (2023)\Mullet Cop - License to Krill (2023).cbz,30320040,new,230.857,39.954,159.029,27.593,4,12,1
L:\Comic Archives\M\Singles\Murder Book (2015)\Murder Book (2015).cbz,125058905,new,173.148,47.676,106.046,14.527,4,14,1
L:\Comic Archives\M\Singles\Murder Mysteries [2002]\Murder Mysteries (2002).cbz,51239338,new,213.662,27.405,153.067,28.544,4,12,1
L:\Comic Archives\M\Singles\My Beijing. Four Stories of Everyday Wonder (2018)\My Beijing. Four Stories of Everyday Wonder (2018).cbz,105853804,new,194.552,36.483,123.383,30.194,4,13,1
L:\Comic Archives\M\Singles\My Favorite Martian - The Complete Series - Vol (2011)\My Favorite Martian - The Complete Series - Vol (2011).cbz,140902523,new,198.468,41.874,114.243,36.045,4,17,1
L:\Comic Archives\M\Singles\My Friend Dahmer (2012)\My Friend Dahmer (2012).cbz,227298503,new,263.832,48.068,143.092,67.94,4,13,1
L:\Comic Archives\M\Singles\My Life Among Humans (2023)\My Life Among Humans (2023).cbz,50133684,new,255.601,98.053,127.877,24.743,4,13,1
L:\Comic Archives\M\Singles\My Time Machine (2024)\My Time Machine (2024).cbz,146226376,new,199.299,31.87,120.079,42.862,4,13,1
L:\Comic Archives\M\Singles\My Video Game Ate My Homework (2020)\My Video Game Ate My Homework (2020).cbz,138300850,new,198.329,30.0,124.767,39.002,4,13,1
L:\Comic Archives\M\Singles\Mysteries of the Quantum Universe (2017)\Mysteries of the Quantum Universe (2017).cbz,113029366,new,139.302,22.03,83.114,29.485,4,13,1
L:\Comic Archives\M\Singles\Mystery In Space (2012)\Mystery In Space (2012).cbz,75235654,new,146.95,16.909,87.03,34.013,4,18,1
L:\Comic Archives\M\Singles\Mythic v01 (2016)\Mythic v01 (2016).cbz,396824598,new,246.514,31.292,150.282,41.836,4,12,1
L:\Comic Archives\M\Singles\Myths of this World (2015)\Myths of this World (2015).cbz,93700378,new,323.319,76.198,206.068,36.298,4,13,1
L:\Comic Archives\M\Singles\The Machine Never Blinks - A Graphic History of Spying and Surveillance (2020)\The Machine Never Blinks - A Graphic History of Spying and Surveillance (2020).cbz,135932107,new,244.146,41.008,152.774,44.373,4,17,1
L:\Comic Archives\M\Singles\The Machine Stops (2014)\The Machine Stops (2014).cbz,50522199,new,434.451,23.238,95.359,310.727,4,14,1
L:\Comic Archives\M\Singles\The Machines (2017)\The Machines (2017).cbz,122001083,new,278.69,38.01,185.321,50.055,4,14,1
L:\Comic Archives\M\Singles\The Magic Fish - A Graphic Novel (2021)\The Magic Fish - A Graphic Novel (2021).cbz,168344210,new,172.701,67.805,67.39,32.546,4,13,1
L:\Comic Archives\M\Singles\The Magical Twins (2017)\The Magical Twins (2017).cbz,64517355,new,230.999,23.845,174.084,28.235,4,13,1
L:\Comic Archives\M\Singles\The Magician's Wife (2015)\The Magician's Wife (2015).cbz,219919783,new,396.753,86.508,284.432,20.979,4,13,1
L:\Comic Archives\M\Singles\The Man That Corrupted Hadleyburg (2023)\The Man That Corrupted Hadleyburg (2023).cbz,100732574,new,186.698,52.256,102.983,25.684,4,16,1
L:\Comic Archives\M\Singles\The Man Who Came Down the Attic Stairs (2019)\The Man Who Came Down the Attic Stairs (2019).cbz,144154528,new,407.028,18.771,364.312,19.346,4,13,1
L:\Comic Archives\M\Singles\The Man Who Fell to Earth (2022)\The Man Who Fell to Earth (2022).cbz,249012438,new,416.984,74.232,304.459,33.341,4,13,1
L:\Comic Archives\M\Singles\The Man Who Loved Breasts (2008)\The Man Who Loved Breasts (2008).cbz,35517340,new,257.272,60.68,149.896,42.516,4,12,1
L:\Comic Archives\M\Singles\The Man Who Shot Lucky Luke (2016)\The Man Who Shot Lucky Luke (2016).cbz,129927984,new,396.45,29.236,321.416,41.248,4,13,1
L:\Comic Archives\M\Singles\The Man from Maybe [2004]\The Man from Maybe (2004).cbz,199544069,new,321.963,64.993,223.122,29.294,4,13,1
L:\Comic Archives\M\Singles\The Man in the McIntosh Suit (2023)\The Man in the McIntosh Suit (2023).cbz,303955827,new,250.065,57.512,154.446,33.883,4,12,1
L:\Comic Archives\M\Singles\The Mandelberg Circuit (2015)\The Mandelberg Circuit (2015).cbz,142396224,new,145.519,42.485,72.205,25.389,4,14,1
L:\Comic Archives\M\Singles\The Many Deaths of Laila Starr (2022)\The Many Deaths of Laila Starr (2022) HQ.cbz,1035816196,new,348.469,18.049,298.297,27.217,4,12,1
L:\Comic Archives\M\Singles\The Many Lives of Charlie (2023)\The Many Lives of Charlie (Europe Comics 2023).cbz,95444597,new,163.805,58.133,75.145,25.445,4,14,1
L:\Comic Archives\M\Singles\The Mapmaker (2021)\The Mapmaker (2021).cbz,104934834,new,198.363,25.476,125.264,42.347,4,14,1
L:\Comic Archives\M\Singles\The Marquis - Inferno (2009)\The Marquis - Inferno (2009).cbz,393383159,new,123.645,25.961,61.609,31.806,4,12,1
L:\Comic Archives\M\Singles\The Memory Collectors (2014)\The Memory Collectors (2014).cbz,145296513,new,164.952,19.68,107.362,33.275,4,14,1
L:\Comic Archives\M\Singles\The Milkman Murders [2012]\The Milkman Murders (2012).cbz,49998586,new,119.212,27.797,53.397,32.898,4,12,1
L:\Comic Archives\M\Singles\The Monkey in the Basement and Other Delusions (2011)\The Monkey in the Basement and Other Delusions (2011).cbz,47638276,new,222.458,28.88,141.261,47.704,4,13,1
L:\Comic Archives\M\Singles\The Monstrous Dreams of Mr. Providence (2022)\The Monstrous Dreams of Mr. Providence (2022).cbz,120226971,new,164.584,22.502,91.124,46.352,4,13,1
L:\Comic Archives\N\Series\Neonomicon [2010]\Neonomicon #1 (2010).cbz,21125042,new,148.076,37.798,78.403,27.653,4,12,1
L:\Comic Archives\N\Series\Neonomicon [2010]\Neonomicon #2 (2010).cbz,23555662,new,196.679,37.879,129.887,24.542,4,12,1
L:\Comic Archives\N\Series\Neonomicon [2010]\Neonomicon #3 (2010).cbz,21742728,new,156.841,41.55,77.238,33.714,4,12,1
L:\Comic Archives\N\Series\Neonomicon [2010]\Neonomicon #4 (2010).cbz,19789387,new,148.745,41.865,74.012,28.575,4,12,1
L:\Comic Archives\N\Series\News from the Fallout (2025)\News From the Fallout #6 (2025).cbz,113921734,new,264.475,44.947,177.048,37.559,4,13,1
L:\Comic Archives\N\Series\News from the Fallout (2025)\News from the Fallout #1 (2025).cbz,131671524,new,272.57,35.752,191.908,40.623,4,12,1
L:\Comic Archives\N\Series\News from the Fallout (2025)\News from the Fallout #2 (2025).cbz,126500705,new,330.715,88.01,196.631,41.749,4,12,1
L:\Comic Archives\N\Series\News from the Fallout (2025)\News from the Fallout #3 (2025).cbz,125079165,new,385.443,97.706,256.877,26.621,4,12,1
L:\Comic Archives\N\Series\News from the Fallout (2025)\News from the Fallout #4 (2025).cbz,116286889,new,305.415,35.385,234.779,30.547,4,12,1
L:\Comic Archives\N\Series\News from the Fallout (2025)\News from the Fallout #5 (2025).cbz,73156104,new,229.957,31.719,167.349,26.672,4,12,1
L:\Comic Archives\N\Series\Nextwave - Agents of H.A.T.E [2006-2007]\Nextwave - Agents of H.A.T.E. #1 (2006).cbz,16309377,new,172.851,43.923,77.489,47.165,4,12,1
L:\Comic Archives\N\Series\Nextwave - Agents of H.A.T.E [2006-2007]\Nextwave - Agents of H.A.T.E. #10 (2006).cbz,16129191,new,149.538,43.65,65.682,35.886,4,12,1
L:\Comic Archives\N\Series\Nextwave - Agents of H.A.T.E [2006-2007]\Nextwave - Agents of H.A.T.E. #11 (2006).cbz,16622636,new,164.551,40.148,74.296,45.704,4,12,1
L:\Comic Archives\N\Series\Nextwave - Agents of H.A.T.E [2006-2007]\Nextwave - Agents of H.A.T.E. #12 (2006).cbz,16784804,new,131.51,31.169,72.961,22.94,4,12,1
L:\Comic Archives\N\Series\Nextwave - Agents of H.A.T.E [2006-2007]\Nextwave - Agents of H.A.T.E. #2 (2006).cbz,17560449,new,164.84,35.453,78.94,46.042,4,12,1
L:\Comic Archives\N\Series\Nextwave - Agents of H.A.T.E [2006-2007]\Nextwave - Agents of H.A.T.E. #3 (2006).cbz,17040227,new,156.062,35.506,79.259,36.898,4,12,1
L:\Comic Archives\N\Series\Nextwave - Agents of H.A.T.E [2006-2007]\Nextwave - Agents of H.A.T.E. #4 (2006).cbz,16807998,new,156.456,42.684,71.277,38.143,4,12,1
L:\Comic Archives\N\Series\Nextwave - Agents of H.A.T.E [2006-2007]\Nextwave - Agents of H.A.T.E. #5 (2006).cbz,17150875,new,148.292,34.396,75.904,33.643,4,12,1
L:\Comic Archives\N\Series\Nextwave - Agents of H.A.T.E [2006-2007]\Nextwave - Agents of H.A.T.E. #6 (2006).cbz,17499443,new,177.764,35.159,110.359,27.916,4,12,1
L:\Comic Archives\N\Series\Nextwave - Agents of H.A.T.E [2006-2007]\Nextwave - Agents of H.A.T.E. #7 (2006).cbz,14597400,new,148.036,41.636,75.843,26.198,4,12,1
L:\Comic Archives\N\Series\Nextwave - Agents of H.A.T.E [2006-2007]\Nextwave - Agents of H.A.T.E. #8 (2006).cbz,15833190,new,161.437,30.475,80.354,46.339,4,12,1
L:\Comic Archives\N\Series\Nextwave - Agents of H.A.T.E [2006-2007]\Nextwave - Agents of H.A.T.E. #9 (2006).cbz,15764861,new,175.898,33.691,88.755,49.192,4,12,1
L:\Comic Archives\N\Series\Nocturnals - The Dark Forever (2001) 001-003\Nocturnals - The Dark Forever #1 (2001).cbz,12126388,new,116.37,37.245,44.247,30.511,4,12,1
L:\Comic Archives\N\Series\Nocturnals - The Dark Forever (2001) 001-003\Nocturnals - The Dark Forever #2 (2001).cbz,12141610,new,364.504,38.047,39.08,283.135,4,12,1
L:\Comic Archives\N\Series\Nocturnals - The Dark Forever (2001) 001-003\Nocturnals - The Dark Forever #3 (2001).cbz,13380651,new,179.351,47.332,40.373,87.343,4,12,1
L:\Comic Archives\N\Series\Nowhere Men [2012]\Nowhere Men #1 (2012).cbz,28307072,new,160.734,32.364,86.187,37.369,4,13,1
L:\Comic Archives\N\Series\Nowhere Men [2012]\Nowhere Men #10 (2012).cbz,34505151,new,257.652,29.745,185.979,37.623,4,12,1
L:\Comic Archives\N\Series\Nowhere Men [2012]\Nowhere Men #11 (2012).cbz,42129994,new,305.489,66.946,192.527,41.725,4,12,1
L:\Comic Archives\N\Series\Nowhere Men [2012]\Nowhere Men #2 (2012).cbz,40837670,new,222.664,59.766,128.557,30.04,4,12,1
L:\Comic Archives\N\Series\Nowhere Men [2012]\Nowhere Men #3 (2012).cbz,40876809,new,181.152,18.678,123.319,33.477,4,12,1
L:\Comic Archives\N\Series\Nowhere Men [2012]\Nowhere Men #4 (2012).cbz,37789985,new,189.455,21.249,139.043,24.85,4,12,1
L:\Comic Archives\N\Series\Nowhere Men [2012]\Nowhere Men #5 (2012).cbz,36418227,new,206.25,22.868,136.941,41.586,4,12,1
L:\Comic Archives\N\Series\Nowhere Men [2012]\Nowhere Men #6 (2012).cbz,38589197,new,197.906,11.659,133.688,48.244,4,12,1
L:\Comic Archives\N\Series\Nowhere Men [2012]\Nowhere Men #7 (2012).cbz,41480283,new,239.304,23.375,177.554,34.091,4,12,1
L:\Comic Archives\N\Series\Nowhere Men [2012]\Nowhere Men #8 (2012).cbz,37301567,new,371.266,75.133,234.312,57.547,4,12,1
L:\Comic Archives\N\Series\Nowhere Men [2012]\Nowhere Men #9 (2012).cbz,37379400,new,289.527,62.286,196.442,26.343,4,12,1
L:\Comic Archives\N\Series\The New Deadwardians (2012)\The New Deadwardians #1 (2012).cbz,21502887,new,221.342,39.601,146.588,30.397,4,12,1
L:\Comic Archives\N\Series\The New Deadwardians (2012)\The New Deadwardians #2 (2012).cbz,20047857,new,263.185,40.416,161.651,56.872,4,12,1
L:\Comic Archives\N\Series\The New Deadwardians (2012)\The New Deadwardians #3 (2012).cbz,20207096,new,264.359,87.938,134.395,37.533,4,12,1
L:\Comic Archives\N\Series\The New Deadwardians (2012)\The New Deadwardians #4 (2012).cbz,21481690,new,216.343,37.588,137.26,36.72,4,12,1
L:\Comic Archives\N\Series\The New Deadwardians (2012)\The New Deadwardians #5 (2012).cbz,22741178,new,212.709,39.22,136.601,32.114,4,12,1
L:\Comic Archives\N\Series\The New Deadwardians (2012)\The New Deadwardians #6 (2012).cbz,25066089,new,223.68,33.944,142.532,42.97,4,12,1
L:\Comic Archives\N\Series\The New Deadwardians (2012)\The New Deadwardians #7 (2012).cbz,25021587,new,209.487,22.527,153.803,28.793,4,12,1
L:\Comic Archives\N\Series\The New Deadwardians (2012)\The New Deadwardians #8 (2012).cbz,24258391,new,239.167,27.578,164.977,42.309,4,12,1
L:\Comic Archives\N\Singles\NSFW - The Erotic Art of Brad Guigar (2020)\NSFW - The Erotic Art of Brad Guigar  (2020).cbz,88640065,new,226.524,42.07,156.974,23.233,4,12,1
L:\Comic Archives\N\Singles\Nailbiter Compendium [2023]\Nailbiter Compendium (2023).cbz,2638825863,new,255.85,38.559,193.181,19.338,4,14,1
L:\Comic Archives\N\Singles\Naked Cartoonists (2012)\Naked Cartoonists (2012).cbz,77517935,new,306.616,81.004,199.787,20.965,4,14,1
L:\Comic Archives\N\Singles\Nameless (2016)\Nameless (2016).cbz,333939860,new,317.601,67.297,208.821,37.246,4,12,1
L:\Comic Archives\N\Singles\Nancy (2019)\Nancy (2019).cbz,129270125,new,205.244,52.815,111.796,37.677,4,7,1
L:\Comic Archives\N\Singles\Naturalist - A Graphic Adaptation (2020)\Naturalist - A Graphic Adaptation (2020).cbz,89953343,new,105.945,27.381,40.503,33.119,4,13,1
L:\Comic Archives\N\Singles\Necronomicon - H.R. Giger's Art Book [1984]\Necronomicon - H.R. Giger's Art Book (1984).cbz,117438249,new,139.837,16.896,90.076,28.418,4,13,1
L:\Comic Archives\N\Singles\Negalyod - The God Network (2022)\Negalyod - The God Network (2022).cbz,655895133,new,421.157,21.664,366.336,28.491,4,13,1
L:\Comic Archives\N\Singles\Negative Space (2016)\Negative Space (2016).cbz,237868158,new,346.635,35.961,272.579,33.743,4,12,1
L:\Comic Archives\N\Singles\Nelson (2011)\Nelson (2011).cbz,482332799,new,208.817,49.843,117.973,36.574,4,12,1
L:\Comic Archives\N\Singles\Neuromancer [1984]\Neuromancer (1984).cbz,20179242,new,144.595,35.854,61.681,41.457,4,14,1
L:\Comic Archives\N\Singles\Neverboy (2015)\Neverboy (2015).cbz,198099862,new,321.73,31.166,237.902,46.999,4,16,1
L:\Comic Archives\N\Singles\New Life (2019)\New Life (2019).cbz,81376573,new,156.083,42.04,80.083,28.942,4,14,1
L:\Comic Archives\N\Singles\New Masters (2022)\New Masters (2022).cbz,464768150,new,438.91,37.177,361.507,33.521,4,17,1
L:\Comic Archives\N\Singles\New Statesman (1989)\New Statesman (1989).cbz,211775405,new,162.788,71.403,64.233,22.782,4,12,1
L:\Comic Archives\N\Singles\New World (2019)\New World (2019).cbz,271989705,new,239.475,24.75,177.537,32.417,4,12,1
L:\Comic Archives\N\Singles\New World An Anthology Of Sci Fi And Fantasy (2016)\New World An Anthology Of Sci Fi And Fantasy (2016).cbz,133074418,new,181.7,86.852,51.379,38.913,4,12,1
L:\Comic Archives\N\Singles\Newave - The Underground Mini Comix of the 1980s (2010)\Newave - The Underground Mini Comix of the 1980s (2010).cbz,488045708,new,273.288,38.325,93.288,51.655,4,322,1
L:\Comic Archives\N\Singles\Nhun the Huntress (2019)\Nhun the Huntress (2019).cbz,154972302,new,190.389,23.492,125.172,36.91,4,13,1
L:\Comic Archives\N\Singles\Night Fever [2023]\Night Fever (2023).cbz,171349277,new,247.922,23.982,168.777,50.753,4,12,1
L:\Comic Archives\N\Singles\Night Mary (2008)\Night Mary (2008).cbz,184175646,new,281.369,79.67,156.76,40.623,4,12,1
L:\Comic Archives\N\Singles\Night Trap (2016)\Night Trap (2016) (Digital) (Relic-Empire).cbz,191489048,new,256.186,32.39,181.173,37.642,4,13,1
L:\Comic Archives\N\Singles\Night Trippers (2006)\Night Trippers (2006).cbz,23705578,new,112.923,73.24,15.56,18.877,4,14,1
L:\Comic Archives\N\Singles\Night of the 80's Undead (2014)\Night of the 80's Undead (2014).cbz,114424717,new,477.903,29.246,148.385,295.064,4,14,1
L:\Comic Archives\N\Singles\Nightmare Alley (2003)\Nightmare Alley (2003).cbz,123181562,new,203.803,50.755,102.942,45.484,4,13,1
L:\Comic Archives\N\Singles\Nine (2024)\Nine (2024).cbz,105478677,new,192.489,23.175,126.357,37.566,4,14,1
L:\Comic Archives\N\Singles\Niourk (2018)\Niourk (2018).cbz,178402976,new,206.106,22.933,140.464,36.631,4,16,1
L:\Comic Archives\N\Singles\Nixon's Pals (2015)\Nixon's Pals (2015).cbz,207203524,new,319.699,46.761,244.393,24.249,4,12,1
L:\Comic Archives\N\Singles\No Man's Land (2026)\No Man's Land (2026).cbz,356923608,new,316.257,75.01,217.599,19.248,4,12,1
L:\Comic Archives\N\Singles\Noah (2014) HQ\Noah (2014) HQ.cbz,544116172,new,276.291,43.886,191.128,35.721,4,15,1
L:\Comic Archives\N\Singles\Nocturnals - Carnival of  Beasts 01 (2008) (RD-MD-DCP)\Nocturnals - Carnival of Beasts 01 (2008) (RD-MD-DCP).cbz,32331076,new,174.221,85.624,57.407,26.935,4,12,1
L:\Comic Archives\N\Singles\Nocturnals - Witching Hour [1997]\Nocturnals - Witching Hour (1997).cbz,23042071,new,123.478,25.82,56.161,35.462,4,17,1
L:\Comic Archives\N\Singles\Nocturnals The Sinister Path (2017)\Nocturnals The Sinister Path (2017).cbz,176490813,new,222.572,15.783,163.049,39.519,4,12,1
L:\Comic Archives\N\Singles\Nocturnals Troll Bridge\Nocturnals Troll Bridge.cbz,19564605,new,113.367,34.125,41.738,31.483,4,17,1
L:\Comic Archives\N\Singles\Noir - A Collection of Crime Comics (2020)\Noir - A Collection of Crime Comics (2020).cbz,162018788,new,239.137,33.51,158.661,40.046,4,21,1
L:\Comic Archives\N\Singles\Nothing Nice To Say - Complete Discography (2018)\Nothing Nice To Say - Complete Discography (2018).cbz,190998932,new,214.279,31.294,133.734,40.646,4,28,1
L:\Comic Archives\N\Singles\Nowhere Men Vol.1 (2013)\Nowhere Men Vol.1 (2013).cbz,280733427,new,247.137,24.473,184.479,33.729,4,12,1
L:\Comic Archives\N\Singles\Nuns Without Guns (2009)\Nuns Without Guns (2009).cbz,42423262,new,180.223,94.873,33.645,46.206,4,14,1
L:\Comic Archives\N\Singles\Nursery Rhyme Comics (2011)\Nursery Rhyme Comics (2011).cbz,59430404,new,123.242,27.136,56.011,33.232,4,18,1
L:\Comic Archives\N\Singles\Nyarlathotep (2007)\Nyarlathotep (2007).cbz,59904207,new,214.285,24.377,141.577,42.438,4,16,1
L:\Comic Archives\N\Singles\The Names (2015)\The Names (2015).cbz,199715789,new,287.976,26.381,206.905,50.236,4,12,1
L:\Comic Archives\N\Singles\The Nao of Brown [2012]\The Nao of Brown (2012).cbz,427766600,new,239.174,42.88,156.691,35.288,4,12,1
L:\Comic Archives\N\Singles\The Nether World (2011)\The Nether World (2011).cbz,56066559,new,105.023,27.748,44.576,27.452,4,14,1
L:\Comic Archives\N\Singles\The New Deal (2015)\The New Deal (2015).cbz,127474283,new,271.022,24.704,205.947,36.031,4,12,1
L:\Comic Archives\N\Singles\The Nice House on the Lake - The Deluxe Edition (2023)\The Nice House on the Lake - The Deluxe Edition (2023).cbz,374249713,new,917.877,762.185,111.537,38.264,4,19,1
L:\Comic Archives\N\Singles\The Nightmare Before Christmas - Long Live the Pumpkin Queen  (2025)\The Nightmare Before Christmas - Long Live the Pumpkin Queen  (2025).cbz,628494164,new,380.57,46.869,289.854,37.806,4,17,1
L:\Comic Archives\N\Singles\The Nikopol Trilogy [2004]\The Nikopol Trilogy (2004).cbz,92000205,new,197.803,60.126,62.565,70.592,4,13,1
L:\Comic Archives\N\Singles\The Number 73304-23-4153-6-96-8 [2020]\The Number 73304-23-4153-6-96-8 (2020).cbz,45037279,new,114.928,27.841,36.298,46.2,4,13,1
L:\Comic Archives\N\Singles\The Nurse (2019)\Zalozabal - The Nurse (2019).cbz,43095330,new,192.403,25.15,114.251,48.495,4,13,1
L:\Comic Archives\O\Series\One Night in Rome (2012)\One Night in Rome #1 (2012).cbz,131407674,new,202.904,24.573,135.675,38.352,4,12,1
L:\Comic Archives\O\Series\One Night in Rome (2012)\One Night in Rome #2 (2013).cbz,55612591,new,117.201,28.883,50.001,34.122,4,12,1
L:\Comic Archives\O\Series\Operation Sunshine (2023)\Operation Sunshine #1 (2023).cbz,81677650,new,272.112,16.564,197.318,51.508,4,19,1
L:\Comic Archives\O\Series\Operation Sunshine (2023)\Operation Sunshine #2 (2023).cbz,84852191,new,322.43,75.03,202.053,40.269,4,16,1
L:\Comic Archives\O\Series\Operation Sunshine (2023)\Operation Sunshine #3 (2023).cbz,90889751,new,305.809,77.168,193.971,29.31,4,16,1
L:\Comic Archives\O\Series\Operation Sunshine (2023)\Operation Sunshine #4 (2023).cbz,86462721,new,206.232,18.757,161.006,20.029,4,16,1
L:\Comic Archives\O\Series\The Ogre Gods [2014-2022]\The Ogre Gods #1 (2014).cbz,176162719,new,259.448,27.811,159.495,67.021,4,13,1
L:\Comic Archives\O\Series\The Ogre Gods [2014-2022]\The Ogre Gods #2 (2014).cbz,166583661,new,130.382,29.956,79.647,16.545,4,12,1
L:\Comic Archives\O\Series\The Ogre Gods [2014-2022]\The Ogre Gods #3 (2014).cbz,155627060,new,296.814,27.55,230.337,34.712,4,12,1
L:\Comic Archives\O\Series\The Ogre Gods [2014-2022]\The Ogre Gods #4 (2014).cbz,84908598,new,173.487,37.37,114.327,17.245,4,12,1
L:\Comic Archives\O\Series\The Old Guard  [2017]\The Old Guard #1 (2017).cbz,68954165,new,173.121,14.975,120.426,32.517,4,13,1
L:\Comic Archives\O\Series\The Old Guard  [2017]\The Old Guard #2 (2017).cbz,49614651,new,206.797,27.708,138.994,35.849,4,12,1
L:\Comic Archives\O\Series\The Old Guard  [2017]\The Old Guard #3 (2017).cbz,59189342,new,197.218,26.2,135.197,31.481,4,12,1
L:\Comic Archives\O\Series\The Old Guard  [2017]\The Old Guard #4 (2017).cbz,60891838,new,196.367,27.252,142.214,22.652,4,12,1
L:\Comic Archives\O\Series\The Old Guard  [2017]\The Old Guard #5 (2017).cbz,83186397,new,172.972,18.883,123.081,26.568,4,12,1
L:\Comic Archives\O\Singles\ONE – T1 – With Just One Breath [2019]\ONE – T1 – With Just One Breath (2019).cbz,54015443,new,205.915,36.704,130.144,33.726,4,14,1
L:\Comic Archives\O\Singles\Odessa (2020)\Odessa (2020).cbz,334619762,new,193.947,32.265,128.696,28.471,4,13,1
L:\Comic Archives\O\Singles\Oemnibus (2015)\Oemnibus (2015).cbz,341422709,new,175.098,23.918,114.222,30.065,4,17,1
L:\Comic Archives\O\Singles\Okita + The Cat (2014)\Okita + The Cat (2014).cbz,42612403,new,389.36,22.336,111.165,250.706,4,14,1
L:\Comic Archives\O\Singles\Oksi (2021)\Oksi (2021).cbz,118279806,new,189.201,50.741,77.477,56.006,4,13,1
L:\Comic Archives\O\Singles\Old City Blues (2012)\Old City Blues (2012).cbz,95264498,new,143.248,24.087,74.235,40.532,4,12,1
L:\Comic Archives\O\Singles\Old Ghost (2014)\Old Ghost (2014).cbz,38113614,new,262.98,20.735,171.962,65.023,4,14,1
L:\Comic Archives\O\Singles\Old Pa Anderson (2016)\Old Pa Anderson (2016).cbz,38278633,new,203.326,68.459,111.365,18.408,4,14,1
L:\Comic Archives\O\Singles\Old Souls (2019)\Old Souls (2019).cbz,339375534,new,224.204,22.136,167.32,29.755,4,13,1
L:\Comic Archives\O\Singles\Old Wounds (2015)\Old Wounds (2015).cbz,164356894,new,365.789,89.927,250.805,20.278,4,13,1
L:\Comic Archives\O\Singles\Olympia (2016)\Olympia (2016).cbz,84568008,new,264.692,34.306,186.423,38.771,4,14,1
L:\Comic Archives\O\Singles\Once Upon a Time Machine (2012)\Once Upon a Time Machine (2012).cbz,664451599,new,285.281,55.765,164.926,45.852,4,18,1
L:\Comic Archives\O\Singles\Once Upon a Time Machine - Greek Gods and Legends (2018)\Once Upon a Time Machine - Greek Gods and Legends (2018).cbz,721977974,new,359.743,90.427,222.524,39.215,4,20,1
L:\Comic Archives\O\Singles\One Eight Hundred Ghosts (2022)\One Eight Hundred Ghosts (2022).cbz,165003888,new,343.132,61.244,233.813,43.57,4,13,1
L:\Comic Archives\O\Singles\One Week in the Library (2016)\One Week in the Library (2016).cbz,110635668,new,386.437,43.053,263.085,75.576,4,12,1
L:\Comic Archives\O\Singles\OneNation - Safehouse (2014)\OneNation - Safehouse (2014).cbz,52104132,new,244.39,55.469,150.263,33.45,4,14,1
L:\Comic Archives\O\Singles\Onion Skin (2021)\Onion Skin (2021).cbz,124495624,new,172.785,20.512,109.736,37.877,4,13,1
L:\Comic Archives\O\Singles\Onna-Bugeisha (2014)\Onna-Bugeisha (2014).cbz,80923160,new,190.066,27.217,109.077,49.498,4,12,1
L:\Comic Archives\O\Singles\Open Bar (2022)\Open Bar (2022).cbz,190867337,new,181.715,28.222,111.791,36.615,4,13,1
L:\Comic Archives\O\Singles\Operation Overlord (2019)\Operation Overlord (2019).cbz,223127799,new,169.31,24.306,109.881,27.945,4,20,1
L:\Comic Archives\O\Singles\Orbiter (2003)\Orbiter (2003).cbz,133255511,new,230.245,23.098,160.68,42.14,4,12,1
L:\Comic Archives\O\Singles\Organisms from an Ancient Cosmos (2022)\Organisms from an Ancient Cosmos (2022).cbz,251748424,new,196.791,27.023,128.163,36.814,4,13,1
L:\Comic Archives\O\Singles\Origins (2021)\Origins (2021).cbz,130319337,new,199.369,24.57,132.014,37.589,4,13,1
L:\Comic Archives\O\Singles\Other Worlds (2013)\Other Worlds (2013).cbz,216587768,new,254.548,49.071,155.531,42.144,4,20,1
L:\Comic Archives\O\Singles\Our Common Shores (2024)\Our Common Shores (2024).cbz,134634673,new,223.453,30.347,149.25,38.772,4,14,1
L:\Comic Archives\O\Singles\Our Encounters with Evil - Adventures of Professor J.T. Meinhardt and His Assistant Mr. Knox (2019)\Our Encounters with Evil - Adventures of Professor J.T. Meinhardt and His Assistant Mr. Knox (2019).cbz,137009533,new,197.677,29.641,138.191,25.468,4,12,1
L:\Comic Archives\O\Singles\Out in the Open (2018)\Out in the Open (2018).cbz,142559559,new,189.551,24.911,127.689,32.232,4,13,1
L:\Comic Archives\O\Singles\Outcasts of Jupiter (2014)\Outcasts of Jupiter (2014).cbz,41995923,new,205.985,19.544,150.248,31.35,4,13,1
L:\Comic Archives\O\Singles\Over The Garden Wall (2016)\Over The Garden Wall (2016).cbz,219816502,new,264.245,25.273,208.373,25.141,4,16,1
L:\Comic Archives\O\Singles\The Old Guard - The Immortal Edition (2025)\The Old Guard - The Immortal Edition (2025).cbz,1059568912,new,271.889,62.973,165.354,36.953,4,13,1
L:\Comic Archives\O\Singles\The One Hand and the Six Fingers (2024)\The One Hand and the Six Fingers (2024).cbz,925566804,new,347.13,93.45,200.247,47.174,4,17,1
L:\Comic Archives\O\Singles\The One Trick Rip-Off - Deep Cuts (2013)\The One Trick Rip-Off - Deep Cuts (2013).cbz,674500718,new,288.727,83.725,176.645,23.874,4,12,1
L:\Comic Archives\O\Singles\The Originals - The Essential Edition (2018)\The Originals - The Essential Edition (2018).cbz,401867305,new,230.937,29.117,169.187,28.372,4,12,1
L:\Comic Archives\O\Singles\The Pro (2012)\The Pro (2012).cbz,112386212,new,150.154,21.11,95.501,28.852,4,14,1
L:\Comic Archives\O\Singles\The Psycho (2006)\The Psycho (2006).cbz,89281301,new,116.57,27.41,58.809,25.712,4,13,1
L:\Comic Archives\P\Series\Paper Girls [2016-2017]\Paper Girls - Vol #1 (2016).cbz,207506441,new,305.476,21.718,246.314,32.531,4,13,1
L:\Comic Archives\P\Series\Paper Girls [2016-2017]\Paper Girls - Vol #2 (2016).cbz,166651620,new,321.615,50.765,230.278,36.362,4,12,1
L:\Comic Archives\P\Series\Paper Girls [2016-2017]\Paper Girls - Vol #3 (2016).cbz,360900833,new,263.96,40.551,187.247,31.061,4,12,1
L:\Comic Archives\P\Series\Paradiso [2017-2018]\Paradiso #1 (2017).cbz,136570718,new,274.335,21.335,191.094,57.024,4,13,1
L:\Comic Archives\P\Series\Paradiso [2017-2018]\Paradiso #2 (2017).cbz,135114909,new,330.186,59.503,229.794,36.527,4,12,1
L:\Comic Archives\P\Series\Paradiso [2017-2018]\Paradiso #3 (2017).cbz,74820228,new,297.142,58.777,182.649,51.261,4,12,1
L:\Comic Archives\P\Series\Paradiso [2017-2018]\Paradiso #4 (2017).cbz,105420926,new,288.77,68.227,184.547,31.653,4,12,1
L:\Comic Archives\P\Series\Paradiso [2017-2018]\Paradiso #5 (2017).cbz,59245907,new,255.222,26.375,178.533,45.938,4,12,1
L:\Comic Archives\P\Series\Paradiso [2017-2018]\Paradiso #6 (2017).cbz,65934446,new,330.45,86.254,187.839,51.838,4,12,1
L:\Comic Archives\P\Series\Paradiso [2017-2018]\Paradiso #7 (2017).cbz,55627857,new,289.394,65.021,172.311,40.144,4,12,1
L:\Comic Archives\P\Series\Paradiso [2017-2018]\Paradiso #8 (2017).cbz,56205177,new,275.954,83.044,170.435,18.123,4,12,1
L:\Comic Archives\P\Series\Pax Romana [2007]\Pax Romana #1 (2007).cbz,28322437,new,205.781,23.736,151.791,25.797,4,12,1
L:\Comic Archives\P\Series\Pax Romana [2007]\Pax Romana #2 (2007).cbz,12275169,new,141.191,35.571,78.867,22.493,4,12,1
L:\Comic Archives\P\Series\Pax Romana [2007]\Pax Romana #3 (2007).cbz,21687129,new,456.58,32.466,175.842,244.062,4,12,1
L:\Comic Archives\P\Series\Pax Romana [2007]\Pax Romana #4 (2007).cbz,23075388,new,272.017,79.146,133.027,54.986,4,12,1
L:\Comic Archives\P\Series\Phantom Road (2023-2024)\Phantom Road Vol #1 (2023).cbz,265038101,new,287.48,28.66,215.85,38.56,4,12,1
L:\Comic Archives\P\Series\Phantom Road (2023-2024)\Phantom Road Vol #2 (2024).cbz,574168204,new,439.06,48.277,355.997,30.344,4,12,1
L:\Comic Archives\P\Series\Phantom Road (2023-2024)\Phantom Road Vol #3 (2025).cbz,277894715,new,312.404,43.186,247.72,17.144,4,12,1
L:\Comic Archives\P\Series\Postal [2015-2018]\Postal #1 (2015).cbz,40387179,new,309.888,38.964,211.752,21.338,4,15,1
L:\Comic Archives\P\Series\Postal [2015-2018]\Postal #10 (2015).cbz,46329191,new,272.509,34.75,209.47,23.534,4,14,1
L:\Comic Archives\P\Series\Postal [2015-2018]\Postal #11 (2015).cbz,47894331,new,320.675,59.069,221.01,35.98,4,14,1
L:\Comic Archives\P\Series\Postal [2015-2018]\Postal #12 (2015).cbz,46868316,new,289.854,49.458,195.979,39.575,4,14,1
L:\Comic Archives\P\Series\Postal [2015-2018]\Postal #13 (2015).cbz,54278300,new,280.704,56.4,181.055,38.61,4,14,1
L:\Comic Archives\P\Series\Postal [2015-2018]\Postal #14 (2015).cbz,58664432,new,287.098,63.162,193.241,25.868,4,14,1
L:\Comic Archives\P\Series\Postal [2015-2018]\Postal #15 (2015).cbz,52241414,new,293.004,74.471,185.098,28.71,4,14,1
L:\Comic Archives\P\Series\Postal [2015-2018]\Postal #16 (2015).cbz,55142026,new,237.134,56.613,129.119,46.715,4,14,1
L:\Comic Archives\P\Series\Postal [2015-2018]\Postal #17 (2015).cbz,57899230,new,279.712,39.216,177.341,36.127,4,14,1
L:\Comic Archives\P\Series\Postal [2015-2018]\Postal #18 (2015).cbz,56740047,new,390.294,75.574,280.868,29.065,4,14,1
L:\Comic Archives\P\Series\Postal [2015-2018]\Postal #19 (2015).cbz,55348966,new,287.548,102.926,155.292,24.695,4,14,1
L:\Comic Archives\P\Series\Postal [2015-2018]\Postal #2 (2015).cbz,46280596,new,266.136,24.626,194.453,41.539,4,14,1
L:\Comic Archives\P\Series\Postal [2015-2018]\Postal #20 (2015).cbz,58498420,new,356.235,36.649,246.079,40.668,4,14,1
L:\Comic Archives\P\Series\Postal [2015-2018]\Postal #21 (2015).cbz,90535210,new,313.478,102.957,172.141,33.659,4,14,1
L:\Comic Archives\P\Series\Postal [2015-2018]\Postal #22 (2015).cbz,103996045,new,232.956,23.015,178.214,27.071,4,14,1
L:\Comic Archives\P\Series\Postal [2015-2018]\Postal #23 (2015).cbz,96517972,new,205.022,25.388,152.074,22.683,4,14,1
L:\Comic Archives\P\Series\Postal [2015-2018]\Postal #24 (2015).cbz,99361937,new,240.519,30.743,157.759,32.077,4,14,1
L:\Comic Archives\P\Series\Postal [2015-2018]\Postal #25 (2015).cbz,68656997,new,213.327,17.644,160.491,30.381,4,14,1
L:\Comic Archives\P\Series\Postal [2015-2018]\Postal #3 (2015).cbz,46159025,new,281.138,22.717,218.195,35.408,4,14,1
L:\Comic Archives\P\Series\Postal [2015-2018]\Postal #4 (2015).cbz,47297716,new,264.565,43.548,182.09,34.34,4,14,1
L:\Comic Archives\P\Series\Postal [2015-2018]\Postal #5 (2015).cbz,46204240,new,294.839,35.197,184.923,25.008,4,14,1
L:\Comic Archives\P\Series\Postal [2015-2018]\Postal #6 (2015).cbz,45468585,new,292.238,79.536,180.716,27.169,4,14,1
L:\Comic Archives\P\Series\Postal [2015-2018]\Postal #7 (2015).cbz,48160950,new,330.363,89.304,201.168,35.26,4,14,1
L:\Comic Archives\P\Series\Postal [2015-2018]\Postal #8 (2015).cbz,47896495,new,280.944,44.133,200.402,31.634,4,14,1
L:\Comic Archives\P\Series\Postal [2015-2018]\Postal #9 (2015).cbz,44487725,new,280.744,57.564,192.684,25.456,4,14,1
L:\Comic Archives\P\Series\Predator - Homeworld [1999-2022]\Predator Homeworld #1 (1999).cbz,15252836,new,173.325,74.365,66.574,27.012,4,15,1
L:\Comic Archives\P\Series\Predator - Homeworld [1999-2022]\Predator Homeworld #2 (1999).cbz,14587237,new,122.349,33.214,60.431,23.446,4,14,1
L:\Comic Archives\P\Series\Predator - Homeworld [1999-2022]\Predator Homeworld #3 (1999).cbz,13784848,new,151.189,36.447,58.244,51.021,4,14,1
L:\Comic Archives\P\Series\Predator - Homeworld [1999-2022]\Predator Homeworld #4 (1999).cbz,13776281,new,123.685,30.201,62.047,26.749,4,14,1
L:\Comic Archives\P\Series\Predator vs. Judge Dredd (1997)\Predator vs Judge Dredd #1 (1997).cbz,11034830,new,147.155,35.049,58.435,48.161,4,13,1
L:\Comic Archives\P\Series\Predator vs. Judge Dredd (1997)\Predator vs Judge Dredd #2 (1997).cbz,10358415,new,148.562,32.082,59.209,53.048,4,12,1
L:\Comic Archives\P\Series\Predator vs. Judge Dredd (1997)\Predator vs Judge Dredd #3 (1997).cbz,10669509,new,148.487,49.32,58.141,36.758,4,12,1
L:\Comic Archives\P\Series\Prophet [2012-2015]\Prophet  - Vol #1 (2012).cbz,270357408,new,261.303,43.941,153.783,44.543,4,16,1
L:\Comic Archives\P\Series\Prophet [2012-2015]\Prophet  - Vol #2 (2012).cbz,233140346,new,222.76,20.346,149.392,47.904,4,16,1
L:\Comic Archives\P\Series\Prophet [2012-2015]\Prophet  - Vol #3 (2012).cbz,280203715,new,242.413,26.575,173.546,36.752,4,16,1
L:\Comic Archives\P\Series\Prophet [2012-2015]\Prophet  - Vol #4 (2012).cbz,450155841,new,413.398,93.748,282.726,31.932,4,16,1
L:\Comic Archives\P\Series\Providence [2015-2017]\Providence #1 (2015).cbz,59483189,new,355.208,55.45,256.637,38.886,4,12,1
L:\Comic Archives\P\Series\Providence [2015-2017]\Providence #10 (2015).cbz,75142626,new,338.866,44.616,234.293,55.688,4,12,1
L:\Comic Archives\P\Series\Providence [2015-2017]\Providence #11 (2015).cbz,50813361,new,318.492,35.096,203.484,46.177,4,12,1
L:\Comic Archives\P\Series\Providence [2015-2017]\Providence #12 (2015).cbz,61478672,new,652.107,49.608,276.961,292.046,4,12,1
L:\Comic Archives\P\Series\Providence [2015-2017]\Providence #2 (2015).cbz,61159123,new,361.338,65.692,239.949,51.451,4,12,1
L:\Comic Archives\P\Series\Providence [2015-2017]\Providence #3 (2015).cbz,77623475,new,315.84,41.139,236.535,33.884,4,12,1
L:\Comic Archives\P\Series\Providence [2015-2017]\Providence #4 (2015).cbz,77912257,new,306.492,35.157,228.235,38.614,4,12,1
L:\Comic Archives\P\Series\Providence [2015-2017]\Providence #5 (2015).cbz,74721029,new,294.477,29.114,229.316,17.385,4,12,1
L:\Comic Archives\P\Series\Providence [2015-2017]\Providence #6 (2015).cbz,76175949,new,280.618,44.997,210.542,20.705,4,12,1
L:\Comic Archives\P\Series\Providence [2015-2017]\Providence #7 (2015).cbz,75265820,new,325.182,62.524,236.339,22.067,4,12,1
L:\Comic Archives\P\Series\Providence [2015-2017]\Providence #8 (2015).cbz,79347021,new,289.545,37.975,221.25,25.599,4,12,1
L:\Comic Archives\P\Series\Providence [2015-2017]\Providence #9 (2015).cbz,77416307,new,347.912,52.036,271.692,19.785,4,12,1
L:\Comic Archives\P\Series\Punisher - Complete Collection [2016-2018]\The Punisher - Complete Collection #1 (2016).cbz,646156858,new,227.78,67.822,126.844,27.194,4,17,1
L:\Comic Archives\P\Series\Punisher - Complete Collection [2016-2018]\The Punisher - Complete Collection #2 (2016).cbz,638495222,new,192.79,26.113,133.815,27.637,4,16,1
L:\Comic Archives\P\Series\Punisher - Complete Collection [2016-2018]\The Punisher - Complete Collection #3 (2016).cbz,615396260,new,231.216,34.293,140.046,36.531,4,16,1
L:\Comic Archives\P\Series\Punisher - Complete Collection [2016-2018]\The Punisher - Complete Collection #4 (2016).cbz,842753683,new,317.861,31.573,241.21,39.865,4,16,1
L:\Comic Archives\P\Series\Punisher - Complete Collection [2016-2018]\The Punisher - Complete Collection #5 (2016).cbz,699417891,new,239.001,48.481,147.926,37.47,4,16,1
L:\Comic Archives\P\Series\Punisher - Complete Collection [2016-2018]\The Punisher - Complete Collection #6 (2016).cbz,573263958,new,247.428,28.366,180.896,33.107,4,16,1
L:\Comic Archives\P\Series\Punisher - Complete Collection [2016-2018]\The Punisher - Complete Collection #7 (2016).cbz,962624787,new,263.972,39.365,160.282,59.235,4,16,1
L:\Comic Archives\P\Series\Punks Not Dead - London Calling (2019)\Punks Not Dead - London Calling #1 (2019).cbz,43838776,new,255.51,73.271,149.902,28.009,4,12,1
L:\Comic Archives\P\Series\Punks Not Dead - London Calling (2019)\Punks Not Dead - London Calling #2 (2019).cbz,40388449,new,214.087,29.798,143.793,36.254,4,12,1
L:\Comic Archives\P\Series\Punks Not Dead - London Calling (2019)\Punks Not Dead - London Calling #3 (2019).cbz,32283037,new,222.131,30.327,144.792,27.979,4,12,1
L:\Comic Archives\P\Series\Punks Not Dead - London Calling (2019)\Punks Not Dead - London Calling #4 (2019).cbz,40961007,new,223.836,37.783,149.313,32.451,4,12,1
L:\Comic Archives\P\Series\Punks Not Dead - London Calling (2019)\Punks Not Dead - London Calling #5 (2019).cbz,48445018,new,223.123,27.501,163.083,28.194,4,12,1
L:\Comic Archives\P\Series\The Power Fantasy [2025]\The Power Fantasy - Vol #1 (2025).cbz,345506780,new,254.54,40.243,157.564,52.43,4,12,1
L:\Comic Archives\P\Series\The Power Fantasy [2025]\The Power Fantasy - Vol #2 (2025).cbz,338042851,new,263.817,72.561,159.4,26.631,4,12,1
L:\Comic Archives\P\Series\The Power Fantasy [2025]\The Power Fantasy - Vol #3 (2026).cbz,320768219,new,214.54,21.529,161.557,27.147,4,12,1
L:\Comic Archives\P\Series\The Private Eye [2014-2015]\The Private Eye - Vol #1 (2014).cbz,86705454,new,156.746,39.876,54.957,57.682,4,12,1
L:\Comic Archives\P\Series\The Private Eye [2014-2015]\The Private Eye - Vol #2 (2014).cbz,69469402,new,115.284,24.551,55.626,30.909,4,12,1
L:\Comic Archives\P\Singles\'Patra (2025)\'Patra (2025).cbz,1627697696,new,744.773,42.509,670.956,26.564,4,13,1
L:\Comic Archives\P\Singles\A Phone Call Away (2024)\A Phone Call Away (2024) (digital) (Mr Norrell-Empire).cbz,185790961,new,289.395,32.594,220.905,31.395,4,13,1
L:\Comic Archives\P\Singles\POP (2015)\POP (2015).cbz,119196997,new,255.884,42.264,164.965,43.267,4,13,1
L:\Comic Archives\P\Singles\POS - Piece of Sh-t (2017)\POS - Piece of Sh-t (2017).cbz,824944219,new,296.876,94.441,164.677,32.827,4,13,1
L:\Comic Archives\P\Singles\POW! A Peanuts Collection (2014)\POW! A Peanuts Collection (2014).cbz,143201812,new,140.977,30.069,55.08,51.275,4,12,1
L:\Comic Archives\P\Singles\PTSD (2019)\PTSD (2019).cbz,251126612,new,230.879,37.252,135.28,53.566,4,13,1
L:\Comic Archives\P\Singles\Painting the Khmer Rouge (2022)\Painting the Khmer Rouge (2022).cbz,136769949,new,242.047,49.785,122.292,64.922,4,14,1
L:\Comic Archives\P\Singles\Painting with Lions (2024)\Painting with Lions (2024).cbz,192466799,new,216.828,28.228,148.353,34.856,4,13,1
L:\Comic Archives\P\Singles\Panels for Primates (2013)\Panels for Primates (2013).cbz,107859195,new,230.922,19.585,177.053,28.133,4,18,1
L:\Comic Archives\P\Singles\Papa (2013)\Papa (2013).cbz,64450514,new,205.894,32.92,137.68,28.765,4,17,1
L:\Comic Archives\P\Singles\Papaya Salad (2020)\Papaya Salad (2020).cbz,195126516,new,270.294,29.043,197.869,38.927,4,13,1
L:\Comic Archives\P\Singles\Paper Planes (2023)\Paper Planes (2023).cbz,260339120,new,218.271,57.826,112.641,42.685,4,14,1
L:\Comic Archives\P\Singles\Paradise Lost (2016)\Paradise Lost (2016).cbz,108703654,new,172.832,27.507,110.752,28.486,4,16,1
L:\Comic Archives\P\Singles\Pearl of the Sea (2023)\Pearl of the Sea (2023).cbz,117485906,new,189.523,25.99,125.501,31.409,4,17,1
L:\Comic Archives\P\Singles\Peepers (2021)\Peepers (2021).cbz,462004911,new,363.298,25.238,297.942,34.262,4,20,1
L:\Comic Archives\P\Singles\Persephone (2018)\Persephone (2018).cbz,257597192,new,272.296,45.616,182.721,39.759,4,12,1
L:\Comic Archives\P\Singles\Pet Peeves (2021)\Pet Peeves (2021).cbz,125345751,new,479.387,25.956,167.5,281.388,4,12,1
L:\Comic Archives\P\Singles\Pete Townshend's Life House (2023)\Pete Townshend's Life House (2023).cbz,264363626,new,208.764,46.529,117.944,38.18,4,16,1
L:\Comic Archives\P\Singles\Peter Pan (2013)\Peter Pan (2013).cbz,627165933,new,367.415,26.436,301.187,35.085,4,13,1
L:\Comic Archives\P\Singles\Petey & Pussy (2008)\Petey & Pussy (2008).cbz,142884579,new,183.298,60.517,83.531,34.363,4,16,1
L:\Comic Archives\P\Singles\Petrograd (2011)\Petrograd (2011).cbz,453814473,new,197.757,44.668,119.913,28.667,4,13,1
L:\Comic Archives\P\Singles\Petrol Head - Welcome to the Non-Human Race [2024]\Petrol Head - Welcome to the Non-Human Race (2024).cbz,471724524,new,265.539,21.231,194.671,43.781,4,16,1
L:\Comic Archives\P\Singles\Philosophy - A Discovery in Comics (2012)\Philosophy - A Discovery in Comics (2012).cbz,86724395,new,179.448,32.945,49.989,40.206,4,13,1
"L:\Comic Archives\P\Singles\Phoolan Devi, Rebel Queen (2020)\Phoolan Devi, Rebel Queen (2020).cbz",372154663,new,180.949,40.907,102.295,33.489,4,12,1
L:\Comic Archives\P\Singles\Pilu of the Woods (2019)\Pilu of the Woods (2019).cbz,437769319,new,454.033,26.136,395.651,27.636,4,13,1
L:\Comic Archives\P\Singles\Pixie Dust (2018)\Pixie Dust (2018).cbz,287198335,new,355.077,62.305,242.95,44.534,4,14,1
L:\Comic Archives\P\Singles\Pizza Roadtrip (2012)\Pizza Roadtrip (2012).cbz,88319294,new,222.566,46.458,121.689,49.069,4,14,1
L:\Comic Archives\P\Singles\Plague House (2025)\Plague House (2025).cbz,69396533,new,297.83,26.155,228.728,37.686,4,13,1
L:\Comic Archives\P\Singles\Planet Paradise #01 (2020)\Planet Paradise #01 (2020).cbz,120298733,new,189.679,44.314,101.369,39.667,4,12,1
L:\Comic Archives\P\Singles\Planet of the Nerds [2019]\Planet of the Nerds (2019).cbz,947334128,new,272.824,42.75,188.99,36.17,4,15,1
L:\Comic Archives\P\Singles\Planetary Omnibus [2017]\Planetary Omnibus (2017).cbz,868010325,new,274.678,106.825,120.151,41.019,4,18,1
L:\Comic Archives\P\Singles\Plastic (2017)\Plastic (2017).cbz,353478388,new,209.752,26.104,151.123,27.787,4,13,1
L:\Comic Archives\P\Singles\Plato's Allegory of the Cave (2021)\Plato's Allegory of the Cave (2021).cbz,60106892,new,180.536,43.653,94.563,37.148,4,14,1
L:\Comic Archives\P\Singles\Ploneis the Uncertain (One Shot) (2014)\Ploneis the Uncertain (One Shot) (2014).cbz,72482733,new,214.237,31.478,128.48,47.901,4,17,1
L:\Comic Archives\P\Singles\Plunge (2020)\Plunge (2020).cbz,188470914,new,213.963,20.525,161.294,27.81,4,12,1
L:\Comic Archives\P\Singles\Polygon (2025)\Polygon (2025).cbz,337857044,new,338.523,32.563,252.372,49.009,4,13,1
L:\Comic Archives\P\Singles\Poor Wayfaring Strangers v01 (2016)\Poor Wayfaring Strangers v01 (2016).cbz,188811837,new,358.219,39.031,236.831,49.816,4,23,1
L:\Comic Archives\P\Singles\Poorcraft - The Funnybook Fundamentals of Living Well on Less (2012)\Poorcraft - The Funnybook Fundamentals of Living Well on Less (2012).cbz,190316302,new,212.984,49.175,129.992,28.766,4,14,1
L:\Comic Archives\P\Singles\Porcelain (2022)\Porcelain (2022).cbz,248881477,new,246.697,30.679,187.255,23.868,4,12,1
L:\Comic Archives\P\Singles\Portrait of a Body (2024)\Portrait of a Body (2024).cbz,155472879,new,172.933,26.362,113.829,28.153,4,14,1
L:\Comic Archives\P\Singles\Portraits (2023)\Portraits (2023).cbz,81374278,new,163.96,27.209,105.308,26.972,4,13,1
L:\Comic Archives\P\Singles\Post Americana (2021)\Post Americana (2021).cbz,321430533,new,239.277,35.429,168.037,31.018,4,13,1
L:\Comic Archives\P\Singles\Post York (2021)\Post York (2021).cbz,108084715,new,256.164,24.905,162.303,64.735,4,12,1
L:\Comic Archives\P\Singles\Potions Inc. (2022)\Potions Inc. (2022).cbz,138642602,new,200.781,60.107,107.893,27.494,4,14,1
L:\Comic Archives\P\Singles\Power & Glory (2012)\Power & Glory (2012).cbz,278901707,new,198.514,29.926,119.47,44.881,4,12,1
L:\Comic Archives\P\Singles\Power Up (2016)\Power Up (2016).cbz,139045003,new,248.922,22.106,189.601,32.092,4,14,1
L:\Comic Archives\P\Singles\Praising the Surface - Behind the Scenes of Reality TV (2023)\Praising the Surface - Behind the Scenes of Reality TV (2023).cbz,123577456,new,222.546,71.423,114.02,31.538,4,16,1
L:\Comic Archives\P\Singles\Predator vs. Judge Dredd vs. Aliens - Incubus and Other Stories (2014)\Predator vs. Judge Dredd vs. Aliens - Incubus and Other Stories (2014).cbz,419576363,new,189.307,24.441,125.244,34.369,4,16,1
L:\Comic Archives\P\Singles\Pride of Baghdad - The Deluxe Edition [2014]\Pride of Baghdad - The Deluxe Edition (2014).cbz,176602698,new,242.065,22.796,179.985,34.93,4,12,1
"L:\Comic Archives\P\Singles\Primates - The Fearless Science of Jane Goodall, Dian Fossey, and Birute Galdikas (2013)\Primates - The Fearless Science of Jane Goodall, Dian Fossey, and Birute Galdikas (2013).cbz",59226364,new,172.039,75.905,60.109,31.087,4,13,1
L:\Comic Archives\P\Singles\Prince of Cats (2016)\Prince of Cats (2016).cbz,748481564,new,1025.743,23.021,966.611,31.323,4,12,1
L:\Comic Archives\P\Singles\Project Superpowers - Omnibus (2009)\Project Superpowers - Omnibus (2009).cbz,493833511,new,220.311,89.546,89.987,33.397,4,21,1
L:\Comic Archives\P\Singles\Promethea - The 20th Anniversary Deluxe Edition Book 01 (2019)\Promethea - The 20th Anniversary Deluxe Edition Book 01 (2019).cbz,479593041,new,222.185,31.798,151.329,33.966,4,16,1
L:\Comic Archives\P\Singles\Prometheus - Fire and Stone (2015)\Prometheus - Fire and Stone (2015).cbz,175081279,new,206.504,27.262,141.59,33.313,4,12,1
L:\Comic Archives\P\Singles\Pros and (Comic) Cons (2019)\Pros and (Comic) Cons (2019).cbz,168621732,new,185.079,25.376,125.128,28.366,4,18,1
L:\Comic Archives\P\Singles\Protain (2019)\Protain (2019).cbz,97190410,new,271.648,18.292,213.401,35.49,4,13,1
L:\Comic Archives\P\Singles\Prunella and the Cursed Skull Ring (2022)\Prunella and the Cursed Skull Ring (2022).cbz,105393584,new,189.873,61.969,97.738,25.52,4,13,1
L:\Comic Archives\P\Singles\Psycho Killer (2014)\Psycho Killer (2014).cbz,165464961,new,223.773,22.261,168.954,27.62,4,14,1
L:\Comic Archives\P\Singles\Puerto Rico Strong (2018)\Puerto Rico Strong (2018).cbz,290052601,new,576.867,42.401,172.376,355.113,4,20,1
L:\Comic Archives\P\Singles\Pug Davis (2019)\Pug Davis (2019).cbz,249587888,new,275.546,39.377,148.983,82.611,4,13,1
L:\Comic Archives\P\Singles\Puke Banter (2022)\Puke Banter (2022).cbz,22268815,new,216.506,63.745,96.523,52.067,4,12,1
L:\Comic Archives\P\Singles\Pulp (2020)\Pulp (2020).cbz,95670146,new,218.655,30.671,149.74,34.015,4,12,1
L:\Comic Archives\P\Singles\Punk Mambo (2019)\Punk Mambo (2019).cbz,295906964,new,246.151,27.87,166.967,44.979,4,17,1
L:\Comic Archives\P\Singles\Punkrock Jazz - The Art (2018)\Punkrock Jazz - The Art (2018).cbz,96837871,new,207.034,87.488,81.903,33.466,4,12,1
L:\Comic Archives\P\Singles\The Pass (2022)\The Pass (2022).cbz,37784663,new,124.78,29.034,53.531,39.241,4,7,1
L:\Comic Archives\P\Singles\The Perineum Technique (2019)\The Perineum Technique (2019).cbz,203972338,new,237.564,26.034,179.755,25.08,4,19,1
L:\Comic Archives\P\Singles\The Phantom of the Opera - The Graphic Novel (2020)\The Phantom of the Opera - The Graphic Novel (2020).cbz,265598068,new,172.064,29.386,117.774,20.083,4,13,1
L:\Comic Archives\P\Singles\The Photographer of Mauthausen (2018)\The Photographer of Mauthausen (2018).cbz,134754858,new,172.051,23.482,120.761,22.884,4,13,1
L:\Comic Archives\P\Singles\The Pirate Within (2018)\The Pirate Within (2018).cbz,91235441,new,189.285,22.305,133.964,28.167,4,13,1
L:\Comic Archives\P\Singles\The Plastic Empire (2023)\The Plastic Empire (2023).cbz,131823844,new,189.276,16.484,136.957,31.327,4,13,1
L:\Comic Archives\P\Singles\The Prague Coup (2018)\The Prague Coup (2018).cbz,109181199,new,175.173,24.474,115.855,30.473,4,12,1
L:\Comic Archives\P\Singles\The Price (2011)\The Price (2011).cbz,42695181,new,203.192,26.882,143.564,26.916,4,14,1
L:\Comic Archives\P\Singles\The Pro (2016)\The Pro (2016).cbz,293400369,new,345.885,23.821,261.355,55.994,4,14,1
L:\Comic Archives\P\Singles\The Problem of Susan and Other Stories (2019)\The Problem of Susan and Other Stories (2019).cbz,101221522,new,248.295,56.648,140.053,46.482,4,14,1
L:\Comic Archives\P\Singles\The Protopias Collection (2026)\The Protopias Collection (2026).cbz,709816919,new,263.947,29.191,200.606,29.815,4,12,1
L:\Comic Archives\P\Singles\The Purple Oblivion (2020)\The Purple Oblivion (2020).cbz,65875356,new,246.429,62.011,124.69,55.066,4,13,1
L:\Comic Archives\P\Singles\The Purpose Project [2025]\The Purpose Project (2025).cbz,131795936,new,272.964,22.691,207.057,38.166,4,14,1
L:\Comic Archives\P\Singles\The Pursuer (2021)\The Pursuer (2021).cbz,72078802,new,189.887,42.971,106.967,35.412,4,13,1
L:\Comic Archives\Q\Singles\Quantum Mechanics (2018)\Quantum Mechanics (2018).cbz,282692800,new,212.994,19.953,126.306,61.18,4,13,1
L:\Comic Archives\Q\Singles\Quantum and Woody - The Complete Classic (2014)\Quantum and Woody - The Complete Classic (2014).cbz,1021085320,new,313.623,53.128,217.05,37.199,4,17,1
L:\Comic Archives\Q\Singles\Quentin by Tarantino (2024)\Quentin by Tarantino (2024).cbz,192616244,new,265.495,62.466,141.0,57.52,4,13,1
L:\Comic Archives\Q\Singles\Quick Stops (2023)\Quick Stops (2023).cbz,178115014,new,262.952,26.776,172.457,58.609,4,14,1
L:\Comic Archives\Q\Singles\Quincredible - The Catalyst Compendium [2025]\Quincredible - The Catalyst Compendium (2025).cbz,545375735,new,314.116,60.103,211.221,37.974,4,13,1
L:\Comic Archives\Q\Singles\The Quest For The Time Bird (2015)\The Quest For The Time Bird (2015).cbz,588548597,new,355.459,48.413,274.438,28.1,4,13,1
L:\Comic Archives\R\Series\Rasl [2008]\Rasl - Vol #1 - The Drift (2008).cbz,228979170,new,315.434,51.548,231.218,28.14,4,12,1
L:\Comic Archives\R\Series\Rasl [2008]\Rasl - Vol #2 - The Fire Of St. George (2010).cbz,293619836,new,370.279,51.59,278.547,35.781,4,12,1
L:\Comic Archives\R\Series\Reckless [2020-2022]\Reckless #1 (2020).cbz,140249493,new,272.154,39.315,199.133,29.201,4,12,1
L:\Comic Archives\R\Series\Reckless [2020-2022]\Reckless #2 (2020).cbz,136394009,new,338.848,68.672,215.729,50.076,4,12,1
L:\Comic Archives\R\Series\Reckless [2020-2022]\Reckless #3 (2020).cbz,127558048,new,289.259,48.19,199.983,36.726,4,12,1
L:\Comic Archives\R\Series\Reckless [2020-2022]\Reckless #4 (2020).cbz,138343445,new,317.772,53.62,230.677,29.267,4,12,1
L:\Comic Archives\R\Series\Reckless [2020-2022]\Reckless #5 (2020).cbz,138266745,new,321.879,47.195,210.246,60.166,4,12,1
L:\Comic Archives\R\Series\Rising Stars [2008]\Rising Stars Compendium - Vol #1 (2008).cbz,503646587,new,171.978,42.832,77.638,46.681,4,13,1
L:\Comic Archives\R\Series\Rising Stars [2008]\Rising Stars Compendium - Vol #2 (2008).cbz,352709109,new,139.613,27.977,59.1,48.263,4,12,1
L:\Comic Archives\R\Series\Rover Red Charlie [2013-2014]\Rover Red Charlie #1 (2013).cbz,46520359,new,231.653,23.999,165.888,36.87,4,13,1
L:\Comic Archives\R\Series\Rover Red Charlie [2013-2014]\Rover Red Charlie #2 (2013).cbz,44952990,new,239.799,25.651,162.053,47.855,4,12,1
L:\Comic Archives\R\Series\Rover Red Charlie [2013-2014]\Rover Red Charlie #3 (2013).cbz,44200222,new,279.394,81.863,165.364,27.497,4,12,1
L:\Comic Archives\R\Series\Rover Red Charlie [2013-2014]\Rover Red Charlie #4 (2013).cbz,42227113,new,222.799,21.006,158.335,39.104,4,12,1
L:\Comic Archives\R\Series\Rover Red Charlie [2013-2014]\Rover Red Charlie #5 (2013).cbz,41376675,new,253.921,34.84,169.225,45.589,4,12,1
L:\Comic Archives\R\Series\Rover Red Charlie [2013-2014]\Rover Red Charlie #6 (2013).cbz,51554501,new,283.476,95.096,159.511,23.627,4,12,1
L:\Comic Archives\R\Singles\A Report to an Academy(2022)\A Report to an Academy (2022).cbz,70719832,new,136.476,26.223,77.682,28.009,4,13,1
L:\Comic Archives\R\Singles\A Righteous Thirst For Vengeance [2021]\A Righteous Thirst For Vengeance (2021).cbz,652307709,new,428.291,25.098,379.789,19.159,4,12,1
L:\Comic Archives\R\Singles\ROADQUEEN - Eternal Roadtrip to Love (2019)\ROADQUEEN - Eternal Roadtrip to Love (2019).cbz,209893499,new,339.499,60.411,236.99,37.58,4,13,1
L:\Comic Archives\R\Singles\ROM & the Micronauts (2018)\ROM & the Micronauts (2018).cbz,238578164,new,239.135,71.506,127.262,34.355,4,16,1
"L:\Comic Archives\R\Singles\Race for Your Life, Charlie Brown! (2018)\Race for Your Life, Charlie Brown! (2018).cbz",125229449,new,510.462,31.184,131.613,341.411,4,17,1
L:\Comic Archives\R\Singles\Racket (2015)\Racket (2015).cbz,53052101,new,290.259,56.087,90.483,138.657,4,13,1
L:\Comic Archives\R\Singles\Rebel (2009)\Rebel (2009).cbz,597854291,new,429.621,50.412,315.405,59.143,4,13,1
L:\Comic Archives\R\Singles\Rebel Blood (2012)\Rebel Blood (2012).cbz,196945781,new,222.339,37.474,158.129,22.537,4,12,1
L:\Comic Archives\R\Singles\Reborn - Library Edition (2026)\Reborn - Library Edition (2026).cbz,1061826388,new,702.73,22.683,643.299,31.79,4,13,1
L:\Comic Archives\R\Singles\Redfork (2020)\Redfork (2020).cbz,266081030,new,338.481,67.332,229.872,35.769,4,13,1
L:\Comic Archives\R\Singles\Redneck Kings (2012)\Redneck Kings (2012).cbz,63717791,new,125.644,37.748,46.597,36.795,4,13,1
L:\Comic Archives\R\Singles\Resurrection Perverts - Hunter's Point (2017)\Resurrection Perverts - Hunter's Point (2017).cbz,102303474,new,188.264,27.438,120.284,35.597,4,13,1
L:\Comic Archives\R\Singles\Revelations (2015)\Revelations (2015).cbz,294746694,new,413.193,29.888,333.68,44.383,4,14,1
L:\Comic Archives\R\Singles\Revere (2021)\Revere (2021).cbz,337562622,new,372.631,48.185,271.658,48.24,4,12,1
L:\Comic Archives\R\Singles\Rewild (2021)\Rewild (2021).cbz,184039605,new,230.917,43.56,134.512,47.065,4,13,1
L:\Comic Archives\R\Singles\Ricky Rouse Has a Gun (2014)\Ricky Rouse Has a Gun (2014).cbz,202767916,new,264.033,22.758,173.031,63.783,4,13,1
L:\Comic Archives\R\Singles\Ripley's Believe It or Not! (2019)\Ripley's Believe It or Not! (2019).cbz,168191436,new,321.944,59.364,202.169,53.75,4,18,1
L:\Comic Archives\R\Singles\Ripped (2010)\Ripped (2010).cbz,182586911,new,239.437,50.624,149.502,34.265,4,14,1
L:\Comic Archives\R\Singles\Ripperland [One-Shot] [2025]\Ripperland [One-Shot] (2025).cbz,69609243,new,214.588,23.148,156.0,29.453,4,16,1
L:\Comic Archives\R\Singles\Ripple Effects (2020)\Ripple Effects (2020).cbz,146609465,new,197.86,24.883,132.709,35.22,4,14,1
L:\Comic Archives\R\Singles\Rise of Dracula (2021)\Rise of Dracula (2021).cbz,334551051,new,860.186,593.617,222.185,37.463,4,20,1
L:\Comic Archives\R\Singles\Riven (2012)\Riven (2012).cbz,112630956,new,197.791,55.263,89.857,47.593,4,15,1
L:\Comic Archives\R\Singles\River of Ink (2021)\River of Ink (2021).cbz,277016703,new,184.774,23.758,124.708,30.605,4,16,1
L:\Comic Archives\R\Singles\Rivers (2021)\Rivers (2021).cbz,213357033,new,214.223,27.127,147.193,35.408,4,13,1
L:\Comic Archives\R\Singles\Road Rage (2012)\Road Rage (2012).cbz,92502858,new,164.989,28.38,75.406,55.527,4,17,1
L:\Comic Archives\R\Singles\Roadkill du Jour (2013)\Roadkill du Jour (2013).cbz,125463878,new,239.039,23.276,171.862,38.716,4,14,1
L:\Comic Archives\R\Singles\Robbie Burn - Witch Hunter (2014)\Robbie Burns - Witch Hunter (2014).cbz,136763897,new,263.886,97.217,126.146,35.079,4,15,1
L:\Comic Archives\R\Singles\RoboCop Vs. The Terminator [2014]\RoboCop Vs. The Terminator (2014).cbz,292254069,new,239.113,48.142,149.303,36.759,4,12,1
L:\Comic Archives\R\Singles\Robot Clown Mob (2014)\Robot Clown Mob (2014).cbz,165771790,new,306.323,43.101,192.011,64.949,4,17,1
L:\Comic Archives\R\Singles\Robot Dreams (2007)\Robot Dreams (2007).cbz,75051821,new,148.466,55.35,56.561,31.961,4,13,1
L:\Comic Archives\R\Singles\Robotic Existentialism - The Art of Eric Joyner (2018)\Robotic Existentialism - The Art of Eric Joyner (2018).cbz,349061840,new,364.183,34.268,291.163,34.166,4,13,1
L:\Comic Archives\R\Singles\Roger Dean Artwork (1976)\Roger Dean Artwork.cbz,19417246,new,164.365,61.566,67.797,30.489,4,13,1
L:\Comic Archives\R\Singles\Rogue Planet (2021)\Rogue Planet (2021).cbz,141564050,new,194.253,29.679,136.367,23.41,4,13,1
L:\Comic Archives\R\Singles\Rogue Trooper - Blighty Valley #1 (2024)\Rogue Trooper - Blighty Valley #1 (2024).cbz,123354900,new,297.632,57.173,207.83,26.24,4,22,1
"L:\Comic Archives\R\Singles\Rolling Blackouts - Dispatches from Turkey, Syria, and Iraq (2017)\Rolling Blackouts - Dispatches from Turkey, Syria, and Iraq (2017).cbz",745587950,new,255.697,46.834,171.365,32.04,4,13,1
L:\Comic Archives\R\Singles\Rosa Parks [2022]\Rosa Parks (2022).cbz,179899335,new,189.171,37.656,114.996,31.383,4,14,1
L:\Comic Archives\R\Singles\Roughneck (2017)\Roughneck (2017).cbz,355126026,new,164.807,31.19,69.656,59.661,4,12,1
L:\Comic Archives\R\Singles\Rowans Ruin (2016)\Rowans Ruin (2016).cbz,197759258,new,255.763,17.169,197.187,37.214,4,12,1
L:\Comic Archives\R\Singles\Run Like Hell (2013)\Run Like Hell (2013).cbz,218673887,new,263.915,63.627,144.776,50.585,4,13,1
L:\Comic Archives\R\Singles\Run Wild (2018)\Run Wild (2018).cbz,297278614,new,289.008,94.285,154.158,36.239,4,12,1
L:\Comic Archives\R\Singles\The Race of the Century (Europe Comics 2023)\The Race of the Century (Europe Comics 2023).cbz,64318783,new,164.171,29.285,72.638,57.988,4,12,1
L:\Comic Archives\R\Singles\The Rattler (2016)\The Rattler (2016).cbz,223007254,new,214.844,30.722,127.362,51.691,4,14,1
L:\Comic Archives\R\Singles\The Reason for Dragons (2013)\The Reason for Dragons (2013).cbz,286587090,new,307.229,23.626,249.181,27.264,4,20,1
L:\Comic Archives\R\Singles\The Red Mother With Child (2020)\The Red Mother With Child (2020).cbz,260099012,new,221.534,49.72,134.252,33.226,4,12,1
L:\Comic Archives\R\Singles\The Red Shoes and Other Tales (2015)\The Red Shoes and Other Tales (2015).cbz,49439723,new,172.572,44.168,67.331,55.342,4,13,1
L:\Comic Archives\R\Singles\The Red Star Deluxe Edition v1 (2014)\The Red Star Deluxe Edition v1 (2014).cbz,334062451,new,181.578,42.181,115.243,18.515,4,16,1
L:\Comic Archives\R\Singles\The Remaining (2014)\The Remaining (2014).cbz,194102100,new,497.118,26.396,154.042,311.079,4,16,1
L:\Comic Archives\R\Singles\The Rest of Heaven Was Blue (2013)\The Rest of Heaven Was Blue (2013).cbz,112552503,new,300.631,67.371,140.878,86.455,4,14,1
L:\Comic Archives\R\Singles\The Ring Of The Nibelung (2014)\The Ring Of The Nibelung (2014).cbz,795934113,new,249.092,77.657,136.258,30.92,4,12,1
L:\Comic Archives\R\Singles\The Ring of the Seven Worlds (2013)\The Ring of the Seven Worlds (2013).cbz,112732057,new,140.386,31.661,58.495,44.192,4,17,1
L:\Comic Archives\R\Singles\The Road [2024]\The Road (2024).cbz,820398788,new,330.793,25.054,263.068,37.566,4,14,1
L:\Comic Archives\R\Singles\The Roadie (2023)\The Roadie (2023).cbz,242063479,new,250.442,38.252,167.991,39.229,4,13,1
"L:\Comic Archives\R\Singles\The Rock Gods of Jackson, Tennessee (2023)\The Rock Gods of Jackson, Tennessee (2023).cbz",334570399,new,253.701,24.645,193.853,30.886,4,12,1
L:\Comic Archives\R\Singles\The Ruby Equation (2015)\The Ruby Equation (2015).cbz,79564047,new,258.54,77.314,153.025,22.415,4,16,1
L:\Comic Archives\R\Singles\The Russian Detective (2024)\The Russian Detective (2024).cbz,33005124,new,189.463,38.828,108.216,37.705,4,13,1
L:\Comic Archives\S\Series\Saga [2012-2015]\Saga #1 (2012).cbz,342730716,new,328.994,30.721,261.063,32.128,4,13,1
L:\Comic Archives\S\Series\Saga [2012-2015]\Saga #2 (2012).cbz,149767910,new,239.006,62.563,139.444,30.035,4,12,1
L:\Comic Archives\S\Series\Saga [2012-2015]\Saga #3 (2012).cbz,149943669,new,198.942,22.139,144.152,28.385,4,12,1
L:\Comic Archives\S\Series\Saga [2012-2015]\Saga #4 (2012).cbz,153083669,new,214.448,27.626,127.131,54.498,4,12,1
L:\Comic Archives\S\Series\Saga [2012-2015]\Saga #5 (2012).cbz,234993645,new,214.247,17.654,157.948,34.376,4,12,1
"L:\Comic Archives\S\Series\Sapiens [2020-2021]\Sapiens - A Graphic History, Vol 1 - The Birth of Humankind (2020).cbz",126203161,new,140.317,30.994,77.481,25.635,4,17,1
"L:\Comic Archives\S\Series\Sapiens [2020-2021]\Sapiens - A Graphic History, Vol 2 - The Pillars of Civilization (2021).cbz",215768466,new,181.218,30.986,111.326,33.929,4,14,1
L:\Comic Archives\S\Series\Seven to Eternity [2017]\Seven to Eternity #1 (2017).cbz,230467058,new,280.922,18.685,217.203,40.215,4,13,1
L:\Comic Archives\S\Series\Seven to Eternity [2017]\Seven to Eternity #2 (2017).cbz,494182101,new,275.592,37.473,198.281,34.618,4,12,1
L:\Comic Archives\S\Series\Seven to Eternity [2017]\Seven to Eternity #3 (2017).cbz,200278050,new,241.514,70.894,143.552,22.163,4,12,1
L:\Comic Archives\S\Series\Seven to Eternity [2017]\Seven to Eternity #4 (2017).cbz,208438179,new,204.653,22.685,147.07,29.77,4,12,1
L:\Comic Archives\S\Series\Sex Criminals (2014)\Sex Criminals Vol.1 (2014).cbz,142885291,new,199.091,20.68,119.25,54.363,4,12,1
L:\Comic Archives\S\Series\Sex Criminals (2014)\Sex Criminals Vol.2 (2015).cbz,116958905,new,222.571,18.641,147.743,51.55,4,12,1
L:\Comic Archives\S\Series\Shaolin Cowboy [2004-2007]\Shaolin Cowboy 001.cbz,22405374,new,164.617,77.036,56.2,26.929,4,12,1
L:\Comic Archives\S\Series\Shaolin Cowboy [2004-2007]\Shaolin Cowboy 002.cbz,19436424,new,175.387,37.597,63.824,69.654,4,12,1
L:\Comic Archives\S\Series\Shaolin Cowboy [2004-2007]\Shaolin Cowboy 003.cbz,16156447,new,178.595,37.481,102.934,33.408,4,12,1
L:\Comic Archives\S\Series\Shaolin Cowboy [2004-2007]\Shaolin Cowboy 004.cbz,8881009,new,131.343,47.607,40.993,38.379,4,12,1
L:\Comic Archives\S\Series\Shaolin Cowboy [2004-2007]\Shaolin Cowboy 005.cbz,12855696,new,124.036,55.734,42.567,20.75,4,12,1
L:\Comic Archives\S\Series\Shaolin Cowboy [2004-2007]\Shaolin Cowboy 006.cbz,13040414,new,134.216,31.227,78.707,19.858,4,12,1
L:\Comic Archives\S\Series\Shaolin Cowboy [2004-2007]\Shaolin Cowboy 007.cbz,12470646,new,134.895,42.123,50.853,37.506,4,12,1
L:\Comic Archives\S\Series\Silent Hill [2004-2014]\Silent Hill - Dead Or Alive [2006]\Silent Hill - Dead or Alive #1 (2006).cbz,5972327,new,138.281,38.679,42.713,52.323,4,13,1
L:\Comic Archives\S\Series\Silent Hill [2004-2014]\Silent Hill - Dead Or Alive [2006]\Silent Hill - Dead or Alive #2 (2006).cbz,12776800,new,145.666,39.481,61.656,40.168,4,12,1
L:\Comic Archives\S\Series\Silent Hill [2004-2014]\Silent Hill - Dead Or Alive [2006]\Silent Hill - Dead or Alive #3 (2006).cbz,12025298,new,124.793,32.272,51.919,36.325,4,12,1
L:\Comic Archives\S\Series\Silent Hill [2004-2014]\Silent Hill - Dead Or Alive [2006]\Silent Hill - Dead or Alive #4 (2006).cbz,11890693,new,141.104,43.625,54.229,38.886,4,12,1
L:\Comic Archives\S\Series\Silent Hill [2004-2014]\Silent Hill - Dead Or Alive [2006]\Silent Hill - Dead or Alive #5 (2006).cbz,12764257,new,132.905,38.938,44.117,44.865,4,12,1
L:\Comic Archives\S\Series\Silent Hill [2004-2014]\Silent Hill - Downpour [2014]\Silent Hill - Downpour - Anne's Story #1 (2014).cbz,24000796,new,262.586,42.181,173.643,41.876,4,12,1
L:\Comic Archives\S\Series\Silent Hill [2004-2014]\Silent Hill - Downpour [2014]\Silent Hill - Downpour - Anne's Story #2 (2014).cbz,32995404,new,230.856,26.962,156.845,42.592,4,12,1
L:\Comic Archives\S\Series\Silent Hill [2004-2014]\Silent Hill - Downpour [2014]\Silent Hill - Downpour - Anne's Story #3 (2014).cbz,18345104,new,197.372,34.178,136.787,21.973,4,12,1
L:\Comic Archives\S\Series\Silent Hill [2004-2014]\Silent Hill - Downpour [2014]\Silent Hill - Downpour - Anne's Story #4 (2014).cbz,18833965,new,212.463,36.357,148.094,23.74,4,12,1
L:\Comic Archives\S\Series\Silent Hill [2004-2014]\Silent Hill - Dying Inside [2004]\Silent Hill - Dying Inside #1 (2004).cbz,10103846,new,150.255,37.089,62.357,45.769,4,12,1
L:\Comic Archives\S\Series\Silent Hill [2004-2014]\Silent Hill - Dying Inside [2004]\Silent Hill - Dying Inside #2 (2004).cbz,11440888,new,105.859,35.888,38.273,27.218,4,12,1
L:\Comic Archives\S\Series\Silent Hill [2004-2014]\Silent Hill - Dying Inside [2004]\Silent Hill - Dying Inside #3 (2004).cbz,10551753,new,114.937,35.717,43.28,31.729,4,12,1
L:\Comic Archives\S\Series\Silent Hill [2004-2014]\Silent Hill - Dying Inside [2004]\Silent Hill - Dying Inside #4 (2004).cbz,9462317,new,123.146,36.661,56.918,25.029,4,12,1
L:\Comic Archives\S\Series\Silent Hill [2004-2014]\Silent Hill - Dying Inside [2004]\Silent Hill - Dying Inside #5 (2004).cbz,8433917,new,113.13,39.978,43.091,25.758,4,12,1
L:\Comic Archives\S\Series\Silent Hill [2004-2014]\Silent Hill - Past Life [2010]\Silent Hill - Past Life #1 (2010).cbz,10325377,new,156.339,32.988,56.581,62.474,4,12,1
L:\Comic Archives\S\Series\Silent Hill [2004-2014]\Silent Hill - Past Life [2010]\Silent Hill - Past Life #2 (2010).cbz,10251514,new,361.265,32.542,69.196,255.226,4,12,1
L:\Comic Archives\S\Series\Silent Hill [2004-2014]\Silent Hill - Past Life [2010]\Silent Hill - Past Life #3 (2010).cbz,10314237,new,209.819,57.777,56.853,90.447,4,12,1
L:\Comic Archives\S\Series\Silent Hill [2004-2014]\Silent Hill - Past Life [2010]\Silent Hill - Past Life #4 (2010).cbz,18110036,new,156.352,34.884,74.388,42.751,4,12,1
L:\Comic Archives\S\Series\Silent Hill [2004-2014]\Silent Hill - Sinners Reward [2008]\Silent Hill - Sinner's Reward #1 (2008).cbz,9880540,new,148.026,42.392,57.503,43.317,4,13,1
L:\Comic Archives\S\Series\Silent Hill [2004-2014]\Silent Hill - Sinners Reward [2008]\Silent Hill - Sinner's Reward #2 (2008).cbz,9522909,new,137.574,46.227,64.469,22.637,4,12,1
L:\Comic Archives\S\Series\Silent Hill [2004-2014]\Silent Hill - Sinners Reward [2008]\Silent Hill - Sinner's Reward #3 (2008).cbz,16811534,new,139.824,43.21,57.888,33.778,4,12,1
L:\Comic Archives\S\Series\Sin City [2010]\Sin City - Vol #1 (2010).cbz,61231868,new,121.762,49.748,39.284,28.513,4,12,1
L:\Comic Archives\S\Series\Sin City [2010]\Sin City - Vol #2 (2010).cbz,64404980,new,125.966,29.435,40.854,50.638,4,12,1
L:\Comic Archives\S\Series\Sin City [2010]\Sin City - Vol #3 (2010).cbz,55985897,new,105.304,20.929,40.506,39.506,4,12,1
L:\Comic Archives\S\Series\Sin City [2010]\Sin City - Vol #4 (2010).cbz,58755570,new,104.47,24.031,38.543,37.333,4,12,1
L:\Comic Archives\S\Series\Sin City [2010]\Sin City - Vol #5 (2010).cbz,49047786,new,105.73,28.648,35.841,37.008,4,12,1
L:\Comic Archives\S\Series\Sin City [2010]\Sin City - Vol #6 (2010).cbz,57273258,new,90.164,19.22,35.952,30.708,4,12,1
L:\Comic Archives\S\Series\Sin City [2010]\Sin City - Vol #7 (2010).cbz,115666743,new,107.939,29.131,35.721,38.818,4,12,1
L:\Comic Archives\S\Series\Sleeper [2003-2005]\Sleeper Vol 1\Sleeper - Vol 1 #1 (2003).cbz,6135089,new,132.823,45.801,39.329,43.458,4,12,1
L:\Comic Archives\S\Series\Sleeper [2003-2005]\Sleeper Vol 1\Sleeper - Vol 1 #10 (2003).cbz,10900150,new,122.447,40.63,44.266,33.287,4,12,1
L:\Comic Archives\S\Series\Sleeper [2003-2005]\Sleeper Vol 1\Sleeper - Vol 1 #11 (2003).cbz,8627661,new,148.273,38.067,53.672,52.306,4,12,1
L:\Comic Archives\S\Series\Sleeper [2003-2005]\Sleeper Vol 1\Sleeper - Vol 1 #12 (2003).cbz,8068690,new,123.936,32.0,58.605,29.119,4,12,1
L:\Comic Archives\S\Series\Sleeper [2003-2005]\Sleeper Vol 1\Sleeper - Vol 1 #2 (2003).cbz,7428189,new,113.502,32.299,44.51,32.398,4,12,1
L:\Comic Archives\S\Series\Sleeper [2003-2005]\Sleeper Vol 1\Sleeper - Vol 1 #3 (2003).cbz,6966710,new,107.917,33.521,35.216,34.967,4,12,1
L:\Comic Archives\S\Series\Sleeper [2003-2005]\Sleeper Vol 1\Sleeper - Vol 1 #4 (2003).cbz,5520246,new,113.582,39.312,42.102,27.345,4,12,1
L:\Comic Archives\S\Series\Sleeper [2003-2005]\Sleeper Vol 1\Sleeper - Vol 1 #5 (2003).cbz,7307397,new,130.53,42.21,42.61,41.412,4,12,1
L:\Comic Archives\S\Series\Sleeper [2003-2005]\Sleeper Vol 1\Sleeper - Vol 1 #6 (2003).cbz,7932701,new,113.396,26.003,57.081,26.082,4,12,1
L:\Comic Archives\S\Series\Sleeper [2003-2005]\Sleeper Vol 1\Sleeper - Vol 1 #7 (2003).cbz,7531850,new,114.19,43.974,37.017,28.957,4,12,1
L:\Comic Archives\S\Series\Sleeper [2003-2005]\Sleeper Vol 1\Sleeper - Vol 1 #8 (2003).cbz,5529986,new,114.926,44.736,35.517,30.327,4,12,1
L:\Comic Archives\S\Series\Sleeper [2003-2005]\Sleeper Vol 1\Sleeper - Vol 1 #9 (2003).cbz,7636622,new,163.798,45.094,43.132,71.35,4,12,1
L:\Comic Archives\S\Series\Sleeper [2003-2005]\Sleeper Vol 2\Sleeper - Vol 2 #1 (2003).cbz,7886197,new,124.713,34.248,55.835,30.025,4,12,1
L:\Comic Archives\S\Series\Sleeper [2003-2005]\Sleeper Vol 2\Sleeper - Vol 2 #10 (2003).cbz,9926866,new,130.207,35.887,58.056,31.839,4,12,1
L:\Comic Archives\S\Series\Sleeper [2003-2005]\Sleeper Vol 2\Sleeper - Vol 2 #11 (2003).cbz,10420106,new,165.72,36.03,70.222,55.19,4,12,1
L:\Comic Archives\S\Series\Sleeper [2003-2005]\Sleeper Vol 2\Sleeper - Vol 2 #12 (2003).cbz,9228874,new,105.724,30.781,45.161,25.595,4,12,1
L:\Comic Archives\S\Series\Sleeper [2003-2005]\Sleeper Vol 2\Sleeper - Vol 2 #2 (2003).cbz,10129282,new,123.736,43.116,50.417,25.806,4,12,1
L:\Comic Archives\S\Series\Sleeper [2003-2005]\Sleeper Vol 2\Sleeper - Vol 2 #3 (2003).cbz,8147923,new,115.718,44.664,41.356,25.464,4,12,1
L:\Comic Archives\S\Series\Sleeper [2003-2005]\Sleeper Vol 2\Sleeper - Vol 2 #4 (2003).cbz,7996418,new,123.461,37.866,42.579,37.699,4,12,1
L:\Comic Archives\S\Series\Sleeper [2003-2005]\Sleeper Vol 2\Sleeper - Vol 2 #5 (2003).cbz,7347941,new,122.817,33.635,42.498,42.315,4,12,1
L:\Comic Archives\S\Series\Sleeper [2003-2005]\Sleeper Vol 2\Sleeper - Vol 2 #6 (2003).cbz,7179690,new,125.43,36.433,42.222,42.16,4,12,1
L:\Comic Archives\S\Series\Sleeper [2003-2005]\Sleeper Vol 2\Sleeper - Vol 2 #7 (2003).cbz,6906214,new,140.683,40.464,57.681,38.268,4,12,1
L:\Comic Archives\S\Series\Sleeper [2003-2005]\Sleeper Vol 2\Sleeper - Vol 2 #8 (2003).cbz,6472921,new,113.287,29.047,51.711,28.311,4,12,1
L:\Comic Archives\S\Series\Sleeper [2003-2005]\Sleeper Vol 2\Sleeper - Vol 2 #9 (2003).cbz,9185648,new,140.549,37.187,61.589,37.222,4,12,1
L:\Comic Archives\S\Series\Smoke City (2007-2010)\Smoke City #1 (2007).cbz,89802807,new,219.799,37.366,148.807,28.422,4,13,1
L:\Comic Archives\S\Series\Smoke City (2007-2010)\Smoke City #2 (2010).cbz,88306783,new,224.285,23.908,154.934,41.143,4,12,1
L:\Comic Archives\S\Series\Southern Bastards [2014-2018]\Southern Bastards #1 (2014).cbz,269904648,new,263.9,23.219,206.637,28.039,4,16,1
L:\Comic Archives\S\Series\Southern Bastards [2014-2018]\Southern Bastards #2 (2014).cbz,207593893,new,374.449,80.63,262.447,26.768,4,14,1
L:\Comic Archives\S\Series\Southern Bastards [2014-2018]\Southern Bastards #3 (2014).cbz,291725232,new,354.947,59.365,262.768,27.941,4,14,1
L:\Comic Archives\S\Series\Southern Bastards [2014-2018]\Southern Bastards #4 (2014).cbz,273361652,new,269.383,66.346,165.842,32.45,4,14,1
L:\Comic Archives\S\Series\Starseeds (2017)\Starseeds #1 (2017).cbz,481958800,new,181.164,21.242,123.603,31.435,4,13,1
L:\Comic Archives\S\Series\Starseeds (2017)\Starseeds #2 (2017).cbz,431806933,new,174.236,29.786,111.809,28.346,4,12,1
L:\Comic Archives\S\Series\Starseeds (2017)\Starseeds #3 (2017).cbz,1889778500,new,658.237,24.902,338.404,290.563,4,12,1
L:\Comic Archives\S\Series\Stranger Things [2018]\Stranger Things #1 (2018).cbz,44552950,new,275.719,38.309,151.203,80.924,4,13,1
L:\Comic Archives\S\Series\Stranger Things [2018]\Stranger Things #2 (2018).cbz,44298796,new,264.244,69.811,154.068,35.928,4,12,1
L:\Comic Archives\S\Series\Stranger Things [2018]\Stranger Things #3 (2018).cbz,46017823,new,244.741,25.816,152.051,62.448,4,12,1
L:\Comic Archives\S\Series\Stranger Things [2018]\Stranger Things #4 (2018).cbz,42984970,new,258.456,82.745,139.603,31.684,4,12,1
L:\Comic Archives\S\Series\Sweet Tooth [2015-2016]\Sweet Tooth - Vol #1 (2015).cbz,319408383,new,318.873,35.01,248.788,30.792,4,12,1
L:\Comic Archives\S\Series\Sweet Tooth [2015-2016]\Sweet Tooth - Vol #2 (2015).cbz,378130668,new,304.096,41.672,231.77,26.203,4,12,1
L:\Comic Archives\S\Series\Sweet Tooth [2015-2016]\Sweet Tooth - Vol #3 (2015).cbz,491962568,new,321.996,43.916,245.529,28.271,4,12,1
L:\Comic Archives\S\Series\Synthetics (2025)\Synthetics #1 (2025).cbz,54227647,new,354.228,67.728,246.029,35.669,4,13,1
L:\Comic Archives\S\Series\Synthetics (2025)\Synthetics #2 (2025).cbz,129025870,new,523.821,70.377,416.507,32.235,4,12,1
L:\Comic Archives\S\Series\Synthetics (2025)\Synthetics #3 (2026).cbz,99424975,new,492.34,52.715,403.197,31.981,4,12,1
L:\Comic Archives\S\Series\Synthetics (2025)\Synthetics #4 (2026).cbz,92012938,new,554.201,73.045,447.451,29.366,4,12,1
L:\Comic Archives\S\Series\The Sandman [2018-2019]\The Sandman  - Vol #1 (2018).cbz,332515309,new,255.652,63.466,143.067,43.581,4,15,1
L:\Comic Archives\S\Series\The Sandman [2018-2019]\The Sandman  - Vol #10 (2018).cbz,280943955,new,198.173,25.299,143.243,24.842,4,14,1
L:\Comic Archives\S\Series\The Sandman [2018-2019]\The Sandman  - Vol #11 (2018).cbz,198889797,new,206.484,21.817,150.095,29.898,4,14,1
L:\Comic Archives\S\Series\The Sandman [2018-2019]\The Sandman  - Vol #2 (2018).cbz,275574799,new,223.011,29.072,156.0,32.942,4,14,1
L:\Comic Archives\S\Series\The Sandman [2018-2019]\The Sandman  - Vol #3 (2018).cbz,184377214,new,206.421,20.069,143.765,37.871,4,14,1
L:\Comic Archives\S\Series\The Sandman [2018-2019]\The Sandman  - Vol #4 (2018).cbz,228745018,new,214.882,26.953,142.487,40.76,4,14,1
L:\Comic Archives\S\Series\The Sandman [2018-2019]\The Sandman  - Vol #5 (2018).cbz,213870353,new,193.642,23.184,135.693,29.866,4,14,1
L:\Comic Archives\S\Series\The Sandman [2018-2019]\The Sandman  - Vol #6 (2018).cbz,347780985,new,204.1,28.667,148.709,21.742,4,14,1
L:\Comic Archives\S\Series\The Sandman [2018-2019]\The Sandman  - Vol #7 (2018).cbz,352271509,new,189.833,21.499,139.785,23.831,4,14,1
L:\Comic Archives\S\Series\The Sandman [2018-2019]\The Sandman  - Vol #8 (2018).cbz,251971375,new,201.884,21.648,144.732,30.649,4,14,1
L:\Comic Archives\S\Series\The Sandman [2018-2019]\The Sandman  - Vol #9 (2018).cbz,454250468,new,197.906,26.207,134.906,32.143,4,14,1
L:\Comic Archives\S\Series\The Strain [2012-2014]\The Strain - Vol #1 (2012).cbz,173563324,new,203.452,19.646,148.681,29.822,4,15,1
L:\Comic Archives\S\Series\The Strain [2012-2014]\The Strain - Vol #2 (2012).cbz,187066949,new,231.208,32.31,164.014,30.06,4,14,1
L:\Comic Archives\S\Series\The Strain [2012-2014]\The Strain - Vol #3 (2012).cbz,200511595,new,247.939,21.067,188.792,33.34,4,14,1
L:\Comic Archives\S\Series\The Strain [2012-2014]\The Strain - Vol #4 (2012).cbz,180267410,new,289.141,87.817,169.48,27.199,4,14,1
L:\Comic Archives\S\Series\The Surrogates (2005-2009)\The Surrogates - Vol #1 (2006).cbz,81161864,new,123.598,28.086,46.13,42.863,4,13,1
L:\Comic Archives\S\Series\The Surrogates (2005-2009)\The Surrogates - Vol #2 (2006).cbz,47157198,new,106.937,26.752,45.451,30.367,4,12,1
L:\Comic Archives\S\Singles\A Sailor's Story (2015)\A Sailor's Story (2015).cbz,334935131,new,363.02,39.641,282.382,29.487,4,13,1
L:\Comic Archives\S\Singles\A Small Killing [1991]\A Small Killing (1991).cbz,29709410,new,149.044,60.978,48.256,34.982,4,13,1
L:\Comic Archives\S\Singles\SAFE (2014)\SAFE (2014).cbz,76800851,new,216.293,17.036,159.001,34.023,4,16,1
L:\Comic Archives\S\Singles\SNARL (2015)\SNARL (2015).cbz,47436164,new,248.234,48.405,169.802,24.999,4,14,1
L:\Comic Archives\S\Singles\Safely Endangered Comics (2019)\Safely Endangered Comics (2019).cbz,53156165,new,197.929,77.196,95.343,20.665,4,13,1
L:\Comic Archives\S\Singles\Salamandre (2022)\Salamandre (2022).cbz,210719859,new,222.42,26.903,154.465,36.814,4,12,1
L:\Comic Archives\S\Singles\Sam and Twitch - The Writer (2010)\Sam and Twitch - The Writer (2010).cbz,159011163,new,206.715,23.827,144.544,31.992,4,14,1
L:\Comic Archives\S\Singles\Samurai - Legend (2009)\Samurai - Legend (2009).cbz,209257025,new,166.312,27.822,91.003,41.453,4,18,1
L:\Comic Archives\S\Singles\Samurai Doggy (2022)\Samurai Doggy (2022).cbz,87730184,new,213.38,22.712,158.663,26.686,4,14,1
L:\Comic Archives\S\Singles\Samurai Grandpa (2020)\Samurai Grandpa (2020).cbz,358195701,new,250.243,24.713,185.268,34.724,4,14,1
L:\Comic Archives\S\Singles\Sap Hunters (2023)\Sap Hunters (2023).cbz,178830530,new,253.172,86.237,119.735,41.658,4,16,1
L:\Comic Archives\S\Singles\Sapiens Imperium (2021)\Sapiens Imperium (2021).cbz,177098837,new,181.561,24.787,119.325,30.968,4,14,1
L:\Comic Archives\S\Singles\Sartre (2017)\Sartre (2017).cbz,404021014,new,232.66,25.12,176.59,25.716,4,14,1
L:\Comic Archives\S\Singles\Satania (2017)\Satania (2017).cbz,839004317,new,553.036,85.488,414.972,48.307,4,12,1
L:\Comic Archives\S\Singles\Satanic Hell (2016)\Satanic Hell (2016).cbz,346327430,new,555.433,49.044,168.823,331.506,4,17,1
L:\Comic Archives\S\Singles\Satellite Falling (2018)\Satellite Falling (2018).cbz,371564389,new,343.413,47.531,237.409,53.523,4,15,1
L:\Comic Archives\S\Singles\Savage Town (2017)\Savage Town (2017).cbz,295570601,new,333.215,106.555,188.262,33.512,4,13,1
L:\Comic Archives\S\Singles\Saving Human Being (2011)\Saving Human Being (2011).cbz,61098203,new,202.002,52.446,114.84,29.499,4,13,1
L:\Comic Archives\S\Singles\Scarenthood (2021)\Scarenthood (2021).cbz,128725740,new,184.107,27.76,119.821,32.13,4,12,1
L:\Comic Archives\S\Singles\Science - A Discovery in Comics (2013)\Science - A Discovery in Comics (2013).cbz,156489530,new,123.458,50.499,32.297,36.446,4,12,1
L:\Comic Archives\S\Singles\Scream! & Misty Halloween Special (2018)\Scream! & Misty Halloween Special (2018).cbz,75686980,new,181.393,20.13,125.784,29.342,4,19,1
L:\Comic Archives\S\Singles\Screamland - Death of the Party (2011)\Screamland - Death of the Party (2011).cbz,105303845,new,131.891,20.326,61.733,42.991,4,18,1
L:\Comic Archives\S\Singles\Sea of Sorrows (2022)\Sea of Sorrows (2022).cbz,126581042,new,165.34,26.652,107.342,27.057,4,12,1
L:\Comic Archives\S\Singles\Sean Lewis & Benjamin Mackey - Saints - The Book of Blaise (2016)\Sean Lewis & Benjamin Mackey - Saints - The Book of Blaise (2016).cbz,332576694,new,379.854,24.898,301.417,48.535,4,13,1
L:\Comic Archives\S\Singles\Sengi and Tembo\Sengi and Tembo.cbz,185026135,new,112.523,25.69,59.298,23.029,4,13,1
"L:\Comic Archives\S\Singles\Sergio Bleda - Sleep, Little Girl (2019)\Sergio Bleda - Sleep, Little Girl (2019).cbz",60898458,new,208.36,26.871,119.533,56.98,4,13,1
L:\Comic Archives\S\Singles\Seven Cannibals (2016)\Seven Cannibals (2016).cbz,117154198,new,185.259,22.329,139.191,19.455,4,12,1
L:\Comic Archives\S\Singles\Seven survivors (2012)\Seven survivors (2012).cbz,70235776,new,168.23,18.619,117.506,27.278,4,13,1
L:\Comic Archives\S\Singles\Severed (2012)\Severed (2012).cbz,171072156,new,109.206,22.608,56.274,24.555,4,16,1
L:\Comic Archives\S\Singles\Sex and Violence (2013)\Sex and Violence (2013).cbz,85860523,new,191.586,22.043,130.084,34.44,4,16,1
"L:\Comic Archives\S\Singles\Sex, Rock & Optical Illusions (2006, 2017)\Sex, Rock & Optical Illusions (2006, 2017).cbz",301109593,new,340.881,25.205,279.411,31.6,4,13,1
L:\Comic Archives\S\Singles\Shades of Fear (2022)\Shades of Fear (2022).cbz,234591656,new,206.573,39.186,122.852,37.545,4,19,1
L:\Comic Archives\S\Singles\Shadow Show - Stories In Celebration of Ray Bradbury (2015)\Shadow Show - Stories In Celebration of Ray Bradbury (2015).cbz,168698954,new,263.959,23.064,185.67,47.286,4,20,1
L:\Comic Archives\S\Singles\Shakara [Complete Collection] [2025]\Shakara [Complete Collection] (2025).cbz,475705130,new,257.17,70.45,145.435,37.004,4,12,1
L:\Comic Archives\S\Singles\Shifting Earth (2022)\Shifting Earth (2022).cbz,178363271,new,204.219,38.63,129.573,31.448,4,13,1
L:\Comic Archives\S\Singles\Shockrockets (2010)\Shockrockets (2010).cbz,332584225,new,224.183,28.239,149.78,41.819,4,12,1
L:\Comic Archives\S\Singles\Show Me The Map To Your Heart And Other Stories (2014)\Show Me The Map To Your Heart And Other Stories (2014).cbz,51847122,new,196.236,48.402,103.844,38.863,4,16,1
L:\Comic Archives\S\Singles\Silence - Wall of Sound Edition (2018)\Silence - Wall of Sound Edition (2018).cbz,162982241,new,261.908,33.222,204.517,19.565,4,13,1
L:\Comic Archives\S\Singles\Silent Hill - Among The Damned (2004)\Silent Hill - Among The Damned (2004).cbz,15487652,new,208.102,89.254,90.798,23.801,4,12,1
L:\Comic Archives\S\Singles\Silent Hill - Paint it Black (2005)\Silent Hill - Paint it Black (2005).cbz,17102672,new,164.074,39.174,100.946,19.578,4,12,1
L:\Comic Archives\S\Singles\Silent Hill - The Grinning Man (2005)\Silent Hill - The Grinning Man (2005).cbz,17265632,new,167.456,46.115,91.64,25.418,4,12,1
L:\Comic Archives\S\Singles\Silk Hills (2022)\Silk Hills (2022).cbz,424351706,new,239.286,38.175,166.585,28.678,4,15,1
L:\Comic Archives\S\Singles\Silverwing (2023)\Silverwing (2023).cbz,250476770,new,223.3,32.464,140.45,45.156,4,14,1
L:\Comic Archives\S\Singles\Sing No Evil (2014)\Sing No Evil (2014).cbz,311991684,new,214.491,22.505,161.109,25.331,4,14,1
L:\Comic Archives\S\Singles\Six (2014)\Six (2014).cbz,91571365,new,216.088,25.395,155.862,29.181,4,16,1
L:\Comic Archives\S\Singles\Skin (1992)\Skin (1992).cbz,47843641,new,100.3,25.938,40.359,29.712,4,12,1
L:\Comic Archives\S\Singles\Slava - After the Fall (2023)\Slava - After the Fall (2023).cbz,68334446,new,156.377,22.831,74.24,54.134,4,13,1
L:\Comic Archives\S\Singles\Sleigher - The Heavy Metal Santa Claus (2016)\Sleigher - The Heavy Metal Santa Claus (2016).cbz,191195215,new,330.069,24.25,248.099,52.094,4,13,1
L:\Comic Archives\S\Singles\Slow Storm (2008)\Slow Storm (2008).cbz,122848808,new,131.429,40.359,58.323,28.241,4,13,1
L:\Comic Archives\S\Singles\Small Favors (2017)\Small Favors (2017).cbz,289863475,new,207.045,21.112,161.622,19.541,4,14,1
L:\Comic Archives\S\Singles\Smut Peddler (2012) (ADULT)\Smut Peddler (2012) (ADULT).cbz,136533486,new,173.213,40.904,82.231,45.588,4,12,1
L:\Comic Archives\S\Singles\Snow Blind (2017)\Snow Blind (2017).cbz,213104776,new,338.814,32.376,271.301,30.591,4,13,1
L:\Comic Archives\S\Singles\So...I Survived the Zombie Apocalypse and All I Got Was This Podcast (2013)\So...I Survived the Zombie Apocalypse and All I Got Was This Podcast (2013).cbz,149027558,new,239.489,35.354,168.034,28.497,4,20,1
L:\Comic Archives\S\Singles\Soggy Landing (2023)\Soggy Landing (2023).cbz,119726388,new,154.673,28.42,74.725,46.071,4,16,1
L:\Comic Archives\S\Singles\Sombra (2017)\Sombra (2017).cbz,383542725,new,300.201,27.923,215.717,51.679,4,13,1
L:\Comic Archives\S\Singles\Something at the Window Is Scratching (2015)\Something at the Window Is Scratching (2015).cbz,103662408,new,234.668,36.378,164.44,29.57,4,12,1
L:\Comic Archives\S\Singles\Somna (2024)\Somna (2024).cbz,230456160,new,239.053,21.485,172.664,39.782,4,16,1
L:\Comic Archives\S\Singles\Sons of the Devil Vol.1 [2015]\Sons of the Devil Vol.1 (2015).cbz,248217151,new,600.955,58.687,210.733,326.586,4,13,1
L:\Comic Archives\S\Singles\Space Bandits [2020]\Space Bandits (2020).cbz,261272570,new,242.475,54.158,131.611,52.208,4,12,1
L:\Comic Archives\S\Singles\Space Dragon (2018)\Space Dragon (2018).cbz,89055983,new,170.885,21.885,120.432,23.514,4,14,1
L:\Comic Archives\S\Singles\Space Job (2023)\Space Job (2023).cbz,121444343,new,206.015,24.966,125.791,50.071,4,14,1
L:\Comic Archives\S\Singles\Spectators (2025)\Spectators (2025).cbz,354218435,new,180.797,31.849,96.105,48.334,4,12,1
L:\Comic Archives\S\Singles\Spectro (2022)\Spectro (2022).cbz,65733010,new,404.539,23.719,316.044,60.565,4,12,1
L:\Comic Archives\S\Singles\Speed Bump - A 25th Anniversary Collection [2020]\Speed Bump - A 25th Anniversary Collection (2020).cbz,181938939,new,247.349,46.843,157.487,38.304,4,13,1
L:\Comic Archives\S\Singles\Spill Zone v01 (2017)\Spill Zone v01 (2017).cbz,353861268,new,328.757,89.899,199.364,34.259,4,14,1
L:\Comic Archives\S\Singles\Spill Zone v02 - The Broken Vow (2018)\Spill Zone v02 - The Broken Vow (2018).cbz,189419495,new,172.817,38.429,99.104,30.965,4,12,1
L:\Comic Archives\S\Singles\Springtime in Chernobyl (2019)\Springtime in Chernobyl (2019).cbz,367490319,new,288.671,26.662,194.159,63.564,4,12,1
L:\Comic Archives\S\Singles\Stages of Rot (2019)\Stages of Rot (2019).cbz,92397770,new,208.896,29.444,103.07,71.818,4,13,1
L:\Comic Archives\S\Singles\Stained (2017)\Stained (2017).cbz,258132732,new,262.297,22.087,196.866,38.183,4,14,1
L:\Comic Archives\S\Singles\Standstill (2025)\Standstill (2025).cbz,881476526,new,396.284,57.625,291.83,42.513,4,12,1
L:\Comic Archives\S\Singles\Star Trek - Lower Decks - Warp Your Own Way [2024]\Star Trek - Lower Decks - Warp Your Own Way (2024).cbz,167725360,new,266.429,116.002,103.672,41.652,4,14,1
L:\Comic Archives\S\Singles\Star Wars - Darth Vader and the Ghost Prison (2013)\Star Wars - Darth Vader and the Ghost Prison (2013).cbz,61180380,new,170.494,29.9,112.143,23.402,4,14,1
L:\Comic Archives\S\Singles\Star Wars - The Original Trilogy - A Graphic Novel (2016)\Star Wars - The Original Trilogy - A Graphic Novel (2016).cbz,312775004,new,288.699,39.787,184.363,58.945,4,16,1
L:\Comic Archives\S\Singles\Star Wars Omnibus - Boba Fett (2010)\Star Wars Omnibus - Boba Fett (2010).cbz,240851860,new,121.99,39.366,49.638,26.8,4,18,1
L:\Comic Archives\S\Singles\Static (2021)\Static (2021).cbz,230986532,new,268.823,22.503,218.142,22.859,4,14,1
L:\Comic Archives\S\Singles\Steed and Mrs. Peel - The Golden Game [2012]\Steed and Mrs. Peel - The Golden Game (2012).cbz,547516898,new,254.253,38.21,182.683,27.343,4,16,1
L:\Comic Archives\S\Singles\Step by Bloody Step - A Wordless Fantasy (2022)\Step by Bloody Step - A Wordless Fantasy (2022).cbz,322828583,new,284.884,59.609,197.725,22.667,4,13,1
L:\Comic Archives\S\Singles\Stone Island (2008)\Stone Island (2008).cbz,81733230,new,157.229,55.874,62.967,33.767,4,12,1
L:\Comic Archives\S\Singles\Strange Adventures (2022)\Strange Adventures (2022).cbz,1448801677,new,454.407,34.451,370.802,43.221,4,16,1
L:\Comic Archives\S\Singles\Strange Attractors (2017)\Strange Attractors (2017).cbz,300989797,new,247.393,42.795,165.744,33.344,4,15,1
L:\Comic Archives\S\Singles\Strange Skies Over East Berlin (2020)\Strange Skies Over East Berlin (2020).cbz,411887086,new,224.277,26.652,161.162,31.704,4,13,1
L:\Comic Archives\S\Singles\Stranger Things - Halloween Special (2020)\Stranger Things - Halloween Special (2020).cbz,43683739,new,314.275,57.042,214.084,38.565,4,13,1
L:\Comic Archives\S\Singles\Stranger Things - Zombie Boys (2020)\Stranger Things - Zombie Boys (2020).cbz,96772105,new,303.912,101.296,169.614,28.486,4,13,1
L:\Comic Archives\S\Singles\Stray Dogs (2021)\Stray Dogs (2021).cbz,172697486,new,206.192,30.337,132.479,38.629,4,13,1
L:\Comic Archives\S\Singles\Striped Pajamas (2019)\Striped Pajamas (2019).cbz,100437976,new,182.141,19.626,124.034,34.066,4,12,1
L:\Comic Archives\S\Singles\Stuff of Nightmares - The Monster Makers (2023) (digital) (DrVink)\Stuff of Nightmares - The Monster Makers (2023) (digital) (DrVink).cbz,132857055,new,214.571,26.573,132.822,50.104,4,13,1
L:\Comic Archives\S\Singles\Succombe Qui Doit (2014)\Succombe Qui Doit (2014).cbz,89540647,new,223.057,24.241,144.04,49.581,4,14,1
L:\Comic Archives\S\Singles\Sun (2018)\Sun (2018).cbz,80595105,new,175.807,11.199,123.032,36.536,4,13,1
L:\Comic Archives\S\Singles\Sun Bakery (2017)\Sun Bakery (2017).cbz,501355359,new,231.755,27.959,158.737,40.237,4,13,1
L:\Comic Archives\S\Singles\Sun Tzu's The Art of War - A Graphic Novel (2018)\Sun Tzu's The Art of War - A Graphic Novel (2018).cbz,58665501,new,147.831,25.139,78.72,38.413,4,16,1
L:\Comic Archives\S\Singles\Sunflower (2016)\Sunflower (2016).cbz,221219299,new,265.38,19.536,202.876,37.545,4,15,1
L:\Comic Archives\S\Singles\Sunglasses After Dark (2014)\Sunglasses After Dark (2014).cbz,310206051,new,303.403,33.804,235.799,28.775,4,13,1
L:\Comic Archives\S\Singles\Sunshine State (2013)\Sunshine State (2013).cbz,104615576,new,231.31,34.973,168.428,21.801,4,16,1
L:\Comic Archives\S\Singles\Supermarket - Cash Money Edition [2009]\Supermarket - Cash Money Edition (2009).cbz,145879377,new,231.498,23.746,165.46,37.619,4,14,1
L:\Comic Archives\S\Singles\Survival Street (2023)\Survival Street (2023).cbz,278259465,new,281.103,27.155,189.394,58.885,4,15,1
L:\Comic Archives\S\Singles\Sykes (2017)\Sykes (2017).cbz,69407213,new,220.532,52.103,113.218,49.158,4,18,1
L:\Comic Archives\S\Singles\The Sacred Damned  [2024]\The Sacred Damned (2024).cbz,126103985,new,230.811,14.912,183.243,29.811,4,7,1
L:\Comic Archives\S\Singles\The Scumbag - Deluxe Edition (2023)\The Scumbag - Deluxe Edition (2023).cbz,982569761,new,205.295,40.288,121.601,25.129,4,63,1
L:\Comic Archives\S\Singles\The Seasons Have Teeth (2023)\The Seasons Have Teeth (2023).cbz,610911872,new,405.378,34.248,297.273,69.059,4,13,1
L:\Comic Archives\S\Singles\The Secret (2007)\The Secret (2007).cbz,192949295,new,239.044,40.612,148.016,46.106,4,12,1
L:\Comic Archives\S\Singles\The Secret History of the War on Weed (2022)\The Secret History of the War on Weed (2022).cbz,87011612,new,538.725,15.787,242.958,275.277,4,14,1
L:\Comic Archives\S\Singles\The Secret of Coimbra\The Secret of Coimbra.cbz,158349555,new,288.943,33.848,180.921,69.28,4,13,1
L:\Comic Archives\S\Singles\The Seeds (2020)\The Seeds (2020).cbz,132649769,new,214.748,54.356,118.145,37.461,4,13,1
L:\Comic Archives\S\Singles\The Shadow Out of Time (2013)\The Shadow Out of Time (2013).cbz,290986133,new,220.221,22.258,162.21,31.005,4,14,1
L:\Comic Archives\S\Singles\The Shadow Over Innsmouth (2014)\The Shadow Over Innsmouth (2014).cbz,66983062,new,197.623,31.045,124.735,36.788,4,14,1
L:\Comic Archives\S\Singles\The Shadows (2021)\The Shadows (2021).cbz,249407991,new,360.575,20.344,312.8,22.434,4,13,1
L:\Comic Archives\S\Singles\The Shadows of Thule (2023)\The Shadows of Thule (2023).cbz,178412734,new,200.154,35.12,139.805,20.097,4,14,1
L:\Comic Archives\S\Singles\The Shape of Ideas (2017)\The Shape of Ideas (2017).cbz,101230044,new,200.887,22.584,156.582,17.132,4,13,1
L:\Comic Archives\S\Singles\The Sheriff of Babylon - The Deluxe Edition (2018)\The Sheriff of Babylon - The Deluxe Edition (2018).cbz,286219494,new,194.093,24.316,142.476,22.88,4,12,1
L:\Comic Archives\S\Singles\The Shrinking Man (2016)\The Shrinking Man (2016).cbz,112227298,new,230.704,19.449,177.038,29.881,4,12,1
L:\Comic Archives\S\Singles\The Silver Cord (2012)\The Silver Cord (2012).cbz,176334214,new,139.507,62.739,27.822,41.771,4,20,1
L:\Comic Archives\S\Singles\The Simping Detective (2007)\The Simping Detective (2007).cbz,103145007,new,172.989,26.148,81.964,60.643,4,12,1
L:\Comic Archives\S\Singles\The Situation (2012)\The Situation (2012).cbz,12826005,new,130.396,42.711,53.551,29.61,4,13,1
L:\Comic Archives\S\Singles\The Sound of the World by Heart (2017)\The Sound of the World by Heart (2017).cbz,273441850,new,239.436,25.462,171.665,37.683,4,13,1
L:\Comic Archives\S\Singles\The Squidder (2015)\The Squidder (2015).cbz,342979240,new,247.353,69.21,143.836,29.994,4,12,1
L:\Comic Archives\S\Singles\The Stardust Kid (2017)\The Stardust Kid (2017).cbz,675580900,new,265.268,25.954,197.828,36.45,4,14,1
L:\Comic Archives\S\Singles\The Strange (2018)\The Strange (2018).cbz,114841012,new,262.419,62.781,169.185,25.711,4,13,1
L:\Comic Archives\S\Singles\The Strange Talent of Luther Strode Vol. 01 (2012)\The Strange Talent of Luther Strode Vol. 01 (2012).cbz,282818062,new,296.985,76.312,140.028,75.421,4,15,1
L:\Comic Archives\S\Singles\The Stranger (2018)\The Stranger (2018).cbz,261129340,new,190.59,50.674,101.301,33.451,4,14,1
L:\Comic Archives\S\Singles\The Suicide Forest (2011)\The Suicide Forest (2011).cbz,90048283,new,196.218,24.195,140.621,27.196,4,12,1
L:\Comic Archives\S\Singles\The Suit (2018)\The Suit (2018).cbz,78135753,new,180.916,18.434,123.099,35.082,4,12,1
L:\Comic Archives\T\Series\Tank Girl - 21st Century Tank Girl [2014]\Tank Girl - 21st Century Tank Girl #1 (2015).cbz,59396208,new,288.706,28.196,223.774,30.353,4,16,1
L:\Comic Archives\T\Series\Tank Girl - 21st Century Tank Girl [2014]\Tank Girl - 21st Century Tank Girl #2 (2015).cbz,57145842,new,346.642,39.083,263.183,39.565,4,14,1
L:\Comic Archives\T\Series\Tank Girl - 21st Century Tank Girl [2014]\Tank Girl - 21st Century Tank Girl #3 (2015).cbz,62903126,new,297.1,28.004,225.51,37.728,4,14,1
L:\Comic Archives\T\Series\Terrorbytes (2025)\Terrorbytes #1 (2025).cbz,66394970,new,413.391,32.078,339.911,36.566,4,13,1
L:\Comic Archives\T\Series\Terrorbytes (2025)\Terrorbytes #2 (2025).cbz,71923698,new,463.152,23.523,358.881,34.463,4,12,1
L:\Comic Archives\T\Series\Terrorbytes (2025)\Terrorbytes #3 (2025).cbz,86636222,new,297.497,29.086,212.287,51.911,4,12,1
L:\Comic Archives\T\Series\Terrorbytes (2025)\Terrorbytes #4 (2026).cbz,64609977,new,297.758,25.833,211.994,54.393,4,14,1
L:\Comic Archives\T\Series\Terrorbytes (2025)\Terrorbytes #5 (2026).cbz,68966584,new,442.57,24.406,358.827,54.157,4,13,1
L:\Comic Archives\T\Series\Terrorbytes (2025)\Terrorbytes #6 (2026).cbz,67335753,new,302.197,46.75,213.477,37.657,4,12,1
L:\Comic Archives\T\Series\Terrorbytes (2025)\Terrorbytes #7 (2026).cbz,99272025,new,404.195,72.119,280.294,44.889,4,21,1
L:\Comic Archives\T\Series\The Twilight Zone (2014-2015)\The Twilight Zone #1 The Way Out (2014).cbz,165369590,new,258.575,42.764,179.44,32.04,4,12,1
L:\Comic Archives\T\Series\The Twilight Zone (2014-2015)\The Twilight Zone #2 The Way In (2014).cbz,385148329,new,340.48,29.259,218.804,42.144,4,12,1
L:\Comic Archives\T\Series\The Twilight Zone (2014-2015)\The Twilight Zone #3 The Way Back (2015).cbz,132212033,new,249.194,28.637,180.561,35.372,4,12,1
L:\Comic Archives\T\Series\They Choose Violence [2025]\They Choose Violence #1 (2025).cbz,61996077,new,350.289,62.533,251.63,30.476,4,14,1
L:\Comic Archives\T\Series\They Choose Violence [2025]\They Choose Violence #2 (2025).cbz,69996318,new,347.527,36.14,249.553,57.162,4,12,1
L:\Comic Archives\T\Series\They Choose Violence [2025]\They Choose Violence #3 (2025).cbz,118424529,new,405.462,40.16,325.86,35.11,4,12,1
L:\Comic Archives\T\Series\They Choose Violence [2025]\They Choose Violence #4 (2025).cbz,89776782,new,370.214,28.666,316.037,21.311,4,12,1
L:\Comic Archives\T\Series\They Choose Violence [2025]\They Choose Violence #5 (2025).cbz,117625014,new,330.123,68.981,222.5,33.62,4,12,1
L:\Comic Archives\T\Series\Tokyo Ghost [2015-2016]\Tokyo Ghost #1 (2015).cbz,72013471,new,223.916,31.962,155.623,32.085,4,12,1
L:\Comic Archives\T\Series\Tokyo Ghost [2015-2016]\Tokyo Ghost #10 (2015).cbz,60455292,new,204.718,20.543,151.771,28.192,4,12,1
L:\Comic Archives\T\Series\Tokyo Ghost [2015-2016]\Tokyo Ghost #2 (2015).cbz,78098389,new,330.131,18.361,281.179,25.902,4,12,1
L:\Comic Archives\T\Series\Tokyo Ghost [2015-2016]\Tokyo Ghost #3 (2015).cbz,73298633,new,371.623,37.851,302.115,27.213,4,12,1
L:\Comic Archives\T\Series\Tokyo Ghost [2015-2016]\Tokyo Ghost #4 (2015).cbz,58445695,new,247.343,33.967,157.01,51.912,4,12,1
L:\Comic Archives\T\Series\Tokyo Ghost [2015-2016]\Tokyo Ghost #5 (2015).cbz,62059285,new,280.482,76.388,159.739,37.083,4,25,1
L:\Comic Archives\T\Series\Tokyo Ghost [2015-2016]\Tokyo Ghost #6 (2015).cbz,69917110,new,609.32,23.177,276.959,304.759,4,12,1
L:\Comic Archives\T\Series\Tokyo Ghost [2015-2016]\Tokyo Ghost #7 (2015).cbz,56512781,new,275.811,56.85,145.874,68.761,4,12,1
L:\Comic Archives\T\Series\Tokyo Ghost [2015-2016]\Tokyo Ghost #8 (2015).cbz,69859728,new,348.924,60.743,247.184,36.636,4,12,1
L:\Comic Archives\T\Series\Tokyo Ghost [2015-2016]\Tokyo Ghost #9 (2015).cbz,135054660,new,326.788,37.152,248.211,36.897,4,12,1
L:\Comic Archives\T\Series\Transmetropolitan [2009]\Transmetropolitan  - Vol #1 (2009).cbz,211804903,new,205.43,23.229,143.632,32.83,4,15,1
L:\Comic Archives\T\Series\Transmetropolitan [2009]\Transmetropolitan  - Vol #2 (2009).cbz,223830327,new,215.146,23.613,140.964,45.99,4,14,1
L:\Comic Archives\T\Series\Transmetropolitan [2009]\Transmetropolitan  - Vol #3 (2009).cbz,209865149,new,188.175,19.312,140.229,23.832,4,14,1
L:\Comic Archives\T\Series\Transmetropolitan [2009]\Transmetropolitan  - Vol #4 (2009).cbz,223462986,new,222.532,23.403,167.562,26.964,4,14,1
L:\Comic Archives\T\Series\Transmetropolitan [2009]\Transmetropolitan  - Vol #5 (2009).cbz,199693686,new,206.38,24.044,143.021,34.684,4,14,1
L:\Comic Archives\T\Series\Trees [2015-2019]\Trees - Vol 1- In Shadow (2015).cbz,310718637,new,280.283,37.078,204.718,34.189,4,12,1
L:\Comic Archives\T\Series\Trees [2015-2019]\Trees - Vol 2 - Two Forests (2016).cbz,229764948,new,297.317,59.896,196.115,37.035,4,12,1
L:\Comic Archives\T\Series\Trees [2015-2019]\Trees - Volume 3 - Three Fates (2019)\Trees - Vol 3 - Three Fates #1 (2019).cbz,13879341,new,363.03,61.098,247.857,49.805,4,12,1
L:\Comic Archives\T\Series\Trees [2015-2019]\Trees - Volume 3 - Three Fates (2019)\Trees - Vol 3 - Three Fates #2 (2019).cbz,16227942,new,339.754,66.995,230.515,38.009,4,12,1
L:\Comic Archives\T\Series\Trees [2015-2019]\Trees - Volume 3 - Three Fates (2019)\Trees - Vol 3 - Three Fates #3 (2019).cbz,14030367,new,388.486,84.57,246.536,52.544,4,12,1
L:\Comic Archives\T\Series\Trees [2015-2019]\Trees - Volume 3 - Three Fates (2019)\Trees - Vol 3 - Three Fates #4 (2019).cbz,15223829,new,336.45,50.126,233.571,48.061,4,12,1
L:\Comic Archives\T\Series\Trees [2015-2019]\Trees - Volume 3 - Three Fates (2019)\Trees - Vol 3 - Three Fates #5 (2019).cbz,14861056,new,339.151,58.709,239.443,36.455,4,12,1
L:\Comic Archives\T\Series\Tremen (2019-2021)\Tremen - Vol #1 (2019).cbz,28755405,new,254.755,55.144,147.287,47.669,4,13,1
L:\Comic Archives\T\Series\Tremen (2019-2021)\Tremen - Vol #2 (2019).cbz,26808594,new,248.798,61.425,144.91,37.931,4,12,1
L:\Comic Archives\T\Series\Twilight Zone Shadow And Substance (2015)\Twilight Zone - Shadow And Substance #1 (2015).cbz,45613014,new,280.653,68.184,180.63,27.272,4,13,1
L:\Comic Archives\T\Series\Twilight Zone Shadow And Substance (2015)\Twilight Zone - Shadow And Substance #2 (2015).cbz,37696676,new,293.963,57.089,193.646,38.919,4,12,1
L:\Comic Archives\T\Series\Twilight Zone Shadow And Substance (2015)\Twilight Zone - Shadow And Substance #3 (2015).cbz,34161777,new,314.202,37.033,208.251,64.475,4,12,1
L:\Comic Archives\T\Series\Twilight Zone Shadow And Substance (2015)\Twilight Zone - Shadow And Substance #4 (2015).cbz,25435685,new,329.563,57.225,213.129,54.972,4,12,1
L:\Comic Archives\T\Singles\A Taste for Blood (2022)\A Taste for Blood (2022).cbz,58387799,new,156.348,46.003,74.643,31.167,4,13,1
L:\Comic Archives\T\Singles\A Tour of Giants  (2023)\A Tour of Giants (2023).cbz,49999066,new,149.34,29.485,74.013,41.334,4,12,1
L:\Comic Archives\T\Singles\A Train Called Love (2017)\A Train Called Love (2017).cbz,336235606,new,262.423,29.146,167.657,59.385,4,15,1
L:\Comic Archives\T\Singles\Tainted (1995)\Tainted (1995).cbz,17600071,new,156.42,72.11,39.445,40.089,4,13,1
L:\Comic Archives\T\Singles\Tale of Sand  [2011]\Tale of Sand (2011).cbz,301323664,new,273.498,27.796,204.028,36.139,4,16,1
L:\Comic Archives\T\Singles\Tales From Beyond Science (2013)\Tales From Beyond Science (2013).cbz,150043707,new,247.768,49.246,161.18,32.431,4,14,1
L:\Comic Archives\T\Singles\Tales for a HalloweeNight (2015)\Tales for a HalloweeNight (2015).cbz,289967564,new,247.632,16.017,190.308,36.953,4,12,1
L:\Comic Archives\T\Singles\Tales from Harrow County Library Edition  - Death's Choir and Fair Folk (2022)\Tales from Harrow County Library Edition - Death's Choir and Fair Folk (2022).cbz,450258462,new,274.621,75.025,153.105,39.986,4,18,1
L:\Comic Archives\T\Singles\Tales from the Clockwork Empire  (2012)\Tales from the Clockwork Empire  (2012).cbz,349456430,new,312.073,26.088,253.252,27.59,4,13,1
L:\Comic Archives\T\Singles\Tales from the Hyperverse (2017)\Tales from the Hyperverse (2017).cbz,33898014,new,110.062,27.923,52.079,25.225,4,13,1
L:\Comic Archives\T\Singles\Tales of Mother F. Goose (2021)\Tales of Mother F. Goose (2021).cbz,126486372,new,222.327,20.523,161.557,35.811,4,12,1
L:\Comic Archives\T\Singles\Tales of Ruination (2022)\Tales of Ruination (2022).cbz,73478153,new,255.74,49.268,137.894,62.447,4,17,1
L:\Comic Archives\T\Singles\Tales of Telguuth (2015)\Tales of Telguuth (2015).cbz,190696495,new,156.148,78.435,43.165,29.649,4,14,1
L:\Comic Archives\T\Singles\Tales of the Buddha (2015)\Tales of the Buddha (2015).cbz,149971481,new,331.936,24.695,265.797,36.986,4,12,1
L:\Comic Archives\T\Singles\Tales of the Vampires (2004)\Tales of the Vampires (2004).cbz,208442888,new,197.29,40.967,118.021,33.486,4,13,1
L:\Comic Archives\T\Singles\Tall Tales and Outrageous Adventures - The Snow Queen and Other Stories (2014)\Tall Tales and Outrageous Adventures - The Snow Queen and Other Stories (2014).cbz,40205201,new,222.968,26.798,155.116,36.538,4,13,1
L:\Comic Archives\T\Singles\Talyn - Seed of Darkness  (2023)\Talyn - Seed of Darkness  (2023).cbz,48658004,new,394.555,45.957,286.792,55.703,4,17,1
L:\Comic Archives\T\Singles\Tao-Boy and Engine (2014)\Tao-Boy and Engine (2014).cbz,78377821,new,198.209,40.227,113.393,38.801,4,14,1
L:\Comic Archives\T\Singles\Taxi Tales - The Fragrant Lady  (2018)\Taxi Tales - The Fragrant Lady  (2018).cbz,75452774,new,198.167,20.166,136.277,36.73,4,13,1
L:\Comic Archives\T\Singles\Taxi Tales - Think I Am That Easy to Dump (2019)\Taxi Tales - Think I Am That Easy to Dump (2019).cbz,81898918,new,190.032,20.012,124.497,40.498,4,12,1
L:\Comic Archives\T\Singles\Tears of an Afghan Warlord (2017)\Tears of an Afghan Warlord (2017).cbz,76396950,new,181.774,23.515,122.453,29.968,4,15,1
L:\Comic Archives\T\Singles\Tears of the Leather-Bound Saints (2020)\Tears of the Leather-Bound Saints (2020).cbz,71947352,new,295.212,18.473,249.478,22.714,4,13,1
L:\Comic Archives\T\Singles\Techno-Mancer (2013)\Techno-Mancer (2013).cbz,107198826,new,507.257,48.808,102.018,351.216,4,14,1
"L:\Comic Archives\T\Singles\Tell Me, Dark  [1993]\Tell Me, Dark (1993).cbz",30791401,new,135.765,34.383,46.414,49.345,4,16,1
L:\Comic Archives\T\Singles\Ten Days in a Mad-House - A Graphic Adaptation (2022)\Ten Days in a Mad-House - A Graphic Adaptation (2022).cbz,111518940,new,115.833,21.786,61.086,28.338,4,13,1
L:\Comic Archives\T\Singles\Ten Frames Per Second - An Articulated Adventure (2017)\Ten Frames Per Second - An Articulated Adventure (2017).cbz,444494490,new,271.825,24.533,212.955,29.554,4,13,1
L:\Comic Archives\T\Singles\Term Life (2011)\Term Life (2011).cbz,81466865,new,126.46,42.684,59.929,18.98,4,13,1
L:\Comic Archives\T\Singles\Terminal Punks (2021)\Terminal Punks (2021).cbz,154380970,new,194.847,23.349,151.956,15.314,4,12,1
L:\Comic Archives\T\Singles\Terminator Omnibus - Vol #2 (2008)\Terminator Omnibus - Vol #2 (2008).cbz,212834288,new,104.953,28.91,49.216,19.949,4,17,1
L:\Comic Archives\T\Singles\Terminator Omnibus - Vol (2008)\Terminator Omnibus - Vol (2008).cbz,169398647,new,108.918,30.774,49.529,21.453,4,18,1
L:\Comic Archives\T\Singles\Terminus at Fenton's Green (2014)\Terminus at Fenton's Green (2014).cbz,71816231,new,166.109,20.384,113.749,26.818,4,14,1
L:\Comic Archives\T\Singles\Terra Antarctica (2025)\Terra Antarctica (2025).cbz,282591609,new,230.929,27.898,156.816,41.577,4,13,1
L:\Comic Archives\T\Singles\Tetris - The Games People Play (2016)\Tetris - The Games People Play (2016).cbz,180386122,new,247.128,25.003,161.837,55.539,4,13,1
L:\Comic Archives\T\Singles\Tex - Prisoner of the Apache (2016)\Tex - Prisoner of the Apache (2016).cbz,29254047,new,240.841,70.081,108.431,56.463,4,18,1
L:\Comic Archives\T\Singles\Thamara & Juda (1997)\Thamara & Juda (1997).cbz,24595384,new,115.033,36.01,38.839,35.447,4,13,1
L:\Comic Archives\T\Singles\Thanksgiving (2025)\Thanksgiving (2025).cbz,71399870,new,231.899,30.156,164.72,31.307,4,17,1
L:\Comic Archives\T\Singles\That's Because You're A Robot (2014)\That's Because You're A Robot (2014).cbz,49095900,new,198.004,29.869,138.685,24.897,4,13,1
L:\Comic Archives\T\Singles\The Complete Terminal City (2012)\The Complete Terminal City (2012).cbz,197375546,new,156.598,33.643,65.823,52.102,4,13,1
L:\Comic Archives\T\Singles\The Tattered Man (2011)\The Tattered Man (2011).cbz,52485795,new,154.65,27.393,92.467,28.899,4,15,1
L:\Comic Archives\T\Singles\The Terminator - Santa Claus Is Coming to Town  (2025)\The Terminator - Santa Claus Is Coming to Town  (2025).cbz,39204685,new,207.816,27.484,146.335,29.72,4,12,1
L:\Comic Archives\T\Singles\The Thirty Six (2013)\The Thirty Six (2013).cbz,183081605,new,251.774,21.662,172.429,53.053,4,13,1
L:\Comic Archives\T\Singles\The Three Ghosts of Tesla (2023)\The Three Ghosts of Tesla (2023).cbz,334680686,new,397.464,60.754,302.61,29.206,4,13,1
L:\Comic Archives\T\Singles\The Thud (2021)\The Thud (2021).cbz,241499148,new,355.555,59.097,251.618,40.251,4,13,1
L:\Comic Archives\T\Singles\The Tipping Point #2 (2016)\The Tipping Point #2 (2016).cbz,83728214,new,321.928,45.848,227.119,42.926,4,18,1
L:\Comic Archives\T\Singles\The Tipping Point (2016)\The Tipping Point (2016).cbz,65192724,new,313.621,57.313,219.476,31.792,4,16,1
L:\Comic Archives\T\Singles\The Tomorrows (2016)\The Tomorrows (2016).cbz,294613797,new,272.2,26.432,202.34,38.054,4,15,1
L:\Comic Archives\T\Singles\The Tower Chronicles - Geisthawk (2012)\The Tower Chronicles - Geisthawk (2012).cbz,63371665,new,181.204,30.708,89.345,56.281,4,12,1
L:\Comic Archives\T\Singles\The Tower in the Sea (2019)\The Tower in the Sea (2019).cbz,150867237,new,247.313,28.334,177.48,36.639,4,13,1
L:\Comic Archives\T\Singles\The Tragical Comedy or Comical Tragedy of Mr. Punch (1994)\The Tragical Comedy or Comical Tragedy of Mr. Punch (1994).cbz,21339392,new,158.105,57.082,48.943,47.893,4,12,1
L:\Comic Archives\T\Singles\The Traveller - Vol (2019)\The Traveller - Vol (2019).cbz,203122480,new,309.709,16.927,252.589,35.162,4,14,1
L:\Comic Archives\T\Singles\The Tremendous Trump (2018)\The Tremendous Trump (2018).cbz,87752764,new,272.076,45.858,199.87,21.182,4,14,1
L:\Comic Archives\T\Singles\The Trip (2013)\The Trip (2013).cbz,132885573,new,240.206,82.171,133.141,20.349,4,13,1
L:\Comic Archives\T\Singles\The Troll King (2010)\The Troll King (2010).cbz,115158460,new,179.694,23.467,129.216,22.387,4,13,1
L:\Comic Archives\T\Singles\The Truman Virus (2011)\The Truman Virus (2011).cbz,183145407,new,141.289,18.757,91.751,24.571,4,18,1
L:\Comic Archives\T\Singles\The Twelve - Voices of the Martyrs (2014)\The Twelve - Voices of the Martyrs (2014).cbz,282684874,new,272.85,27.519,169.487,70.845,4,13,1
L:\Comic Archives\T\Singles\The Twilight Zone - Shadow & Substance (2016)\The Twilight Zone - Shadow & Substance (2016).cbz,374571631,new,272.328,45.369,164.704,56.437,4,17,1
L:\Comic Archives\T\Singles\The Twilight Zone - The Shadow (2016)\The Twilight Zone - The Shadow (2016).cbz,125197321,new,247.381,44.913,151.027,45.871,4,16,1
L:\Comic Archives\T\Singles\They Called Us Enemy (2019)\They Called Us Enemy (2019).cbz,310370683,new,214.165,26.816,144.279,37.538,4,16,1
L:\Comic Archives\T\Singles\They Fell From the Sky (2021)\They Fell From the Sky (2021).cbz,166285998,new,313.657,19.63,250.599,37.058,4,17,1
L:\Comic Archives\T\Singles\Things We Create (2022)\Things We Create (2022).cbz,72713849,new,263.956,67.057,159.614,32.795,4,13,1
L:\Comic Archives\T\Singles\Things in the Basement (2023)\Things in the Basement (2023).cbz,173813946,new,197.706,18.626,119.889,54.535,4,13,1
L:\Comic Archives\T\Singles\This Was Our Pact (2019)\This Was Our Pact (2019).cbz,172859062,new,157.268,28.2,100.516,24.094,4,13,1
L:\Comic Archives\T\Singles\Thistlebone [2021]\Thistlebone (2021).cbz,104349196,new,141.515,24.521,91.964,20.786,4,12,1
L:\Comic Archives\T\Singles\Thomas F. Zahler - Time & Vine (2018)\Thomas F. Zahler - Time & Vine (2018).cbz,220419370,new,167.328,21.517,116.839,24.54,4,12,1
"L:\Comic Archives\T\Singles\Thoreau, A Sublime Life (2016)\Thoreau, A Sublime Life (2016).cbz",131412895,new,299.392,29.886,239.654,25.066,4,13,1
L:\Comic Archives\T\Singles\Three (2014)\Three (2014).cbz,316247328,new,552.443,62.763,177.044,307.611,4,13,1
L:\Comic Archives\T\Singles\Through Clouds of Smoke - Freuds Final Days (2023)\Through Clouds of Smoke - Freuds Final Days (2023).cbz,97801606,new,189.934,41.217,105.396,38.236,4,14,1
L:\Comic Archives\T\Singles\Through The Walls (2012)\Through The Walls (2012).cbz,57346388,new,112.675,29.367,38.972,39.004,4,14,1
L:\Comic Archives\T\Singles\Through the Woods [2014]\Through the Woods (2014).cbz,87486267,new,131.056,22.101,67.465,36.831,4,13,1
L:\Comic Archives\T\Singles\Throwaways (2016)\Throwaways (2016).cbz,145653230,new,247.082,24.838,190.762,26.366,4,13,1
L:\Comic Archives\T\Singles\Thumbprint (2013)\Thumbprint (2013).cbz,129289786,new,203.966,24.507,143.249,30.523,4,16,1
L:\Comic Archives\T\Singles\Tiki - A Very Ruff Year (2022)\Tiki - A Very Ruff Year (2022).cbz,122068441,new,183.091,23.677,123.327,30.529,4,16,1
L:\Comic Archives\T\Singles\Tim Ginger (2015)\Tim Ginger (2015).cbz,177470496,new,239.116,27.996,180.015,26.757,4,12,1
L:\Comic Archives\T\Singles\Time Waits (2025)\Time Waits (2025).cbz,216878101,new,317.761,94.271,182.618,32.539,4,28,1
L:\Comic Archives\T\Singles\Tom Clancy's The Division - Extremis Malis [2019]\Tom Clancy's The Division - Extremis Malis (2019).cbz,146182407,new,235.611,44.038,161.028,26.274,4,12,1
L:\Comic Archives\T\Singles\Tom's Midnight Garden (2018)\Tom's Midnight Garden (2018).cbz,166594826,new,233.27,23.757,175.088,29.2,4,14,1
L:\Comic Archives\T\Singles\Top Ten (2015)\Top 10 (2015).cbz,555057617,new,356.655,118.78,204.001,29.568,4,12,1
L:\Comic Archives\T\Singles\Topside (2019)\Topside (2019).cbz,66216774,new,131.767,37.887,55.887,32.868,4,14,1
L:\Comic Archives\T\Singles\Torso (2022)\Torso (2022).cbz,222191823,new,187.295,20.282,127.077,35.988,4,11,1
L:\Comic Archives\T\Singles\Tortured Life (2015)\Tortured Life (2015).cbz,229951791,new,264.947,24.066,190.196,46.152,4,12,1
L:\Comic Archives\T\Singles\Total Scumbag (2008)\Total Scumbag (2008).cbz,92779280,new,222.522,27.173,141.129,49.705,4,13,1
L:\Comic Archives\T\Singles\Transhuman (2009)\Transhuman (2009).cbz,103053890,new,175.145,21.914,117.563,30.84,4,13,1
L:\Comic Archives\T\Singles\Transmeet (2012)\Transmeet (2012).cbz,68435533,new,174.783,19.556,121.868,28.056,4,14,1
L:\Comic Archives\T\Singles\Trapped on Zarkass (2022)\Trapped on Zarkass (2022).cbz,234226072,new,271.801,27.29,206.373,33.23,4,13,1
L:\Comic Archives\T\Singles\Trashed (2015)\Trashed (2015).cbz,285741345,new,321.812,67.619,220.651,29.293,4,12,1
L:\Comic Archives\T\Singles\Traveling to Mars (2024)\Traveling to Mars (2024).cbz,440975233,new,263.663,32.958,177.871,47.687,4,13,1
L:\Comic Archives\T\Singles\Treasure in the Lake (2021)\Treasure in the Lake (2021).cbz,240268521,new,240.164,61.811,112.959,60.768,4,13,1
L:\Comic Archives\T\Singles\Treves - A Restless Night (2016)\Treves - A Restless Night (2016).cbz,36422137,new,272.197,28.239,192.821,44.945,4,14,1
L:\Comic Archives\T\Singles\Tribes - The Dog Years (2014)\Tribes - The Dog Years (2014).cbz,521684487,new,355.618,34.797,260.867,54.437,4,16,1
L:\Comic Archives\T\Singles\Trick 'r Treat (2010)\Trick 'r Treat (2010).cbz,66748990,new,132.6,32.366,71.137,22.574,4,18,1
L:\Comic Archives\T\Singles\Trick 'r Treat - Sam's 10th Collection (2019)\Trick 'r Treat - Sam's 10th Collection (2019).cbz,201398699,new,197.412,24.351,107.8,59.431,4,17,1
"L:\Comic Archives\T\Singles\Trickster - Native American Tales, A Graphic Collection (2010)\Trickster - Native American Tales, A Graphic Collection (2010).cbz",99376798,new,115.345,30.534,33.241,47.044,4,13,1
L:\Comic Archives\T\Singles\Triggergirl 6 (2013)\Triggergirl 6 (2013).cbz,20195881,new,148.648,38.316,64.436,41.226,4,14,1
L:\Comic Archives\T\Singles\Tron - Download (2025)\Tron - Download (2025).cbz,592216519,new,299.158,29.22,178.293,84.512,4,20,1
L:\Comic Archives\T\Singles\Turkey Day (2021)\Turkey Day (2021).cbz,37492815,new,199.766,31.002,132.5,30.637,4,16,1
L:\Comic Archives\T\Singles\Turncoat (2017)\Turncoat (2017).cbz,461719077,new,288.566,39.904,211.854,32.358,4,12,1
L:\Comic Archives\T\Singles\Two-Step (2011)\Two-Step (2011).cbz,123285382,new,247.047,58.035,161.491,23.257,4,12,1
L:\Comic Archives\T\Singles\Tyler Cross (2013)\Tyler Cross (2013).cbz,98817371,new,174.202,17.184,119.436,32.652,4,13,1
L:\Comic Archives\U\Series\Umbrella Academy - Hotel Oblivion\Umbrella Academy - Hotel Oblivion #1 (2018).cbz,33397682,new,188.974,23.24,129.875,31.204,4,13,1
L:\Comic Archives\U\Series\Umbrella Academy - Hotel Oblivion\Umbrella Academy - Hotel Oblivion #2 (2018).cbz,32573053,new,189.853,25.333,128.019,32.022,4,12,1
L:\Comic Archives\U\Series\Umbrella Academy - Hotel Oblivion\Umbrella Academy - Hotel Oblivion #3 (2018).cbz,33704495,new,189.864,24.368,130.339,30.837,4,12,1
L:\Comic Archives\U\Series\Umbrella Academy - Hotel Oblivion\Umbrella Academy - Hotel Oblivion #4 (2018).cbz,35636723,new,198.883,26.611,135.584,32.056,4,12,1
L:\Comic Archives\U\Series\Umbrella Academy - Hotel Oblivion\Umbrella Academy - Hotel Oblivion #5 (2018).cbz,37546560,new,206.15,25.879,129.322,46.721,4,12,1
L:\Comic Archives\U\Series\Umbrella Academy - Hotel Oblivion\Umbrella Academy - Hotel Oblivion #6 (2018).cbz,39484848,new,198.167,27.455,142.588,23.608,4,12,1
L:\Comic Archives\U\Series\Umbrella Academy - Hotel Oblivion\Umbrella Academy - Hotel Oblivion #7 (2018).cbz,39899359,new,222.458,27.167,138.196,52.631,4,12,1
L:\Comic Archives\U\Series\Undiscovered Country\Undiscovered Country - Vol #1 (2020).cbz,630158757,new,368.398,173.361,160.0,29.433,4,15,1
L:\Comic Archives\U\Series\Undiscovered Country\Undiscovered Country - Vol #2 (2020).cbz,324439994,new,198.23,17.549,146.954,29.114,4,14,1
L:\Comic Archives\U\Series\Undiscovered Country\Undiscovered Country - Vol #3 (2020).cbz,622195893,new,505.262,22.97,176.608,300.73,4,14,1
L:\Comic Archives\U\Series\Undiscovered Country\Undiscovered Country - Vol #4 (2020).cbz,117057729,new,201.424,99.624,40.605,56.582,4,14,1
L:\Comic Archives\U\Singles\The Unwritten - Tommy Taylor and the Ship That Sank Twice (2013)\The Unwritten - Tommy Taylor and the Ship That Sank Twice (2013).cbz,336080838,new,240.159,30.657,172.777,31.999,4,14,1
L:\Comic Archives\U\Singles\The Usborne Book of the Future (1979)\The Usborne Book of the Future (1979).cbz,24159299,new,91.646,20.384,24.17,41.7,4,16,1
L:\Comic Archives\U\Singles\UFOlogy (2016)\UFOlogy (2016).cbz,293812981,new,289.244,27.2,216.763,39.567,4,16,1
L:\Comic Archives\U\Singles\UXB (2013)\UXB (2013).cbz,209662927,new,181.716,37.06,115.228,25.192,4,12,1
L:\Comic Archives\U\Singles\Uncaged (2014)\Uncaged (2014).cbz,65442893,new,289.257,26.718,225.067,32.356,4,14,1
L:\Comic Archives\U\Singles\Uncle Sam - Special Election Edition (2024)\Uncle Sam - Special Election Edition (2024).cbz,512662556,new,282.456,30.211,220.417,26.632,4,15,1
L:\Comic Archives\U\Singles\Under Kingdom (2023)\Under Kingdom (2023).cbz,222601437,new,255.472,53.735,170.284,25.164,4,14,1
L:\Comic Archives\U\Singles\Underground (2017)\Underground (2017).cbz,122741656,new,147.77,27.815,93.541,21.741,4,13,1
L:\Comic Archives\U\Singles\Underground (2021)\Underground (2021).cbz,165543008,new,206.035,19.495,156.446,25.234,4,13,1
L:\Comic Archives\U\Singles\Underheist (2024)\Underheist (2024).cbz,352363953,new,297.723,24.359,242.005,25.932,4,15,1
L:\Comic Archives\U\Singles\Undertaker (2018)\Undertaker (2018).cbz,157053111,new,212.086,39.059,139.208,29.303,4,13,1
L:\Comic Archives\U\Singles\Undiscovered Country - Destiny Man (2022)\Undiscovered Country - Destiny Man (2022).cbz,41947244,new,277.244,42.294,181.52,48.622,4,14,1
L:\Comic Archives\U\Singles\Undying Queen (2023)\Undying Queen (2023).cbz,58749139,new,229.561,49.856,122.826,51.748,4,14,1
L:\Comic Archives\U\Singles\Unfinished Business (2020)\Unfinished Business (2020).cbz,72509918,new,239.818,21.555,184.454,28.724,4,15,1
L:\Comic Archives\U\Singles\Unknown Soldier (2014)\Unknown Soldier (2014).cbz,179572330,new,293.673,70.502,166.987,51.782,4,12,1
L:\Comic Archives\V\Series\Vanishing Point [2025]\Vanishing Point #1 (2025).cbz,88779989,new,363.231,68.631,256.842,33.296,4,12,1
L:\Comic Archives\V\Series\Vanishing Point [2025]\Vanishing Point #2 (2025)).cbz,70532271,new,429.596,48.362,336.879,39.957,4,12,1
L:\Comic Archives\V\Series\Vanishing Point [2025]\Vanishing Point #3 (2025).cbz,80089947,new,453.533,120.088,303.378,25.619,4,12,1
L:\Comic Archives\V\Series\Vanishing Point [2025]\Vanishing Point #4 (2025).cbz,58232120,new,321.739,50.524,230.268,36.722,4,12,1
L:\Comic Archives\V\Series\Vanishing Point [2025]\Vanishing Point #5 (2025).cbz,76127220,new,280.393,25.17,214.791,35.967,4,12,1
L:\Comic Archives\V\Series\Vanishing Point [2025]\Vanishing Point #6 (2025).cbz,79102094,new,404.791,31.062,340.395,28.216,4,13,1
L:\Comic Archives\V\Singles\A Voice In the Dark (2014)\A Voice In the Dark (2014).cbz,287865271,new,240.139,53.066,154.667,27.83,4,13,1
L:\Comic Archives\V\Singles\The Velvet Rope (2010)\The Velvet Rope (2010).cbz,43528362,new,103.359,27.731,47.545,21.496,4,24,1
L:\Comic Archives\V\Singles\The Vertical Sea (2022)\The Vertical Sea (2022).cbz,254445124,new,244.769,40.727,157.571,41.44,4,14,1
L:\Comic Archives\V\Singles\The Vessel (2016)\The Vessel (2016).cbz,114326405,new,172.891,21.491,125.92,19.785,4,16,1
L:\Comic Archives\V\Singles\The Vessel Of Terror (2011)\The Vessel Of Terror (2011).cbz,216046426,new,199.941,26.266,138.455,28.13,4,15,1
L:\Comic Archives\V\Singles\V for Vendetta 30th Anniversary Deluxe Edition [2018]\V for Vendetta 30th Anniversary Deluxe Edition (2018).cbz,363944197,new,182.761,30.562,114.53,32.674,4,13,1
L:\Comic Archives\V\Singles\Vague Tales (2017)\Vague Tales (2017).cbz,51482542,new,181.04,43.241,106.677,26.37,4,13,1
L:\Comic Archives\V\Singles\Valentine Bluffs Massacre - Remembrance (2025)\Valentine Bluffs Massacre - Remembrance (2025).cbz,24166619,new,197.515,29.197,129.745,31.155,4,20,1
L:\Comic Archives\V\Singles\Valerian and Laureline - Where Stories Are Born (2023)\Valerian and Laureline - Where Stories Are Born (2023).cbz,39880090,new,157.388,45.974,77.267,29.627,4,12,1
L:\Comic Archives\V\Singles\Vandroid (2015)\Vandroid (2015).cbz,231678230,new,221.022,20.767,163.71,31.534,4,15,1
L:\Comic Archives\V\Singles\Veda - Assembly Required (2015)\Veda - Assembly Required (2015).cbz,241846378,new,288.63,29.367,224.623,29.327,4,14,1
L:\Comic Archives\V\Singles\Veils (1999)\Veils (1999).cbz,43662527,new,115.326,40.341,43.525,25.761,4,15,1
L:\Comic Archives\V\Singles\Venus in the Blind Spot (2020)\Venus in the Blind Spot (2020).cbz,381440045,new,438.199,30.096,367.664,34.989,4,13,1
L:\Comic Archives\V\Singles\Vicious Circus (2016)\Vicious Circus (2016).cbz,181262939,new,256.193,63.791,153.341,34.814,4,12,1
L:\Comic Archives\V\Singles\Victims and Other Questions for an Empty Universe (2015)\Victims and Other Questions for an Empty Universe (2015).cbz,154352569,new,181.851,22.21,124.657,29.208,4,16,1
L:\Comic Archives\V\Singles\Victor and Nora - A Gotham Love Story (2020)\Victor and Nora - A Gotham Love Story (2020).cbz,157721852,new,181.829,28.817,120.442,27.836,4,13,1
L:\Comic Archives\V\Singles\Victorie City (2016)\Victorie City (2016).cbz,201806576,new,239.611,24.089,178.75,31.665,4,14,1
L:\Comic Archives\V\Singles\Vietnam 1965 [2010]\Vietnam 1965 (2010).cbz,200155222,new,185.436,77.428,68.992,28.636,4,13,1
L:\Comic Archives\V\Singles\Vietnam Journal (2002)\Vietnam Journal (2002).cbz,109056388,new,83.054,22.748,38.2,17.473,4,13,1
L:\Comic Archives\V\Singles\Viewpoint (2017)\Viewpoint (2017).cbz,144963568,new,426.652,21.784,122.357,277.822,4,13,1
L:\Comic Archives\V\Singles\Views (1976)\Views (1976).cbz,200205196,new,344.602,163.892,131.469,44.985,4,12,1
L:\Comic Archives\V\Singles\Viking - The Long Cold Fire (2010)\Viking - The Long Cold Fire (2010).cbz,283078388,new,205.999,19.833,157.772,23.02,4,14,1
L:\Comic Archives\V\Singles\Villainous (2021)\Villainous (2021).cbz,144002737,new,266.593,26.816,197.421,37.186,4,14,1
L:\Comic Archives\V\Singles\Vimanarama (2005)\Vimanarama (2005).cbz,112970200,new,256.027,63.48,172.834,15.213,4,12,1
L:\Comic Archives\V\Singles\Vincent Van Gogh - Sadness Will Last Forever (2023)\Vincent Van Gogh - Sadness Will Last Forever (2023).cbz,143127005,new,192.453,17.152,141.975,28.155,4,14,1
L:\Comic Archives\V\Singles\Vindication (2019)\Vindication (2019).cbz,207439678,new,230.411,29.129,175.503,19.562,4,16,1
L:\Comic Archives\V\Singles\Vinegar Teeth (2018)\Vinegar Teeth (2018).cbz,350964634,new,338.248,92.815,205.981,34.271,4,15,1
L:\Comic Archives\V\Singles\Violent Cases (1987)\Violent Cases (1987).cbz,15732939,new,163.575,85.323,43.167,30.726,4,12,1
L:\Comic Archives\V\Singles\Virgins' Wood (2008)\Virgins' Wood (2008).cbz,181744238,new,198.102,34.702,127.473,31.007,4,13,1
L:\Comic Archives\V\Singles\Virulents (2007)\Virulents (2007).cbz,34622415,new,140.073,25.804,79.152,29.01,4,14,1
L:\Comic Archives\V\Singles\Visual Abuse - Jim Blanchard's Graphic Art 1982-2002 (2016)\Visual Abuse - Jim Blanchard's Graphic Art 1982-2002 (2016).cbz,315273667,new,253.257,24.81,191.827,32.474,4,12,1
L:\Comic Archives\V\Singles\Vivisectionary (2019)\Vivisectionary (2019).cbz,126289715,new,226.018,34.277,164.355,22.076,4,13,1
L:\Comic Archives\V\Singles\Voices in the Dark (2017)\Voices in the Dark (2017).cbz,112603797,new,181.526,33.975,109.903,33.396,4,12,1
L:\Comic Archives\V\Singles\Void Trip (2018)\Void Trip (2018).cbz,256261282,new,289.344,18.096,243.293,22.35,4,14,1
L:\Comic Archives\V\Singles\Voodoo Child - The Illustrated Legend of Jimi Hendrix (1995)\Voodoo Child - The Illustrated Legend of Jimi Hendrix (1995).cbz,39916594,new,152.597,44.018,83.239,21.095,4,12,1
L:\Comic Archives\V\Singles\Vyasa - The Beginning (2017)\Vyasa - The Beginning (2017).cbz,368248353,new,202.324,23.481,157.891,15.389,4,14,1
L:\Comic Archives\W\Series\The Weather Man [2018-2024]\The Weatherman v1 [2018]\The Weatherman - Vol 1 #1 (2018).cbz,52132987,new,211.206,23.989,156.568,26.444,4,12,1
L:\Comic Archives\W\Series\The Weather Man [2018-2024]\The Weatherman v1 [2018]\The Weatherman - Vol 1 #2 (2018).cbz,46782753,new,205.241,21.098,154.7,25.095,4,12,1
L:\Comic Archives\W\Series\The Weather Man [2018-2024]\The Weatherman v1 [2018]\The Weatherman - Vol 1 #3 (2018).cbz,52290190,new,213.453,27.152,152.157,29.852,4,12,1
L:\Comic Archives\W\Series\The Weather Man [2018-2024]\The Weatherman v1 [2018]\The Weatherman - Vol 1 #4 (2018).cbz,49682685,new,206.298,20.163,156.266,25.518,4,12,1
L:\Comic Archives\W\Series\The Weather Man [2018-2024]\The Weatherman v1 [2018]\The Weatherman - Vol 1 #5 (2018).cbz,48232935,new,181.182,25.185,121.809,29.777,4,12,1
L:\Comic Archives\W\Series\The Weather Man [2018-2024]\The Weatherman v1 [2018]\The Weatherman - Vol 1 #6 (2018).cbz,46698774,new,197.965,26.791,133.004,33.685,4,12,1
L:\Comic Archives\W\Series\The Weather Man [2018-2024]\The Weatherman v2 [2019]\The Weatherman - Vol 2 #1 (2019).cbz,53464827,new,197.985,21.533,141.672,30.545,4,12,1
L:\Comic Archives\W\Series\The Weather Man [2018-2024]\The Weatherman v2 [2019]\The Weatherman - Vol 2 #2 (2019).cbz,67922476,new,222.86,18.135,166.152,34.366,4,12,1
L:\Comic Archives\W\Series\The Weather Man [2018-2024]\The Weatherman v2 [2019]\The Weatherman - Vol 2 #3 (2019).cbz,56109083,new,215.5,25.633,153.881,31.713,4,12,1
L:\Comic Archives\W\Series\The Weather Man [2018-2024]\The Weatherman v2 [2019]\The Weatherman - Vol 2 #4 (2019).cbz,59868667,new,205.792,21.419,150.979,29.034,4,12,1
L:\Comic Archives\W\Series\The Weather Man [2018-2024]\The Weatherman v2 [2019]\The Weatherman - Vol 2 #5 (2019).cbz,70155208,new,246.841,27.283,159.808,55.314,4,12,1
L:\Comic Archives\W\Series\The Weather Man [2018-2024]\The Weatherman v2 [2019]\The Weatherman - Vol 2 #6 (2019).cbz,45167683,new,313.857,73.898,193.657,42.003,4,12,1
L:\Comic Archives\W\Series\The Weather Man [2018-2024]\The Weatherman v3 [2024]\The Weatherman - Vol 3 #1 (2024).cbz,80768793,new,307.212,56.134,210.791,35.824,4,12,1
L:\Comic Archives\W\Series\The Weather Man [2018-2024]\The Weatherman v3 [2024]\The Weatherman - Vol 3 #2 (2024).cbz,90355908,new,231.294,39.997,155.893,31.068,4,12,1
L:\Comic Archives\W\Series\The Weather Man [2018-2024]\The Weatherman v3 [2024]\The Weatherman - Vol 3 #3 (2024).cbz,93122569,new,252.449,25.003,189.69,33.061,4,12,1
L:\Comic Archives\W\Series\The Weather Man [2018-2024]\The Weatherman v3 [2024]\The Weatherman - Vol 3 #4 (2024).cbz,78865763,new,274.74,62.897,170.711,36.932,4,12,1
L:\Comic Archives\W\Series\The Weather Man [2018-2024]\The Weatherman v3 [2024]\The Weatherman - Vol 3 #5 (2024).cbz,65075444,new,236.749,78.486,135.6,17.71,4,12,1
L:\Comic Archives\W\Series\The Weather Man [2018-2024]\The Weatherman v3 [2024]\The Weatherman - Vol 3 #6 (2024).cbz,124783282,new,216.571,23.404,159.182,29.591,4,12,1
L:\Comic Archives\W\Series\The Weather Man [2018-2024]\The Weatherman v3 [2024]\The Weatherman - Vol 3 #7 (2024).cbz,110027647,new,205.97,20.027,135.834,45.795,4,12,1
L:\Comic Archives\W\Series\The Wicked + The Divine\The Wicked + The Divine #1 (2015).cbz,249387095,new,170.985,21.477,120.844,23.178,4,15,1
L:\Comic Archives\W\Series\The Wicked + The Divine\The Wicked + The Divine #2 (2015).cbz,251434497,new,255.793,19.734,192.178,39.093,4,14,1
L:\Comic Archives\W\Series\The Wicked + The Divine\The Wicked + The Divine #3 (2015).cbz,244566254,new,252.944,58.652,165.942,23.677,4,14,1
L:\Comic Archives\W\Series\The Wicked + The Divine\The Wicked + The Divine #4 (2015).cbz,221512632,new,256.115,26.267,187.747,37.487,4,14,1
L:\Comic Archives\W\Series\The Wicked + The Divine\The Wicked + The Divine #5 (2015).cbz,254659477,new,218.357,64.036,122.324,27.276,4,14,1
L:\Comic Archives\W\Series\The Wicked + The Divine\The Wicked + The Divine #6 (2015).cbz,334910745,new,202.929,26.364,156.547,15.126,4,14,1
L:\Comic Archives\W\Series\The Wicked + The Divine\The Wicked + The Divine #7 (2015).cbz,211374125,new,161.69,21.529,116.931,18.283,4,14,1
L:\Comic Archives\W\Series\Warframe [2017-2018]\Warframe - Vol #1 (2017).cbz,67595684,new,227.216,7.062,188.429,26.247,4,15,1
L:\Comic Archives\W\Series\Warframe [2017-2018]\Warframe - Vol #2 (2017).cbz,67492299,new,318.248,91.896,200.869,20.683,4,14,1
L:\Comic Archives\W\Series\Warframe [2017-2018]\Warframe - Vol #3 (2017).cbz,34555999,new,284.481,85.276,153.307,41.273,4,14,1
L:\Comic Archives\W\Series\Warframe [2017-2018]\Warframe - Vol #4 (2017).cbz,35064274,new,205.914,27.262,146.59,26.899,4,14,1
L:\Comic Archives\W\Series\Warframe [2017-2018]\Warframe - Vol #5 (2017).cbz,30086046,new,450.802,25.813,155.962,264.422,4,14,1
L:\Comic Archives\W\Series\Watch Dogs Books Collection\Watch Dogs - Legion Volume #1 [2020]\Watch Dogs Legion - Vol 1 #1 (2021).cbz,48733156,new,354.815,41.079,229.187,79.707,4,13,1
L:\Comic Archives\W\Series\Watch Dogs Books Collection\Watch Dogs - Legion Volume #1 [2020]\Watch Dogs Legion - Vol 1 #2 (2021).cbz,43572809,new,319.579,36.469,238.265,40.614,4,12,1
L:\Comic Archives\W\Series\Watch Dogs Books Collection\Watch Dogs - Legion Volume #1 [2020]\Watch Dogs Legion - Vol 1 #3 (2021).cbz,37328535,new,318.084,62.076,222.142,29.653,4,12,1
L:\Comic Archives\W\Series\Watch Dogs Books Collection\Watch Dogs - Legion Volume #1 [2020]\Watch Dogs Legion - Vol 1 #4 (2021).cbz,40062900,new,309.182,40.604,227.668,36.619,4,12,1
L:\Comic Archives\W\Series\Watch Dogs Books Collection\Watch Dogs - Legion Volume #1 [2020]\Watch Dogs Legion - Vol 2 (2022).cbz,54222453,new,180.846,42.294,91.064,43.066,4,12,1
L:\Comic Archives\W\Series\Watch Dogs Books Collection\Watch Dogs Tokyo [2024]\Watch Dogs Tokyo #1 (2024).cbz,211637245,new,229.774,23.315,167.911,32.408,4,17,1
L:\Comic Archives\W\Series\Watch Dogs Books Collection\Watch Dogs Tokyo [2024]\Watch Dogs Tokyo #2 (2024).cbz,205735096,new,297.925,95.683,156.546,40.64,4,14,1
L:\Comic Archives\W\Series\We Are Robin [2015-2016]\We Are Robin #1 (2015).cbz,36385694,new,247.379,28.587,161.006,53.155,4,14,1
L:\Comic Archives\W\Series\We Are Robin [2015-2016]\We Are Robin #10 (2015).cbz,33135593,new,338.41,78.682,220.586,34.421,4,14,1
L:\Comic Archives\W\Series\We Are Robin [2015-2016]\We Are Robin #11 (2015).cbz,35955684,new,239.35,39.547,160.352,34.747,4,14,1
L:\Comic Archives\W\Series\We Are Robin [2015-2016]\We Are Robin #12 (2015).cbz,38665572,new,305.921,89.516,177.342,33.488,4,14,1
L:\Comic Archives\W\Series\We Are Robin [2015-2016]\We Are Robin #2 (2015).cbz,33413542,new,272.503,76.532,166.609,24.648,4,14,1
L:\Comic Archives\W\Series\We Are Robin [2015-2016]\We Are Robin #3 (2015).cbz,33037817,new,214.657,27.572,157.143,25.054,4,14,1
L:\Comic Archives\W\Series\We Are Robin [2015-2016]\We Are Robin #4 (2015).cbz,71896614,new,224.377,21.371,168.572,29.808,4,14,1
L:\Comic Archives\W\Series\We Are Robin [2015-2016]\We Are Robin #5 (2015).cbz,37296936,new,304.478,89.637,170.921,39.198,4,14,1
L:\Comic Archives\W\Series\We Are Robin [2015-2016]\We Are Robin #6 (2015).cbz,35361046,new,289.056,78.943,164.295,40.912,4,14,1
L:\Comic Archives\W\Series\We Are Robin [2015-2016]\We Are Robin #7 (2015).cbz,30379039,new,301.715,91.272,162.86,42.82,4,14,1
L:\Comic Archives\W\Series\We Are Robin [2015-2016]\We Are Robin #8 (2015).cbz,35672065,new,388.12,88.85,251.394,43.109,4,14,1
L:\Comic Archives\W\Series\We Are Robin [2015-2016]\We Are Robin #9 (2015).cbz,34505001,new,290.555,55.487,182.614,47.845,4,14,1
L:\Comic Archives\W\Series\Where Does the Rainbow End (2025)\Where Does the Rainbow End #1 (2026).cbz,89932034,new,356.374,65.113,247.417,39.3,4,13,1
L:\Comic Archives\W\Series\Where Does the Rainbow End (2025)\Where Does the Rainbow End #2 (2026).cbz,80201039,new,484.346,33.824,396.357,49.913,4,12,1
L:\Comic Archives\W\Series\Where Does the Rainbow End (2025)\Where Does the Rainbow End #3 (2026).cbz,67227009,new,314.336,45.891,228.488,35.726,4,12,1
L:\Comic Archives\W\Series\Where Does the Rainbow End (2025)\Where Does the Rainbow End #4 (2026).cbz,74505753,new,314.935,30.61,234.449,45.588,4,12,1
L:\Comic Archives\W\Series\w0rldtr33 [2023-2026]\Volume 4\w0rldtr33 - Vol #4 Issue #17 (2025).cbz,91116759,new,279.184,58.828,183.955,31.124,4,15,1
L:\Comic Archives\W\Series\w0rldtr33 [2023-2026]\Volume 4\w0rldtr33 - Vol #4 Issue #18 (2026).cbz,100887850,new,272.743,18.252,197.762,51.999,4,14,1
L:\Comic Archives\W\Series\w0rldtr33 [2023-2026]\Volume 4\w0rldtr33 - Vol #4 Issue #19 (2026).cbz,56049974,new,432.187,73.189,244.179,110.052,4,14,1
L:\Comic Archives\W\Series\w0rldtr33 [2023-2026]\Volume 4\w0rldtr33 - Vol #4 Issue #20 (2026).cbz,100739865,new,258.821,37.442,190.684,26.451,4,12,1
L:\Comic Archives\W\Series\w0rldtr33 [2023-2026]\Volume 4\w0rldtr33 - Vol #4 Issue #21 (2026).cbz,36145383,new,267.898,59.825,171.186,28.798,4,25,1
L:\Comic Archives\W\Series\w0rldtr33 [2023-2026]\w0rldtr33 - Vol #1 Issues #1 - #5(2023).cbz,408758769,new,218.257,40.661,145.251,27.661,4,14,1
L:\Comic Archives\W\Series\w0rldtr33 [2023-2026]\w0rldtr33 - Vol #2 Issues #6 - #11(2023).cbz,543741019,new,238.815,28.356,166.254,40.003,4,12,1
L:\Comic Archives\W\Series\w0rldtr33 [2023-2026]\w0rldtr33 - Vol #3 Issue #12 - #16(2023).cbz,613159905,new,289.122,28.834,220.439,34.794,4,13,1
L:\Comic Archives\W\Singles\A Wizard of Earthsea (2025)\A Wizard of Earthsea (2025).cbz,307736841,new,329.242,73.325,211.641,38.808,4,15,1
L:\Comic Archives\W\Singles\A World Shared (2024)\A World Shared (2024).cbz,296636941,new,205.267,49.776,116.57,34.346,4,13,1
L:\Comic Archives\W\Singles\The Wake (2014)\The Wake  (2014).cbz,530173828,new,206.28,27.586,141.575,32.663,4,12,1
L:\Comic Archives\W\Singles\The Walking Dead - Here's Negan (2017)\The Walking Dead - Here's Negan (2017).cbz,73100246,new,370.771,63.892,255.247,47.085,4,13,1
L:\Comic Archives\W\Singles\The Walking Dead - Michonne Special (2012)\The Walking Dead - Michonne Special (2012).cbz,41898802,new,330.597,127.607,167.677,31.051,4,12,1
L:\Comic Archives\W\Singles\The Walking Dead - Survivors' Guide (2011)\The Walking Dead - Survivors' Guide #001.cbz,18350698,new,149.223,44.128,67.947,30.397,4,18,1
L:\Comic Archives\W\Singles\The Walking Dead - Survivors' Guide (2011)\The Walking Dead - Survivors' Guide #002.cbz,22112323,new,168.988,34.833,77.011,51.993,4,16,1
L:\Comic Archives\W\Singles\The Walking Dead - Survivors' Guide (2011)\The Walking Dead - Survivors' Guide #003.cbz,20862782,new,241.866,127.861,83.176,25.829,4,16,1
L:\Comic Archives\W\Singles\The Walking Dead - Survivors' Guide (2011)\The Walking Dead - Survivors' Guide #004.cbz,21717551,new,139.82,45.193,71.509,17.862,4,16,1
L:\Comic Archives\W\Singles\The Walking Dead - The Governor Special (2012)\The Walking Dead - The Governor Special (2012).cbz,31891434,new,297.293,67.197,195.183,30.595,4,12,1
L:\Comic Archives\W\Singles\The War Machine (2013)\The War Machine (2013).cbz,66169203,new,160.574,42.896,68.716,44.156,4,13,1
L:\Comic Archives\W\Singles\The Wastelands Rahu (2013)\The Wastelands Rahu (2013).cbz,132927435,new,172.892,25.24,112.657,30.34,4,12,1
L:\Comic Archives\W\Singles\The Wednesday Conspiracy (2010)\The Wednesday Conspiracy (2010).cbz,274269979,new,239.116,25.462,140.268,69.178,4,12,1
L:\Comic Archives\W\Singles\The Weeping Star (2023)\The Weeping Star (2023).cbz,177310166,new,497.826,91.296,136.306,265.801,4,12,1
L:\Comic Archives\W\Singles\The Whispering Dark (2019)\The Whispering Dark (2019).cbz,146711215,new,262.976,49.506,134.617,73.185,4,13,1
L:\Comic Archives\W\Singles\The White Room of the Asylum (2014)\The White Room of the Asylum (2014).cbz,117682362,new,216.248,83.308,86.503,39.175,4,17,1
L:\Comic Archives\W\Singles\The White Trees - A Blacksand Tale (2024)\The White Trees - A Blacksand Tale (2024).cbz,129801439,new,247.955,26.41,184.715,31.882,4,13,1
L:\Comic Archives\W\Singles\The Wicked West (2004)\The Wicked West (2004).cbz,135298945,new,259.35,80.258,138.264,34.476,4,16,1
L:\Comic Archives\W\Singles\The Witches of World War II (2023)\The Witches of World War II (2023).cbz,132708958,new,206.036,21.607,125.702,53.816,4,13,1
L:\Comic Archives\W\Singles\The Witching Hour (2013)\The Witching Hour (2013).cbz,172979662,new,214.311,22.373,148.788,37.502,4,17,1
L:\Comic Archives\W\Singles\The World Book of Records (2018)\The World Book of Records (2018).cbz,44339319,new,181.195,28.721,98.959,49.308,4,12,1
L:\Comic Archives\W\Singles\The World of Cyberpunk 2077 [2020]\The World of Cyberpunk 2077 (2020).cbz,243662051,new,172.64,19.396,124.482,23.906,4,13,1
L:\Comic Archives\W\Singles\The Worst Dudes (2022)\The Worst Dudes (2022).cbz,167527535,new,208.486,22.922,149.935,30.241,4,14,1
L:\Comic Archives\W\Singles\The Wrenchies (2014)\The Wrenchies (2014).cbz,339976052,new,155.622,21.135,100.014,30.098,4,12,1
L:\Comic Archives\W\Singles\The Wright Brothers (2011)\The Wright Brothers (2011).cbz,145554030,new,237.851,26.377,152.095,54.713,4,13,1
L:\Comic Archives\W\Singles\The Wrong Night in Texas (2019)\The Wrong Night in Texas (2019).cbz,158235041,new,233.69,20.736,174.63,33.719,4,13,1
L:\Comic Archives\W\Singles\WE3 [2005]\WE3 (2005).cbz,97045805,new,303.85,99.724,145.759,54.132,4,12,1
L:\Comic Archives\W\Singles\Waiting for the End (2025)\Waiting for the End (2025).cbz,84108614,new,338.386,24.235,270.61,37.704,4,14,1
L:\Comic Archives\W\Singles\Waldo's Hawaiian Holiday (2008)\Waldo's Hawaiian Holiday (2008).cbz,61907091,new,132.032,48.405,41.073,36.918,4,16,1
L:\Comic Archives\W\Singles\Walk of the Dead (2016)\Walk of the Dead (2016).cbz,67951681,new,224.645,21.988,148.756,48.776,4,14,1
L:\Comic Archives\W\Singles\Walking Wounded - Uncut Stories from Iraq (2015)\Walking Wounded - Uncut Stories from Iraq (2015).cbz,207732636,new,481.686,95.407,323.818,57.424,4,14,1
L:\Comic Archives\W\Singles\Wannsee (2018)\Wannsee (2018).cbz,50346759,new,222.634,80.383,92.321,45.382,4,13,1
L:\Comic Archives\W\Singles\War Angels (2020)\War Angels (2020).cbz,207475084,new,247.306,24.174,171.741,45.255,4,17,1
L:\Comic Archives\W\Singles\War Of The Worlds - Blood Of Mars (2024)\War Of The Worlds - Blood Of Mars (2024).cbz,122198649,new,263.364,86.181,152.035,20.574,4,13,1
L:\Comic Archives\W\Singles\War Of The Worlds - The Graphic Novel (2022)\War Of The Worlds - The Graphic Novel (2022).cbz,133927045,new,197.483,27.719,139.639,25.216,4,15,1
L:\Comic Archives\W\Singles\War for the Planet of the Apes (2018)\War for the Planet of the Apes (2018).cbz,195196159,new,206.835,35.382,138.803,26.321,4,14,1
L:\Comic Archives\W\Singles\Warriors Of Troy Collected (2013)\Warriors Of Troy Collected (2013).cbz,153870387,new,232.888,21.913,159.397,45.555,4,17,1
L:\Comic Archives\W\Singles\Wasted Lands Omnibus [2014]\Wasted Lands Omnibus (2014).cbz,157806896,new,188.25,24.051,125.643,33.814,4,13,1
L:\Comic Archives\W\Singles\Watchmen New Edition (2019)\Watchmen New Edition (2019).cbz,553279623,new,207.771,32.011,118.427,52.698,4,14,1
L:\Comic Archives\W\Singles\Watership Down (2023)\Watership Down (2023).cbz,260721704,new,164.021,31.055,93.511,33.151,4,17,1
L:\Comic Archives\W\Singles\We Called Them Giants (2024)\We Called Them Giants (2024).cbz,181318375,new,286.153,28.695,199.082,53.977,4,12,1
L:\Comic Archives\W\Singles\We Served the People - My Mother's Stories (2020)\We Served the People - My Mother's Stories (2020).cbz,346120031,new,573.667,34.925,492.78,41.41,4,13,1
L:\Comic Archives\W\Singles\We Stand On Guard (2016)\We Stand On Guard (2016).cbz,451212521,new,276.336,48.337,190.007,33.706,4,12,1
L:\Comic Archives\W\Singles\We'll Soon Be Home Again (2020)\We'll Soon Be Home Again (2020).cbz,75983834,new,322.655,82.849,195.533,39.755,4,13,1
L:\Comic Archives\W\Singles\Weapon of God (2013)\Weapon of God (2013).cbz,126609143,new,273.862,53.1,179.851,35.09,4,15,1
L:\Comic Archives\W\Singles\Weapons of Mass Diplomacy (2014)\Weapons of Mass Diplomacy (2014).cbz,243707137,new,269.647,87.759,149.692,26.878,4,14,1
L:\Comic Archives\W\Singles\Wendigo (2024)\Wendigo (2024).cbz,116909333,new,208.508,28.182,124.439,51.282,4,13,1
L:\Comic Archives\W\Singles\Werewolves Of Montpellier [2010]\Werewolves Of Montpellier (2010).cbz,46153955,new,173.551,29.553,111.102,28.499,4,12,1
L:\Comic Archives\W\Singles\Wet Hot American Summer (2018)\Wet Hot American Summer (2018).cbz,171201378,new,222.807,22.111,156.862,38.581,4,13,1
L:\Comic Archives\W\Singles\What We Wished For (2024)\What We Wished For (2024).cbz,151908563,new,195.281,26.97,124.921,38.434,4,13,1
L:\Comic Archives\W\Singles\Whatzit #01 (2020)\Whatzit #01 (2020).cbz,103700182,new,256.099,22.038,207.947,19.661,4,16,1
L:\Comic Archives\W\Singles\When the Wind Blows (1982)\When the Wind Blows (1982).cbz,48854685,new,132.601,38.45,52.877,36.541,4,13,1
L:\Comic Archives\W\Singles\Where Monsters Lie (2023)\Where Monsters Lie (2023).cbz,308069471,new,313.049,26.139,247.842,34.279,4,12,1
L:\Comic Archives\W\Singles\Where The Body Was (2024)\Where The Body Was (2024).cbz,256450003,new,206.505,111.605,58.328,32.168,4,12,1
L:\Comic Archives\W\Singles\Where We Live - Las Vegas Shooting Benefit Anthology (2018)\Where We Live - Las Vegas Shooting Benefit Anthology (2018).cbz,144705601,new,151.716,32.883,58.221,55.454,4,16,1
L:\Comic Archives\W\Singles\Where the Witches Lurk (2015)\Where the Witches Lurk (2015).cbz,145396864,new,458.692,14.52,145.801,293.248,4,14,1
L:\Comic Archives\W\Singles\Whispers in the Walls (2012)\Whispers in the Walls (2012).cbz,70648629,new,161.869,43.764,43.948,69.007,4,14,1
L:\Comic Archives\W\Singles\Whistleblowers - Four Who Fought to Expose the Holocaust to America (2024)\Whistleblowers - Four Who Fought to Expose the Holocaust to America (2024).cbz,256387657,new,223.614,23.464,135.116,59.78,4,13,1
L:\Comic Archives\W\Singles\White Death (2014)\White Death (2014).cbz,215307048,new,273.692,24.975,206.905,37.335,4,12,1
L:\Comic Archives\W\Singles\White House Robot Romance (2025)\White House Robot Romance (2025).cbz,54338963,new,151.876,80.015,46.162,21.351,4,12,1
L:\Comic Archives\W\Singles\White Knuckle (2012)\White Knuckle (2012).cbz,53689816,new,131.44,30.751,74.388,21.616,4,12,1
L:\Comic Archives\W\Singles\White Trash (2015)\White Trash (2015).cbz,272441099,new,289.972,17.978,240.153,27.484,4,12,1
L:\Comic Archives\W\Singles\Whore (2012)\Whore (2012).cbz,157305020,new,164.646,35.666,82.247,41.649,4,14,1
L:\Comic Archives\W\Singles\Why Are You Like This (2023)\Why Are You Like This (2023).cbz,31665141,new,97.213,28.333,36.724,27.504,4,13,1
L:\Comic Archives\W\Singles\Wifwulf (2024)\Wifwulf (2024).cbz,293298084,new,288.006,21.745,230.845,30.068,4,15,1
L:\Comic Archives\W\Singles\Wild Bull & Chipper (2021)\Wild Bull & Chipper (2021).cbz,23017526,new,215.261,35.822,135.974,38.03,4,13,1
L:\Comic Archives\W\Singles\Wild Children (2012) HQ\Wild Children (2012) HQ.cbz,56953025,new,181.158,22.951,114.039,39.403,4,12,1
L:\Comic Archives\W\Singles\Wiper (2022)\Wiper (2022).cbz,170230809,new,188.899,27.179,129.5,26.722,4,16,1
L:\Comic Archives\W\Singles\Wire Hangers (2010)\Wire Hangers (2010).cbz,154974705,new,148.349,27.841,81.294,34.688,4,13,1
L:\Comic Archives\W\Singles\Witchland (2024)\Witchland (2024).cbz,109976043,new,238.413,26.626,175.828,30.858,4,14,1
L:\Comic Archives\W\Singles\Without Warning! (2014)\Without Warning! (2014).cbz,23777390,new,237.56,84.445,119.757,27.491,4,16,1
L:\Comic Archives\W\Singles\Wizard Beach (2019)\Wizard Beach (2019).cbz,289101478,new,207.341,22.823,155.525,24.692,4,12,1
L:\Comic Archives\W\Singles\Wizzywig [2012]\Wizzywig (2012).cbz,282157856,new,222.61,25.099,126.886,66.354,4,12,1
L:\Comic Archives\W\Singles\WolfWalkers (2020)\WolfWalkers (2020).cbz,161102566,new,222.509,91.84,91.977,33.936,4,13,1
L:\Comic Archives\W\Singles\Wool [2014]\Wool (2014).cbz,257902184,new,230.787,19.839,159.053,47.572,4,12,1
L:\Comic Archives\W\Singles\World Class (2022)\World Class (2022).cbz,237643084,new,313.634,90.919,180.01,37.384,4,14,1
L:\Comic Archives\W\Singles\World Without End - The Complete Collection (2016)\World Without End - The Complete Collection (2016).cbz,424492416,new,294.471,93.954,160.133,35.577,4,12,1
L:\Comic Archives\W\Singles\Worpspeed Comix (2024)\Worpspeed Comix (2024).cbz,42681275,new,207.127,28.134,149.296,25.13,4,13,1
L:\Comic Archives\W\Singles\Wraith (2014)\Wraith (2014).cbz,357456912,new,215.888,29.297,154.403,28.001,4,12,1
L:\Comic Archives\W\Singles\Write It in Blood (2021)\Write It in Blood (2021).cbz,353463407,new,339.327,29.004,270.833,36.103,4,8,1
L:\Comic Archives\W\Singles\Wyrd (2020)\Wyrd (2020).cbz,172877216,new,295.587,73.685,175.224,42.475,4,12,1
L:\Comic Archives\X\Singles\XOC - Journey of a Great White (2012)\XOC - Journey of a Great White (2012).cbz,127743056,new,255.732,86.803,114.203,50.248,4,12,1
L:\Comic Archives\X\Singles\Xira (2025)\Xira (2025).cbz,203661264,new,233.42,14.98,172.07,40.512,4,18,1
L:\Comic Archives\Y\Series\Y - The Last Man [2003-2008]\Y - The Last Man #1 (2003).cbz,92261302,new,211.702,96.546,80.149,28.041,4,13,1
L:\Comic Archives\Y\Series\Y - The Last Man [2003-2008]\Y - The Last Man #10 (2003).cbz,103253183,new,129.629,19.245,78.531,27.518,4,12,1
L:\Comic Archives\Y\Series\Y - The Last Man [2003-2008]\Y - The Last Man #2 (2003).cbz,122455221,new,147.864,23.918,74.358,45.346,4,12,1
L:\Comic Archives\Y\Series\Y - The Last Man [2003-2008]\Y - The Last Man #3 (2003).cbz,89601369,new,135.341,24.467,76.497,29.939,4,12,1
L:\Comic Archives\Y\Series\Y - The Last Man [2003-2008]\Y - The Last Man #4 (2003).cbz,117450218,new,132.814,27.066,75.873,25.477,4,12,1
L:\Comic Archives\Y\Series\Y - The Last Man [2003-2008]\Y - The Last Man #5 (2003).cbz,97148954,new,148.284,23.582,93.277,27.19,4,12,1
L:\Comic Archives\Y\Series\Y - The Last Man [2003-2008]\Y - The Last Man #6 (2003).cbz,132935523,new,127.007,21.992,76.918,23.717,4,12,1
L:\Comic Archives\Y\Series\Y - The Last Man [2003-2008]\Y - The Last Man #7 (2003).cbz,83834693,new,146.076,27.412,79.919,34.189,4,12,1
L:\Comic Archives\Y\Series\Y - The Last Man [2003-2008]\Y - The Last Man #8 (2003).cbz,97957824,new,142.617,17.444,75.641,45.225,4,12,1
L:\Comic Archives\Y\Series\Y - The Last Man [2003-2008]\Y - The Last Man #9 (2003).cbz,102900167,new,154.796,20.618,75.442,54.444,4,12,1
L:\Comic Archives\Y\Series\Yojimbot (2021-2023)\Yojimbot - Vol #1 (2021).cbz,1100548072,new,604.667,22.646,539.61,37.666,4,13,1
L:\Comic Archives\Y\Series\Yojimbot (2021-2023)\Yojimbot - Vol #2 (2021).cbz,1123608118,new,693.071,128.619,524.325,35.887,4,12,1
L:\Comic Archives\Y\Series\Yojimbot (2021-2023)\Yojimbot - Vol #3 (2021).cbz,184848335,new,205.925,38.711,118.549,44.293,4,12,1
L:\Comic Archives\Y\Singles\The Year Of The Rabbit (2020)\The Year Of The Rabbit (2020).cbz,336052397,new,197.545,31.098,122.624,37.988,4,13,1
L:\Comic Archives\Y\Singles\Yallah Bye (2017)\Yallah Bye (2017).cbz,208425701,new,248.299,27.361,176.354,39.316,4,14,1
L:\Comic Archives\Y\Singles\Yazidi! (2023)\Yazidi! (2023).cbz,91683229,new,214.837,70.687,108.923,30.037,4,14,1
L:\Comic Archives\Y\Singles\Yellow (2024)\Yellow (2024).cbz,81155358,new,114.85,27.562,59.437,23.67,4,12,1
L:\Comic Archives\Y\Singles\You've Been Cancelled (2023)\You've Been Cancelled (2023).cbz,316153848,new,276.681,20.06,223.329,28.729,4,12,1
L:\Comic Archives\Y\Singles\Yucatan 1512 (2025)\Yucatan 1512 (2025).cbz,122713927,new,232.96,55.608,146.035,26.794,4,13,1
L:\Comic Archives\Y\Singles\Yug - The Chronicle of Prithvi (2025)\Yug - The Chronicle of Prithvi (2025).cbz,57642851,new,500.045,24.556,123.31,346.649,4,14,1
L:\Comic Archives\Z\Singles\The Zaucer Of Zilk (2013)\The Zaucer Of Zilk (2013).cbz,148239610,new,251.117,40.677,163.514,42.108,4,14,1
L:\Comic Archives\Z\Singles\Zahhak's Inferno (2023)\Zahhak's Inferno (2023).cbz,92103245,new,323.869,21.967,268.987,28.352,4,13,1
L:\Comic Archives\Z\Singles\Zombie Cop (2025)\Zombie Cop (2025).cbz,126692634,new,372.059,64.124,264.327,38.264,4,15,1
L:\Comic Archives\Z\Singles\Zombie Tramp - Vol (2013)\Zombie Tramp - Vol (2013).cbz,89334480,new,203.412,36.147,136.635,25.853,4,13,1
L:\Comic Archives\Z\Singles\Zombie Tramp - Year One (2016)\Zombie Tramp - Year One (2016).cbz,266079505,new,288.76,55.291,193.343,34.946,4,13,1
L:\Comic Archives\Z\Singles\Zombie Warriors (2009)\Zombie Warriors (2009).cbz,142554128,new,249.14,54.804,160.915,28.758,4,13,1
L:\Comic Archives\Z\Singles\Zombierama - The Horror Show (2023)\Zombierama - The Horror Show (2023).cbz,121261794,new,176.519,27.522,118.19,25.061,4,16,1
L:\Comic Archives\Z\Singles\Zombies vs. Robots - Omnibus (2015)\Zombies vs. Robots - Omnibus (2015).cbz,917439072,new,214.268,54.883,126.908,27.7,4,14,1
L:\Comic Archives\Z\Singles\Zonzo (2017)\Zonzo (2017).cbz,74325097,new,315.984,42.828,227.725,40.852,4,13,1
